pair,score,n_mentions,n_contribs,member,party,state,chamber,is_current,first_contrib,last_contrib,first_mention,last_mention,sample_url,entity_id,bioguide
"VISA, INC. -> Steve Daines",97500.0,2,12,Steve Daines,Republican,MT,sen,1,2022-09-19,2025-12-18,2024-10-03,2025-03-28,https://www.daines.senate.gov/2025/03/28/daines-announces-bill-to-prevent-potential-terrorists-from-entering-the-united-states/,2204,D000618
SPACE EXPLORATION TECHNOLOGIES CORPORATION -> Ted Cruz,75000.0,4,5,Ted Cruz,Republican,TX,sen,1,2025-03-28,2025-09-19,2023-05-16,2025-04-16,https://www.cruz.senate.gov/newsroom/press-releases/sen-cruz-we-must-maintain-us-space-leadership-as-china-and-other-countries-seek-to-supplant-us,1895,C001098
CVS HEALTH (AND SUBSIDIARIES) -> Richard E. Neal,57500.0,2,12,Richard E. Neal,Democrat,MA,rep,1,2022-03-29,2025-12-17,2023-04-13,2025-07-17,https://neal.house.gov/2025/07/17/neal-democratic-health-leaders-urge-insurers-to-cover-vaccines/,668,N000015
SPACE EXPLORATION TECHNOLOGIES CORPORATION -> Vince Fong,52500.0,2,11,Vince Fong,Republican,CA,rep,1,2024-01-31,2025-10-14,2024-10-18,2025-03-18,https://fong.house.gov/media/press-releases/rep-vince-fong-calls-out-california-coastal-commission-political-bias,1895,F000480
GENERAL DYNAMICS CORPORATION -> Joe Courtney,45500.0,15,20,Joe Courtney,Democrat,CT,rep,1,2022-02-07,2025-12-09,2022-07-28,2025-12-10,https://courtney.house.gov/media-center/press-releases/rep-courtney-votes-pass-bipartisan-bill-expand-americans-access,919,C001069
"ENTERGY SERVICES, LLC -> Troy A. Carter",45200.0,5,25,Troy A. Carter,Democrat,LA,rep,1,2022-02-02,2025-12-15,2023-10-19,2025-01-10,https://troycarter.house.gov/media/press-releases/congressman-troy-carter-sr-statement-passing-daniel-f-packer-jr,785,C001125
BOEING COMPANY -> Mark R. Warner,45000.0,4,37,Mark R. Warner,Democrat,VA,sen,1,2022-04-12,2025-11-14,2022-05-05,2026-02-12,https://www.warner.senate.gov/public/index.cfm/pressreleases?ID=FE9092C4-A98A-4FC8-986B-0783E86C6E46,406,W000805
BOEING COMPANY -> Adam Smith,44500.0,6,17,Adam Smith,Democrat,WA,rep,1,2022-03-01,2025-11-14,2024-05-09,2024-11-06,https://adamsmith.house.gov/news/press-releases/rep-smith-statement-stalled-labor-negotiations-between-boeing-and-union-workers,406,S000510
PACIFIC GAS AND ELECTRIC COMPANY (FORMERLY PG&E CORPORATION) -> Mike Thompson,43000.0,19,16,Mike Thompson,Democrat,CA,rep,1,2022-04-08,2025-10-13,2022-11-21,2025-09-23,https://mikethompson.house.gov/newsroom/press-releases/thompson-steube-panetta-lamalfa-introduce-bipartisan-bill-extending-federal,1550,T000460
SPACE EXPLORATION TECHNOLOGIES CORPORATION -> John Cornyn,42500.0,3,9,John Cornyn,Republican,TX,sen,1,2023-09-22,2025-04-11,2024-12-19,2026-01-12,https://www.cornyn.senate.gov/news/video-cornyn-outlines-priorities-for-doge-pentagon-reforms/,1895,C001056
AMERICAN ISRAEL PUBLIC AFFAIRS COMMITTEE -> Maria Elvira Salazar,41300.0,2,11,Maria Elvira Salazar,Republican,FL,rep,1,2022-04-14,2024-09-24,2023-12-06,2023-12-06,https://salazar.house.gov/media/press-releases/salazar-introduces-legislation-address-antisemitism-united-states,194,S000168
"VISA, INC. -> Richard Hudson",41000.0,2,7,Richard Hudson,Republican,NC,rep,1,2023-12-14,2025-08-20,2024-02-23,2025-02-11,https://hudson.house.gov/press-releases/reps-hudson-moore-barr-introduce-legislation-to-stop-unconstitutional-tracking-of,2204,H001067
BOEING COMPANY -> Lindsey Graham,40900.0,5,17,Lindsey Graham,Republican,SC,sen,1,2022-04-12,2025-10-27,2022-04-22,2025-05-14,https://www.lgraham.senate.gov/public/index.cfm/press-releases?ID=F89DACBE-E963-460F-9F88-4FBE77A0E125,406,G000359
"CREDIT UNION NATIONAL ASSOCIATION, INC. DBA AMERICA'S CREDIT UNIONS -> Andy Barr",40000.0,3,8,Andy Barr,Republican,KY,rep,1,2022-09-12,2025-12-15,2023-12-15,2025-05-03,https://barr.house.gov/press-releases?ID=B168D678-0C8F-4766-B711-1C51D5C74372,644,B001282
"TRANSPORT WORKERS UNION OF AMERICA, AFL-CIO -> Brian K. Fitzpatrick",40000.0,2,8,Brian K. Fitzpatrick,Republican,PA,rep,1,2022-03-17,2025-09-17,2022-04-07,2024-05-17,https://fitzpatrick.house.gov/2024/5/fitzpatrick-cartwright-reintroduce-bill-to-protect-the-rights-of-public-employees,2088,F000466
"AMAZON.COM SERVICES, INC. -> Mark R. Warner",39200.0,5,17,Mark R. Warner,Democrat,VA,sen,1,2022-09-12,2025-09-29,2023-08-16,2025-03-25,https://www.warner.senate.gov/public/index.cfm/pressreleases?ID=E4C382BD-E6B4-4330-84A5-5382791B8FC8,125,W000805
BOEING COMPANY -> Rick Larsen,39000.0,12,14,Rick Larsen,Democrat,WA,rep,1,2022-01-13,2025-11-14,2022-01-31,2026-02-11,https://larsen.house.gov/news/documentsingle.aspx?DocumentID=4106,406,L000560
COMCAST CORPORATION -> Doris O. Matsui,39000.0,5,17,Doris O. Matsui,Democrat,CA,rep,1,2022-04-28,2025-12-16,2023-10-27,2025-03-31,https://matsui.house.gov/media/in-the-news/west-sacramento-news-ledger-community-thanked-during-state-city,586,M001163
"ELEVANCE HEALTH, INC. (FORMERLY REPORTED AS ANTHEM, INC.) -> Richard E. Neal",37500.0,2,9,Richard E. Neal,Democrat,MA,rep,1,2022-04-28,2025-09-08,2023-04-13,2025-07-17,https://neal.house.gov/2025/07/17/neal-democratic-health-leaders-urge-insurers-to-cover-vaccines/,757,N000015
"VISA, INC. -> Richard E. Neal",37500.0,4,10,Richard E. Neal,Democrat,MA,rep,1,2022-03-24,2025-04-22,2022-03-17,2024-05-15,https://neal.house.gov/2024/05/15/news-documentsingle-aspx-documentid-3954/,2204,N000015
GENERAL DYNAMICS CORPORATION -> Richard E. Neal,37000.0,5,13,Richard E. Neal,Democrat,MA,rep,1,2022-02-01,2025-12-02,2022-07-14,2024-12-11,https://neal.house.gov/2024/12/11/news-documentsingle-aspx-documentid-4092/,919,N000015
"HUNTINGTON INGALLS INDUSTRIES, INC. (FKA HUNTINGTON INGALLS INCORPORATED) -> Roger F. Wicker",37000.0,2,18,Roger F. Wicker,Republican,MS,sen,1,2022-03-21,2025-10-22,2023-12-14,2024-03-05,https://www.wicker.senate.gov/2024/3/senator-wicker-visits-gulf-coast-shipyards-with-navy-marine-corps-leadership,1035,W000437
"NATIONAL SHOOTING SPORTS FOUNDATION, INC. -> Richard Hudson",37000.0,12,9,Richard Hudson,Republican,NC,rep,1,2022-04-06,2025-08-20,2023-01-17,2025-03-28,https://hudson.house.gov/press-releases/what-they-are-saying-hudson-introduces-concealed-carry-reciprocity-opposes-latest,1426,H001067
VERIZON COMMUNICATIONS INC. AND VARIOUS SUBSIDIARIES -> Doris O. Matsui,37000.0,3,9,Doris O. Matsui,Democrat,CA,rep,1,2022-04-21,2025-06-19,2022-10-27,2024-05-06,https://matsui.house.gov/media/press-releases/matsui-and-guthrie-urge-biden-administration-review-federal-receiver,2194,M001163
"VISA, INC. -> Kevin Cramer",37000.0,7,9,Kevin Cramer,Republican,ND,sen,1,2022-06-22,2025-11-13,2023-09-06,2024-04-23,https://www.cramer.senate.gov/news/press-releases/sens-cramer-hickenlooper-introduce-legislation-to-eliminate-ineffective-per-country-visa-caps-prioritize-merit-based-immigration,2204,C001096
NATIONAL ASSOCIATION OF BROADCASTERS -> Margaret Wood Hassan,36250.0,2,13,Margaret Wood Hassan,Democrat,NH,sen,1,2022-06-27,2025-12-31,2023-03-09,2023-10-20,https://www.hassan.senate.gov/news/press-releases/shaheen-hassan-join-group-of-senators-to-urge-fcc-to-improve-access-to-local-journalism,1368,H001076
NCTA - THE INTERNET & TELEVISION ASSOCIATION (FKA NAT'L CABLE & TELECOM ASSOC.) -> Doris O. Matsui,35500.0,8,11,Doris O. Matsui,Democrat,CA,rep,1,2022-06-02,2025-12-30,2023-05-22,2024-04-26,https://matsui.house.gov/media/in-the-news/communications-daily-thune-and-latta-skeptical-white-house-call-6b-supplemental,1437,M001163
"CREDIT UNION NATIONAL ASSOCIATION, INC. DBA AMERICA'S CREDIT UNIONS -> Tom Emmer",35000.0,2,7,Tom Emmer,Republican,MN,rep,1,2022-02-10,2025-02-28,2025-03-06,2025-07-17,https://emmer.house.gov/media-center/press-releases/majority-whip-tom-emmer-s-flagship-legislation-the-anti-cbdc-surveillance-state-act-passes-house-of-representatives,644,E000294
"ELEVANCE HEALTH, INC. (FORMERLY REPORTED AS ANTHEM, INC.) -> Angus S. King, Jr.",35000.0,2,8,"Angus S. King, Jr.",Independent,ME,sen,1,2022-06-01,2025-12-01,2023-08-10,2023-11-11,https://www.king.senate.gov/newsroom/press-releases/king-the-coast-guard-is-the-territory-of-the-brave,757,K000383
GENERAL DYNAMICS CORPORATION -> Jack Reed,35000.0,11,15,Jack Reed,Democrat,RI,sen,1,2022-02-23,2025-12-11,2023-06-06,2026-03-22,https://www.reed.senate.gov/news/releases/senedia-awarded-follow-on-contractfor-workforce-development,919,R000122
"HUMANA, INC. -> Richard E. Neal",35000.0,2,9,Richard E. Neal,Democrat,MA,rep,1,2022-07-21,2025-03-17,2023-04-13,2025-07-17,https://neal.house.gov/2025/07/17/neal-democratic-health-leaders-urge-insurers-to-cover-vaccines/,1030,N000015
"VISA, INC. -> Mark R. Warner",34000.0,14,9,Mark R. Warner,Democrat,VA,sen,1,2022-05-11,2025-03-17,2022-02-10,2025-09-29,https://www.warner.senate.gov/public/index.cfm/pressreleases?ID=FB2D5955-91F7-4BF7-954E-877A37EEBB69,2204,W000805
"CREDIT UNION NATIONAL ASSOCIATION, INC. DBA AMERICA'S CREDIT UNIONS -> Katie Boyd Britt",33500.0,2,8,Katie Boyd Britt,Republican,AL,sen,1,2022-03-10,2025-12-30,2025-10-22,2026-02-13,https://www.britt.senate.gov/news/press-releases/u-s-senators-katie-britt-tim-scott-john-kennedy-seek-modernization-to-law-targeting-illicit-financial-activity/,644,B001319
ELI LILLY AND COMPANY -> Tim Kaine,33500.0,2,11,Tim Kaine,Democrat,VA,sen,1,2022-03-29,2025-12-01,2024-01-02,2025-09-16,https://www.kaine.senate.gov/press-releases/warner-and-kaine-applaud-35-monthly-insulin-caps-by-largest-insulin-manufacturers-following-inflation-reduction-act-implementation,759,K000384
PACIFIC GAS AND ELECTRIC COMPANY (FORMERLY PG&E CORPORATION) -> Salud O. Carbajal,33000.0,6,12,Salud O. Carbajal,Democrat,CA,rep,1,2022-04-08,2025-11-11,2022-04-29,2023-04-19,https://carbajal.house.gov/news/documentsingle.aspx?DocumentID=1436,1550,C001112
AMERICAN ISRAEL PUBLIC AFFAIRS COMMITTEE -> Ronny Jackson,32900.0,2,7,Ronny Jackson,Republican,TX,rep,1,2022-02-10,2024-09-03,2022-03-31,2024-03-29,https://jackson.house.gov/news/documentsingle.aspx?DocumentID=976,194,J000304
EXXON MOBIL CORPORATION -> Lisa Murkowski,32750.0,5,9,Lisa Murkowski,Republican,AK,sen,1,2022-02-15,2025-04-25,2022-08-19,2025-06-12,https://www.murkowski.senate.gov/press/release/murkowski-sullivan-welcome-over-45-million-dot-grant-to-the-native-village-of-eyak-to-benefit-oil-spill-response-facility,824,M001153
BERKSHIRE HATHAWAY ENERGY -> John R. Curtis,32500.0,3,13,John R. Curtis,Republican,UT,sen,1,2022-03-24,2025-07-31,2025-04-18,2025-09-25,https://www.curtis.senate.gov/press-releases/what-they-are-saying-dozens-of-leaders-applaud-fix-our-forests-act,362,C001114
"CREDIT UNION NATIONAL ASSOCIATION, INC. DBA AMERICA'S CREDIT UNIONS -> Tim Scott",32500.0,2,7,Tim Scott,Republican,SC,sen,1,2022-09-21,2025-12-30,2024-03-20,2025-07-29,https://www.scott.senate.gov/media-center/press-releases/sens-scott-kennedy-introduce-bill-to-stop-biden-admins-big-government-lending-scheme/,644,S001184
GENERAL MOTORS COMPANY -> Lisa C. McClain,32500.0,3,12,Lisa C. McClain,Republican,MI,rep,1,2022-03-04,2025-03-03,2024-12-11,2025-12-03,https://mcclain.house.gov/2025/6/chairwoman-mcclain-joins-gm-for-major-auto-manufacturing-investment-announcement,923,M001136
UNION PACIFIC CORPORATION -> Deb Fischer,32500.0,2,12,Deb Fischer,Republican,NE,sen,1,2022-01-27,2025-03-10,2025-07-29,2025-12-19,https://www.fischer.senate.gov/public/index.cfm/news?ID=FFB95124-F789-4360-8B8E-249CA251CBF6,2136,F000463
"VISA, INC. -> Andy Barr",32500.0,2,8,Andy Barr,Republican,KY,rep,1,2022-09-28,2025-11-13,2025-10-24,2026-03-03,https://barr.house.gov/press-releases?ID=9ADC88D6-60C9-4788-A14B-ADDB25A3A5B1,2204,B001282
AMERICAN ISRAEL PUBLIC AFFAIRS COMMITTEE -> Bradley Scott Schneider,32100.0,3,10,Bradley Scott Schneider,Democrat,IL,rep,1,2022-02-10,2025-04-29,2022-01-10,2024-09-24,https://schneider.house.gov/media/press-releases/schneider-colleagues-launch-bipartisan-bicameral-abraham-accords-caucus,194,S001190
"HUNTINGTON INGALLS INDUSTRIES, INC. (FKA HUNTINGTON INGALLS INCORPORATED) -> Jack Reed",32000.0,5,12,Jack Reed,Democrat,RI,sen,1,2022-03-17,2025-12-11,2024-04-24,2026-03-22,https://www.reed.senate.gov/news/releases/reed-new-184b-navy-submarine-contract-to-boost-ri-workforce-and-help-safeguard-the-nation,1035,R000122
NATIONAL BUSINESS AVIATION ASSOCIATION INC -> Rick Larsen,32000.0,2,18,Rick Larsen,Democrat,WA,rep,1,2022-03-01,2025-12-09,2022-04-28,2022-06-13,https://larsen.house.gov/news/documentsingle.aspx?DocumentID=2667,1390,L000560
"HUNTINGTON INGALLS INDUSTRIES, INC. (FKA HUNTINGTON INGALLS INCORPORATED) -> Tim Kaine",31500.0,5,11,Tim Kaine,Democrat,VA,sen,1,2022-05-20,2025-09-18,2024-02-06,2025-04-30,https://www.kaine.senate.gov/press-releases/kaine-statement-on-vote-to-pass-national-security-supplemental,1035,K000384
"T-MOBILE USA, INC. -> Doris O. Matsui",31500.0,9,11,Doris O. Matsui,Democrat,CA,rep,1,2022-06-23,2025-12-04,2022-10-27,2023-12-05,https://matsui.house.gov/media/press-releases/matsui-opening-remarks-communications-and-technology-subcommittee-hearing-fcc,1951,M001163
NORTHROP GRUMMAN CORPORATION -> Ted Lieu,31000.0,2,11,Ted Lieu,Democrat,CA,rep,1,2022-05-24,2025-05-20,2022-03-14,2022-07-13,https://lieu.house.gov/media-center/press-releases/rep-lieu-praises-first-images-james-webb-space-telescope,1485,L000582
VERIZON COMMUNICATIONS INC. AND VARIOUS SUBSIDIARIES -> Yvette D. Clarke,31000.0,7,9,Yvette D. Clarke,Democrat,NY,rep,1,2022-06-17,2025-11-20,2024-04-08,2024-05-01,https://clarke.house.gov/rep-clarke-and-senator-welch-issue-statement-following-fcc-warning-nationwide-impact-of-final-month-for-acp/,2194,C001067
GENERAL DYNAMICS CORPORATION -> Seth Magaziner,30500.0,2,17,Seth Magaziner,Democrat,RI,rep,1,2022-09-27,2025-12-11,2023-07-12,2023-09-13,https://magaziner.house.gov/media/press-releases/rep-magaziner-urges-continued-investment-americas-submarine-fleet-house-floor,919,M001223
AMERICAN ISRAEL PUBLIC AFFAIRS COMMITTEE -> Brian K. Fitzpatrick,30000.0,4,8,Brian K. Fitzpatrick,Republican,PA,rep,1,2022-02-10,2025-04-22,2023-01-09,2024-08-20,https://fitzpatrick.house.gov/2024/8/fitzpatrick-colleagues-introduce-bipartisan-stand-with-israel-act-to-confront-bias,194,F000466
GENERAL DYNAMICS CORPORATION -> Mazie K. Hirono,30000.0,2,12,Mazie K. Hirono,Democrat,HI,sen,1,2022-02-22,2025-02-24,2023-02-22,2023-03-10,https://www.hirono.senate.gov/news/press-releases/photos-and-video-hirono-tours-general-dynamics-hsi-electric-boat-facility,919,H001042
"L3HARRIS TECHNOLOGIES, INC. -> Charles E. Schumer",30000.0,4,6,Charles E. Schumer,Democrat,NY,sen,1,2022-03-26,2025-03-28,2022-01-28,2025-01-23,https://www.schumer.senate.gov/newsroom/press-releases/schumer-morelle-announce-rochesters-l3harris-secures-marine-corp-radio-contract-worth-up-to-750-million-lawmakers-fought-so-l3harris-could-compete-for-multi-billion-contracts-and-now-marines-recognize-world-class-rochester-workforce-and-company-as-leading-cutting-edge-radio-manufacturer-,1181,S000148
"MICROSOFT CORPORATION -> Angus S. King, Jr.",30000.0,3,8,"Angus S. King, Jr.",Independent,ME,sen,1,2022-09-19,2025-12-08,2024-02-16,2024-07-30,https://www.king.senate.gov/newsroom/press-releases/senators-collins-king-join-bipartisan-bill-supporting-kids-online-safety-act,1318,K000383
NATIONAL ASSOCIATION OF BROADCASTERS -> John Barrasso,30000.0,2,6,John Barrasso,Republican,WY,sen,1,2022-07-06,2025-12-22,2023-03-09,2025-03-04,https://www.barrasso.senate.gov/newsroom-news-releases-barrasso-hassan-introduce-the-bipartisan-local-radio-freedom-act/,1368,B001261
NATIONAL ASSOCIATION OF BROADCASTERS -> Doris O. Matsui,30000.0,3,6,Doris O. Matsui,Democrat,CA,rep,1,2022-09-20,2025-06-25,2023-07-28,2023-09-14,https://matsui.house.gov/media/in-the-news/streamtv-insider-lawmakers-express-frustration-over-blackouts-fee-hikes-during,1368,M001163
NATIONAL THOROUGHBRED RACING ASSOCIATION -> Andy Barr,30000.0,6,7,Andy Barr,Republican,KY,rep,1,2022-07-14,2024-09-14,2023-04-27,2025-07-25,https://barr.house.gov/press-releases?ID=DCDB29E4-327E-4E14-85A5-165DCCA70871,1429,B001282
"TRANSPORT WORKERS UNION OF AMERICA, AFL-CIO -> Tammy Baldwin",30000.0,6,6,Tammy Baldwin,Democrat,WI,sen,1,2022-03-17,2025-08-21,2022-12-09,2026-02-13,https://www.baldwin.senate.gov/news/press-releases/senators-baldwin-duckworth-lead-bill-to-ensure-seat-size-other-real-life-conditions-are-considered-in-federal-aircraft-emergency-evacuation-standards,2088,B001230
"TRANSPORT WORKERS UNION OF AMERICA, AFL-CIO -> Robert Menendez",30000.0,3,9,Robert Menendez,Democrat,NJ,rep,1,2022-05-11,2024-01-30,2023-06-12,2026-01-27,https://menendez.house.gov/media/press-releases/reps-menendez-garbarino-and-garamendi-introduce-airline-employee-assault,2088,M001226
"TRANSPORT WORKERS UNION OF AMERICA, AFL-CIO -> Donald Norcross",30000.0,3,6,Donald Norcross,Democrat,NJ,rep,1,2022-07-27,2025-06-29,2022-07-20,2025-09-16,https://norcross.house.gov/press-releases?ID=F4766C5C-F0F1-4A43-B984-A491108E09CF,2088,N000188
"VISA, INC. -> Tim Kaine",30000.0,20,7,Tim Kaine,Democrat,VA,sen,1,2022-07-19,2025-03-28,2023-11-17,2026-03-25,https://www.kaine.senate.gov/press-releases/warner-kaine-colleagues-push-for-maximum-number-of-h-2b-work-visas-in-2025,2204,K000384
"VISA, INC. -> Mike Rounds",30000.0,3,6,Mike Rounds,Republican,SD,sen,1,2022-03-30,2025-03-17,2022-02-11,2024-10-30,https://www.rounds.senate.gov/newsroom/press-releases/rounds-manchin-lead-bipartisan-effort-to-protect-small-businesses-from-labor-shortages-,2204,R000605
AMERICAN OPTOMETRIC ASSOCIATION -> Kevin Cramer,29500.0,2,7,Kevin Cramer,Republican,ND,sen,1,2022-08-23,2025-09-25,2024-12-13,2025-05-12,https://www.cramer.senate.gov/news/press-releases/cramer-murphy-introduce-legislation-to-improve-vision-care-quality-protect-consumer-choice,201,C001096
NATIONAL ASSOCIATION OF BROADCASTERS -> Ted Cruz,29500.0,4,10,Ted Cruz,Republican,TX,sen,1,2022-09-29,2025-12-29,2022-09-22,2023-07-27,https://www.cruz.senate.gov/newsroom/press-releases/sens-cruz-and-markey-send-bipartisan-letter-urging-automakers-to-keep-am-radio-in-vehicles,1368,C001098
AMERICAN ISRAEL PUBLIC AFFAIRS COMMITTEE -> Lois Frankel,29200.0,3,9,Lois Frankel,Democrat,FL,rep,1,2022-02-10,2025-05-14,2023-06-07,2024-02-14,https://frankel.house.gov/news/documentsingle.aspx?DocumentID=3666,194,F000462
AMERICAN ISRAEL PUBLIC AFFAIRS COMMITTEE -> David Kustoff,29200.0,2,9,David Kustoff,Republican,TN,rep,1,2022-02-07,2025-05-27,2023-02-09,2025-01-14,https://kustoff.house.gov/media/press-releases/reps-kustoff-gottheimer-reintroduce-bipartisan-legislation-expose-corruption,194,K000392
"BAE SYSTEMS, INC. -> Scott H. Peters",28500.0,3,12,Scott H. Peters,Democrat,CA,rep,1,2022-01-26,2025-09-25,2023-07-10,2024-04-17,https://scottpeters.house.gov/press-releases/rep-peters-secures-san-diego-defense-priorities-votes-for-national-defense-authorization-act,327,P000608
MICROSOFT CORPORATION -> Mark R. Warner,28500.0,14,7,Mark R. Warner,Democrat,VA,sen,1,2022-03-29,2025-04-07,2022-05-25,2026-03-25,https://www.warner.senate.gov/public/index.cfm/pressreleases?ID=E4C382BD-E6B4-4330-84A5-5382791B8FC8,1318,W000805
VERIZON COMMUNICATIONS INC. AND VARIOUS SUBSIDIARIES -> Marsha Blackburn,28000.0,3,8,Marsha Blackburn,Republican,TN,sen,1,2022-03-25,2025-05-29,2025-10-10,2026-02-12,https://www.blackburn.senate.gov/2026/2/immigration/video-blackburn-calls-out-democrats-for-siding-with-criminal-illegal-aliens-recaps-arctic-frost-hearing,2194,B001243
"AMAZON.COM SERVICES, INC. -> Tim Kaine",27800.0,3,14,Tim Kaine,Democrat,VA,sen,1,2023-08-25,2025-09-09,2023-11-08,2025-07-31,https://www.kaine.senate.gov/press-releases/warner-and-kaine-statement-on-gsas-fbi-relocation-decision,125,K000384
AMERICAN FINANCIAL SERVICES ASSOCIATION -> Andy Barr,27500.0,2,8,Andy Barr,Republican,KY,rep,1,2022-07-05,2025-03-06,2023-12-15,2025-05-03,https://barr.house.gov/press-releases?ID=B168D678-0C8F-4766-B711-1C51D5C74372,177,B001282
"CREDIT UNION NATIONAL ASSOCIATION, INC. DBA AMERICA'S CREDIT UNIONS -> Joyce Beatty",27500.0,2,9,Joyce Beatty,Democrat,OH,rep,1,2022-03-10,2025-12-15,2022-12-23,2025-06-05,https://beatty.house.gov/media-center/press-releases/partnering-for-prosperity-beatty-boosts-small-financial-institutions-nationwide,644,B001281
"CREDIT UNION NATIONAL ASSOCIATION, INC. DBA AMERICA'S CREDIT UNIONS -> Kevin Cramer",27500.0,2,7,Kevin Cramer,Republican,ND,sen,1,2022-07-18,2025-12-15,2024-03-20,2024-04-09,https://www.cramer.senate.gov/news/press-releases/senators-introduce-resolution-of-disapproval-on-cfpb-credit-card-late-penalty-final-rule,644,C001096
MICROSOFT CORPORATION -> Jeanne Shaheen,27500.0,2,6,Jeanne Shaheen,Democrat,NH,sen,1,2022-03-29,2025-08-28,2024-08-09,2024-12-03,https://www.shaheen.senate.gov/news/press/shaheen-scott-call-on-big-tech-ceos-to-adopt-programs-cracking-down-on-the-spread-of-non-consensual-intimate-imagery-on-online-platforms,1318,S001181
MICROSOFT CORPORATION -> Todd Young,27500.0,2,7,Todd Young,Republican,IN,sen,1,2022-05-31,2025-09-05,2024-02-15,2025-02-14,https://www.young.senate.gov/newsroom/press-releases/young-op-ed-a-tech-power-playbook-for-donald-trump-2-0/,1318,Y000064
NORFOLK SOUTHERN CORPORATION -> Roger F. Wicker,27500.0,2,8,Roger F. Wicker,Republican,MS,sen,1,2022-07-05,2025-06-04,2024-08-27,2024-10-22,https://www.wicker.senate.gov/2024/8/senator-wicker-highlights-economic-importance-of-amtrak-returning-to-the-gulf-coast,1478,W000437
"TRANSPORT WORKERS UNION OF AMERICA, AFL-CIO -> Maxwell Frost",27500.0,3,10,Maxwell Frost,Democrat,FL,rep,1,2022-07-27,2025-06-29,2024-05-23,2025-09-09,https://frost.house.gov/media/press-releases/congressman-maxwell-frost-unveils-legislation-to-deliver-faster-more-pleasant-and-reliable-public-transit-nationwide_the-faster-buses-better-futures-act,2088,F000476
AMERICAN ISRAEL PUBLIC AFFAIRS COMMITTEE -> Vern Buchanan,27100.0,2,7,Vern Buchanan,Republican,FL,rep,1,2022-04-14,2024-09-16,2024-05-09,2025-01-23,https://buchanan.house.gov/2025/1/buchanan-introduces-bill-to-bolster-u-s-israel-healthcare-partnership,194,B001260
AMERICAN ISRAEL PUBLIC AFFAIRS COMMITTEE -> Claudia Tenney,27100.0,4,7,Claudia Tenney,Republican,NY,rep,1,2022-04-14,2024-09-16,2023-04-13,2025-08-07,https://tenney.house.gov/media/press-releases/congresswoman-tenneys-resolution-urging-european-union-designate-irgc,194,T000478
MICROSOFT CORPORATION -> Kevin Cramer,26000.0,2,6,Kevin Cramer,Republican,ND,sen,1,2022-09-29,2025-12-08,2024-12-09,2025-01-28,https://www.cramer.senate.gov/news/press-releases/cramer-questions-industry-executives-on-defense-innovation-and-acquisition-reform,1318,C001096
MICROSOFT CORPORATION -> Jerry Moran,26000.0,3,9,Jerry Moran,Republican,KS,sen,1,2022-05-22,2025-12-21,2023-11-02,2024-05-23,https://www.moran.senate.gov/public/index.cfm/news-releases?ID=EA14D5FF-EA37-4C75-87CE-218927D505F8,1318,M000934
"AMAZON.COM SERVICES, INC. -> Jack Reed",25750.0,2,8,Jack Reed,Democrat,RI,sen,1,2022-03-23,2025-09-29,2025-05-29,2026-03-13,https://www.reed.senate.gov/news/releases/reed-warren-wyden-urge-investigation-to-determine-if-doge-employees-committed-criminal-violations-of-federal-ethics-laws,125,R000122
AMERICAN ISRAEL PUBLIC AFFAIRS COMMITTEE -> Ann Wagner,25700.0,2,9,Ann Wagner,Republican,MO,rep,1,2022-02-10,2025-03-25,2022-01-10,2022-06-09,https://wagner.house.gov/media-center/press-releases/wagner-colleagues-launch-abraham-accords-caucus,194,W000812
BOEING COMPANY -> Jerry Moran,25500.0,9,13,Jerry Moran,Republican,KS,sen,1,2022-03-29,2025-05-27,2023-06-02,2026-02-20,https://www.moran.senate.gov/public/index.cfm/news-releases?ID=F5A59BFE-6D25-4E4A-93B3-A893EEC2DD02,406,M000934
INTEL CORPORATION -> Troy Balderson,25500.0,7,9,Troy Balderson,Republican,OH,rep,1,2022-03-10,2025-03-14,2022-02-02,2024-03-20,https://balderson.house.gov/news/documentsingle.aspx?DocumentID=2628,1081,B001306
"ALASKA AIRLINES, INC. -> Rick Larsen",25000.0,2,6,Rick Larsen,Democrat,WA,rep,1,2022-06-23,2025-06-17,2022-02-03,2022-05-17,https://larsen.house.gov/news/documentsingle.aspx?DocumentID=2644,77,L000560
AMERICAN HOTEL & LODGING ASSOCIATION -> Margaret Wood Hassan,25000.0,2,8,Margaret Wood Hassan,Democrat,NH,sen,1,2022-03-24,2025-03-14,2024-12-03,2025-02-10,https://www.hassan.senate.gov/news/press-releases/hassan-cassidy-reintroduce-bill-to-connect-individuals-to-the-workforce,190,H001076
"BAE SYSTEMS, INC. -> Ashley Hinson",25000.0,2,13,Ashley Hinson,Republican,IA,rep,1,2022-07-26,2025-11-25,2022-11-01,2025-04-08,https://hinson.house.gov/media/press-releases/photos-rep-hinson-connects-iowans-across-linn-and-poweshiek-counties,327,H001091
CAPITAL ONE FINANCIAL CORPORATION -> Tim Kaine,25000.0,4,5,Tim Kaine,Democrat,VA,sen,1,2022-06-18,2025-11-11,2023-11-08,2024-03-07,https://www.kaine.senate.gov/press-releases/warner-and-kaine-statement-on-gsas-fbi-relocation-decision,455,K000384
"CREDIT UNION NATIONAL ASSOCIATION, INC. DBA AMERICA'S CREDIT UNIONS -> Ted Budd",25000.0,2,5,Ted Budd,Republican,NC,sen,1,2022-09-28,2025-12-30,2024-06-18,2025-07-31,https://www.budd.senate.gov/2025/07/31/senators-budd-scott-colleagues-introduce-bill-to-stop-federal-government-overreach-in-small-business-lending/,644,B001305
ELI LILLY AND COMPANY -> Todd Young,25000.0,5,6,Todd Young,Republican,IN,sen,1,2022-06-01,2025-10-06,2022-03-17,2026-03-05,https://www.young.senate.gov/newsroom/press-releases/young-op-ed-chips-act-tech-hubs-will-open-the-floodgates-for-9000-jobs-in-indiana/,759,Y000064
GENERAL ATOMICS -> John Hoeven,25000.0,11,8,John Hoeven,Republican,ND,sen,1,2022-02-28,2025-06-05,2022-08-16,2024-10-28,https://www.hoeven.senate.gov/news/news-releases/hoeven-working-to-expand-sda-mission-at-grand-forks-air-force-base-with-advanced-fire-control-operations,914,H001061
GENERAL MOTORS COMPANY -> Charles E. Schumer,25000.0,16,6,Charles E. Schumer,Democrat,NY,sen,1,2022-03-21,2025-04-29,2022-01-21,2025-06-04,https://www.schumer.senate.gov/newsroom/press-releases/schumer-the-houses-extreme-debt-ceiling-plan-is-a-gut-punch-to-upstate-ny-will-send-us-closer-to-default-and-jeopardizing-vital-programs-upstate-families-rely-on-senator-breaks-down-impacts-that-would-ripple-throughout-ny,923,S000148
"L3HARRIS TECHNOLOGIES, INC. -> Jim Banks",25000.0,2,7,Jim Banks,Republican,IN,sen,1,2022-04-19,2025-03-28,2025-05-21,2025-11-13,https://www.banks.senate.gov/news/press-releases/wtas-sen-banks-hosts-4th-annual-northeast-indiana-defense-summit-featuring-secretary-of-war-hegseth/,1181,B001299
"L3HARRIS TECHNOLOGIES, INC. -> Jeanne Shaheen",25000.0,2,6,Jeanne Shaheen,Democrat,NH,sen,1,2022-03-26,2025-04-09,2024-08-06,2026-02-03,https://www.shaheen.senate.gov/news/press/senior-member-of-us-senate-appropriations-committee-senator-shaheen-highlights-significant-new-hampshire-and-national-priorities-secured-in-committee-passed-government-funding-bills,1181,S001181
MICROSOFT CORPORATION -> Mazie K. Hirono,25000.0,3,7,Mazie K. Hirono,Democrat,HI,sen,1,2022-03-29,2025-12-21,2023-09-13,2025-12-04,https://www.hirono.senate.gov/news/press-releases/video-hirono-highlights-spread-of-disinformation-by-foreign-entities-in-wake-of-maui-wildfires,1318,H001042
NORTHROP GRUMMAN CORPORATION -> Kevin Cramer,25000.0,3,8,Kevin Cramer,Republican,ND,sen,1,2022-07-20,2025-06-25,2023-09-12,2026-03-30,https://www.cramer.senate.gov/news/press-releases/sen-cramer-questions-general-allvin-on-isr-capabilities-at-sasc-confirmation-hearing,1485,C001096
SPACE EXPLORATION TECHNOLOGIES CORPORATION -> Kevin Cramer,25000.0,2,5,Kevin Cramer,Republican,ND,sen,1,2023-03-15,2024-12-19,2025-03-27,2025-08-29,https://www.cramer.senate.gov/news/press-releases/cramer-secretary-of-the-air-force-dr-meink-visit-vandenberg-space-force-base-in-california,1895,C001096
"TRANSPORT WORKERS UNION OF AMERICA, AFL-CIO -> Michael Lawler",25000.0,5,7,Michael Lawler,Republican,NY,rep,1,2022-12-09,2025-09-30,2023-09-12,2025-08-22,https://lawler.house.gov/news/documentsingle.aspx?DocumentID=764,2088,L000599
"VISA, INC. -> Jerry Moran",25000.0,5,5,Jerry Moran,Republican,KS,sen,1,2022-10-21,2025-05-23,2023-02-23,2024-08-14,https://www.moran.senate.gov/public/index.cfm/news-releases?ID=D7E89904-4D30-428A-B3E7-FE49BEDB73CB,2204,M000934
"VISA, INC. -> Tim Scott",25000.0,13,5,Tim Scott,Republican,SC,sen,1,2022-08-31,2025-03-17,2022-05-12,2025-08-05,https://www.scott.senate.gov/media-center/press-releases/senator-tim-scott-announces-senate-banking-committee-republican-staff-director/,2204,S001184
WELLS FARGO & COMPANY -> Mark R. Warner,25000.0,2,8,Mark R. Warner,Democrat,VA,sen,1,2022-03-23,2025-09-24,2022-03-18,2023-06-08,https://www.warner.senate.gov/public/index.cfm/pressreleases?ID=46A32C16-6F56-4117-B129-84B7CFCFCE8A,2236,W000805
NUCOR CORPORATION -> Shelley Moore Capito,24732.9,7,7,Shelley Moore Capito,Republican,WV,sen,1,2022-03-31,2025-09-24,2023-10-20,2026-03-12,https://www.capito.senate.gov/news/press-releases/ranking-member-capito-opening-statement-at-hearing-with-us-army-corps-of-engineers-on-wrda-2024,1499,C001047
NATIONAL MINING ASSOCIATION -> John Barrasso,24600.0,5,11,John Barrasso,Republican,WY,sen,1,2023-03-31,2025-11-04,2022-09-29,2025-10-08,https://www.barrasso.senate.gov/newsroom-news-releases-barrasso-introduces-bill-to-repeal-book-minimum-tax/,1416,B001261
AMERICAN OPTOMETRIC ASSOCIATION -> John Boozman,24000.0,2,5,John Boozman,Republican,AR,sen,1,2022-03-08,2024-07-11,2024-04-09,2024-08-01,https://www.boozman.senate.gov/public/index.cfm/press-releases?ID=F3A027D5-8309-4C81-914D-AE520B11E633,201,B001236
BOEING COMPANY -> Chuck Grassley,24000.0,3,7,Chuck Grassley,Republican,IA,sen,1,2022-03-01,2025-03-24,2024-06-12,2025-09-17,https://www.grassley.senate.gov/news/news-releases/qanda-aviation-safety-must-come-first,406,G000386
"CREDIT UNION NATIONAL ASSOCIATION, INC. DBA AMERICA'S CREDIT UNIONS -> Scott Fitzgerald",24000.0,6,9,Scott Fitzgerald,Republican,WI,rep,1,2022-03-17,2025-02-28,2022-07-20,2025-06-26,https://fitzgerald.house.gov/media/press-releases/rep-fitzgeralds-halting-uncertain-methods-and-practices-supervision-humps-act,644,F000471
GENERAL MOTORS COMPANY -> Haley M. Stevens,24000.0,2,8,Haley M. Stevens,Democrat,MI,rep,1,2022-08-12,2025-03-10,2023-09-01,2025-07-24,https://stevens.house.gov/media/press-releases/us-representative-haley-stevens-d-mi-hosts-roundtable-industry-leaders-and,923,S001215
INTEL CORPORATION -> Suzanne Bonamici,24000.0,2,11,Suzanne Bonamici,Democrat,OR,rep,1,2022-03-21,2025-05-16,2024-03-22,2024-08-08,https://bonamici.house.gov/media/press-releases/second-anniversary-chips-and-science-act-lawmakers-urge-top-federal-officials,1081,B001278
UNION PACIFIC CORPORATION -> Chuck Grassley,24000.0,2,7,Chuck Grassley,Republican,IA,sen,1,2022-03-04,2025-06-23,2025-01-10,2025-07-16,https://www.grassley.senate.gov/news/news-releases/iowa-to-receive-over-15-million-from-grassley-backed-infrastructure-bill,2136,G000386
"NATIONAL SHOOTING SPORTS FOUNDATION, INC. -> John Barrasso",23500.0,2,7,John Barrasso,Republican,WY,sen,1,2023-03-14,2025-08-20,2023-09-07,2024-05-20,https://www.barrasso.senate.gov/newsroom-news-releases-barrasso-lummis-join-bill-to-repeal-unnecessary-tax-on-firearm-purchases/,1426,B001261
"PRUDENTIAL FINANCIAL, INC. -> Andy Barr",23500.0,3,7,Andy Barr,Republican,KY,rep,1,2022-02-10,2024-02-02,2023-01-12,2025-01-09,https://barr.house.gov/press-releases?ID=64C34D56-0091-43D9-BD29-67F2E1232488,1659,B001282
"BAE SYSTEMS, INC. -> Margaret Wood Hassan",23000.0,7,10,Margaret Wood Hassan,Democrat,NH,sen,1,2022-01-26,2025-11-25,2022-07-26,2023-12-13,https://www.hassan.senate.gov/news/press-releases/what-theyre-saying-nh-business-leaders-praise-senator-hassan-and-colleagues-innovation-and-competition-bill,327,H001076
NUCOR CORPORATION -> Charles E. Schumer,23000.0,2,5,Charles E. Schumer,Democrat,NY,sen,1,2022-09-28,2025-01-31,2024-05-20,2024-07-10,https://www.schumer.senate.gov/newsroom/press-releases/schumer-on-heels-of-biden-tripling-steel-tariffs-against-china-we-must-strike-while-the-iron-is-hot-and-close-the-mexican-steel-loophole-hurting-central-ny-businesses-like-nucor-standing-with-cny-steelworkers-schumer-launches-new-push-for-feds-to-stop-china_other-countries-laundering-steel-through-mexico-and-pushes-to-level-the-playing-field-for-american-made-steel--american-workers,1499,S000148
BOEING COMPANY -> Shelley Moore Capito,22500.0,3,11,Shelley Moore Capito,Republican,WV,sen,1,2022-06-28,2025-11-14,2024-04-24,2025-05-14,https://www.capito.senate.gov/news/press-releases/photos-capito-cuts-ribbon-on-aurora-flight-sciences-expansion-in-bridgeport,406,C001047
CENTENE CORPORATION -> Richard E. Neal,22500.0,2,6,Richard E. Neal,Democrat,MA,rep,1,2022-06-02,2025-05-15,2023-04-13,2025-07-17,https://neal.house.gov/2025/07/17/neal-democratic-health-leaders-urge-insurers-to-cover-vaccines/,476,N000015
CSX CORPORATION -> Mark R. Warner,22500.0,2,5,Mark R. Warner,Democrat,VA,sen,1,2022-08-19,2025-07-25,2022-08-09,2023-11-15,https://www.warner.senate.gov/public/index.cfm/pressreleases?ID=A36B4247-5D99-41C1-89F8-09789540F57E,658,W000805
GENERAL DYNAMICS CORPORATION -> Kevin Cramer,22500.0,5,13,Kevin Cramer,Republican,ND,sen,1,2022-06-03,2025-07-31,2024-09-02,2025-12-16,https://www.cramer.senate.gov/news/press-releases/dow-awards-more-than-39-million-contract-modification-for-space-operations-in-grand-forks,919,C001096
MICROSOFT CORPORATION -> Mike Rounds,22500.0,2,6,Mike Rounds,Republican,SD,sen,1,2022-07-29,2025-06-30,2023-09-12,2023-10-31,https://www.rounds.senate.gov/newsroom/press-releases/rounds-working-group-to-host-ai-discussion-on-workforce,1318,R000605
VERIZON COMMUNICATIONS INC. AND VARIOUS SUBSIDIARIES -> Chuck Grassley,22500.0,5,6,Chuck Grassley,Republican,IA,sen,1,2022-02-17,2025-05-01,2025-10-14,2026-03-24,https://www.grassley.senate.gov/news/news-releases/grassley-releases-new-arctic-frost-records-raising-additional-questions-about-jack-smiths-conduct-and-candor,2194,G000386
"VISA, INC. -> Charles E. Schumer",22500.0,4,7,Charles E. Schumer,Democrat,NY,sen,1,2022-11-30,2025-12-18,2023-12-05,2025-11-17,https://www.schumer.senate.gov/newsroom/press-releases/standing-with-north-country-businesses-being-crushed-by-trumps-tariff-war-as-new-yorkers-see-costs-skyrocket-by-4200-a-year-schumer-calls-to-end-trade-war-with-canada-and-demands-ny-house-republicans-immediately-take-up-bipartisan-senate-bill-to-stop-reckless-tariffs-and-restore-relations-with-neighbors-to-the-north,2204,S000148
WALMART INC. -> Katherine M. Clark,22500.0,2,9,Katherine M. Clark,Democrat,MA,rep,1,2022-09-27,2025-12-02,2023-03-29,2025-05-15,https://katherineclark.house.gov/press-releases?ID=DC278675-D1F0-4057-8B2E-6BD518E3C69D,2222,C001101
WELLS FARGO & COMPANY -> Jack Reed,22500.0,2,5,Jack Reed,Democrat,RI,sen,1,2022-06-28,2025-12-11,2024-04-18,2025-05-29,https://www.reed.senate.gov/news/releases/reed-warren-wyden-urge-investigation-to-determine-if-doge-employees-committed-criminal-violations-of-federal-ethics-laws,2236,R000122
BOEING COMPANY -> Wesley Bell,22350.0,2,12,Wesley Bell,Democrat,MO,rep,1,2024-10-31,2025-12-22,2025-11-13,2026-02-03,https://bell.house.gov/media/press-releases/statement-bell-celebrates-iam-district-837-boeing-contract-agreement,406,B001324
COMCAST CORPORATION -> Tim Kaine,22300.0,2,10,Tim Kaine,Democrat,VA,sen,1,2022-03-29,2025-02-26,2024-05-10,2025-10-09,https://www.kaine.senate.gov/press-releases/warner-kaine-colleagues-urge-major-utility-companies-to-prevent-penalties-service-shutoffs-for-federal-workers-during-shutdown,586,K000384
BOEING COMPANY -> Ann Wagner,22000.0,2,14,Ann Wagner,Republican,MO,rep,1,2022-02-07,2025-10-28,2025-03-21,2026-01-09,https://wagner.house.gov/media-center/press-releases/wagner-introduces-resolution-honoring-30-years-fa-18-super-hornets,406,W000812
"CREDIT UNION NATIONAL ASSOCIATION, INC. DBA AMERICA'S CREDIT UNIONS -> Vicente Gonzalez",22000.0,2,6,Vicente Gonzalez,Democrat,TX,rep,1,2022-06-27,2025-12-15,2025-01-16,2026-02-24,https://gonzalez.house.gov/media/press-releases/congressmen-vicente-gonzalez-brian-fitzpatrick-introduce-bipartisan-bill,644,G000581
NUCOR CORPORATION -> Carol D. Miller,22000.0,5,6,Carol D. Miller,Republican,WV,rep,1,2022-03-31,2025-12-19,2022-01-12,2025-09-17,https://miller.house.gov/media/press-releases/pictures-congresswoman-miller-visits-nucor-steel-mill-site,1499,M001205
ASTRAZENECA PHARMACEUTICALS LP -> Bill Cassidy,21500.0,2,9,Bill Cassidy,Republican,LA,sen,1,2022-03-22,2025-08-15,2024-09-11,2025-03-27,https://www.cassidy.senate.gov/newsroom/press-releases/cassidy-booker-heinrich-introduce-bill-to-protect-dialysis-patients/,307,C001075
CVS HEALTH (AND SUBSIDIARIES) -> Adrian Smith,21500.0,2,11,Adrian Smith,Republican,NE,rep,1,2023-06-15,2025-12-19,2023-03-23,2025-05-02,https://adriansmith.house.gov/media/press-releases/smith-schneider-harshbarger-matsui-reintroduce-bipartisan-bill-expand-seniors,668,S001172
GENERAL ATOMICS -> Jerry Moran,21500.0,2,6,Jerry Moran,Republican,KS,sen,1,2022-07-28,2025-09-10,2023-05-26,2024-12-20,https://www.moran.senate.gov/public/index.cfm/news-releases?ID=9F817522-1329-4EB0-858F-16D37BED27F0,914,M000934
GENERAL DYNAMICS CORPORATION -> John Hoeven,21500.0,2,11,John Hoeven,Republican,ND,sen,1,2022-06-20,2025-09-17,2023-08-07,2024-12-21,https://www.hoeven.senate.gov/news/news-releases/hoeven-space-force-awards-additional-10-million-to-test-and-develop-satellite-to-ground-secure-communications-network,919,H001061
"VISA, INC. -> Marsha Blackburn",21500.0,4,11,Marsha Blackburn,Republican,TN,sen,1,2022-05-24,2025-04-29,2024-10-30,2026-03-21,https://www.blackburn.senate.gov/2026/3/women/video-senate-democrats-block-blackburn-amendment-to-protect-girls-in-sports,2204,B001243
"CREDIT UNION NATIONAL ASSOCIATION, INC. DBA AMERICA'S CREDIT UNIONS -> Juan Vargas",21000.0,4,7,Juan Vargas,Democrat,CA,rep,1,2022-02-24,2025-12-15,2023-01-26,2025-02-05,https://vargas.house.gov/media/press-releases/vargas-huizenga-introduce-legislation-to-modernize-credit-union-boards,644,V000130
NATIONAL ASSOCIATION OF BROADCASTERS -> Gary C. Peters,21000.0,2,6,Gary C. Peters,Democrat,MI,sen,1,2022-09-20,2025-01-08,2024-04-19,2025-06-18,https://www.peters.senate.gov/newsroom/press-releases/peters-reintroduces-legislation-to-increase-diversity-of-ownership-in-broadcast-industry2025,1368,P000595
NORTHROP GRUMMAN CORPORATION -> John Hoeven,21000.0,10,8,John Hoeven,Republican,ND,sen,1,2022-03-25,2025-12-16,2022-08-24,2025-03-28,https://www.hoeven.senate.gov/news/news-releases/hoeven-sky-range-is-a-game-changer-for-hypersonic-missile-testing-builds-upon-partnerships-weve-brought-to-the-grand-forks-region,1485,H001061
NUCOR CORPORATION -> Frank J. Mrvan,21000.0,3,11,Frank J. Mrvan,Democrat,IN,rep,1,2022-03-31,2025-09-24,2022-07-20,2026-01-14,https://mrvan.house.gov/media/press-releases/mrvan-statement-congressional-steel-caucus-hearing-state-steel-industry-0,1499,M001214
SOLAR ENERGY INDUSTRIES ASSOCIATION -> Martin Heinrich,21000.0,3,5,Martin Heinrich,Democrat,NM,sen,1,2022-06-13,2025-12-16,2024-04-27,2026-01-28,https://www.heinrich.senate.gov/newsroom/press-releases/today-heinrich-to-chair-committee-hearing-on-american-manufacturing-boom,1876,H001046
VERIZON COMMUNICATIONS INC. AND VARIOUS SUBSIDIARIES -> Lindsey Graham,21000.0,2,6,Lindsey Graham,Republican,SC,sen,1,2023-09-13,2025-03-19,2025-10-31,2025-11-18,https://www.lgraham.senate.gov/public/index.cfm/press-releases?ID=B01201DF-6767-44FD-866E-F72214D839D4,2194,G000359
"ALTRIA CLIENT SERVICES, LLC -> Jennifer L. McClellan",20750.0,2,9,Jennifer L. McClellan,Democrat,VA,rep,1,2023-01-20,2025-11-19,2023-06-06,2023-06-07,https://mcclellan.house.gov/media/press-releases/mcclellan-statement-shooting-high-school-graduation-richmond,117,M001227
LEAGUE OF CONSERVATION VOTERS -> Gabe Vasquez,20568.3,3,25,Gabe Vasquez,Democrat,NM,rep,1,2022-01-14,2025-12-17,2025-05-07,2026-03-18,https://vasquez.house.gov/media/press-releases/reps-vasquez-and-zinke-launch-bipartisan-public-lands-caucus-champion,1195,V000136
"AMAZON.COM SERVICES, INC. -> Ron Wyden",20500.0,5,5,Ron Wyden,Democrat,OR,sen,1,2022-03-24,2025-03-14,2023-09-13,2025-02-25,https://www.wyden.senate.gov/news/press-releases/wyden-welch-warren-urge-biden-administration-to-crack-down-on-big-tech-for-massive-ai-consolidation,125,W000779
"DAVITA, INC. -> Yvette D. Clarke",20500.0,2,9,Yvette D. Clarke,Democrat,NY,rep,1,2022-05-23,2025-11-24,2023-12-21,2024-09-18,https://clarke.house.gov/reps-clarke-and-kelly-introduce-bill-to-protect-dialysis-patients/,683,C001067
ELI LILLY AND COMPANY -> Katherine M. Clark,20500.0,2,7,Katherine M. Clark,Democrat,MA,rep,1,2023-07-17,2025-08-04,2023-03-10,2023-08-29,https://katherineclark.house.gov/press-releases?ID=6D29D1D5-CBAF-4D8F-9D71-DBE1A94B025B,759,C001101
GENERAL ATOMICS -> Kevin Cramer,20500.0,9,7,Kevin Cramer,Republican,ND,sen,1,2022-12-15,2025-09-24,2023-08-09,2024-09-15,https://www.cramer.senate.gov/news/press-releases/us-air-force-awards-general-atomics-contract-through-cca-program,914,C001096
CTIA-THE WIRELESS ASSOCIATION -> Doris O. Matsui,20250.0,8,5,Doris O. Matsui,Democrat,CA,rep,1,2022-06-16,2025-11-19,2022-10-27,2025-01-15,https://matsui.house.gov/media/press-releases/matsui-and-guthrie-urge-biden-administration-review-federal-receiver,662,M001163
"AMAZON.COM SERVICES, INC. -> Doris O. Matsui",20000.0,4,4,Doris O. Matsui,Democrat,CA,rep,1,2022-04-15,2025-05-19,2024-02-01,2024-07-17,https://matsui.house.gov/media/in-the-news/league-california-cities-sacramento-region-road-clean-energy-future,125,M001163
AMERICAN HOTEL & LODGING ASSOCIATION -> Jerry Moran,20000.0,2,4,Jerry Moran,Republican,KS,sen,1,2022-06-22,2025-06-20,2024-08-08,2025-02-07,https://www.moran.senate.gov/public/index.cfm/news-releases?ID=739C62D0-1A25-412A-BEC3-607C16EAEDE1,190,M000934
BLUE CROSS AND BLUE SHIELD ASSOCIATION -> Richard E. Neal,20000.0,2,6,Richard E. Neal,Democrat,MA,rep,1,2022-06-07,2025-12-03,2023-04-13,2025-07-17,https://neal.house.gov/2025/07/17/neal-democratic-health-leaders-urge-insurers-to-cover-vaccines/,393,N000015
CORNING INCORPORATED -> Charles E. Schumer,20000.0,56,4,Charles E. Schumer,Democrat,NY,sen,1,2022-12-05,2025-05-16,2022-01-05,2026-02-04,https://www.schumer.senate.gov/newsroom/press-releases/schumers-chips-and-science-law-delivers-historic-61-billion-federal-preliminary-chips-agreement-for-micron,628,S000148
CSX CORPORATION -> Roger F. Wicker,20000.0,5,5,Roger F. Wicker,Republican,MS,sen,1,2022-07-20,2025-06-13,2023-09-21,2025-11-21,https://www.wicker.senate.gov/2025/8/icymi-amtrak-s-long-journey-back-to-the-gulf-coast-kicks-off-with-community-celebrations,658,W000437
ELI LILLY AND COMPANY -> Bill Cassidy,20000.0,3,6,Bill Cassidy,Republican,LA,sen,1,2022-03-16,2025-11-18,2025-06-05,2026-02-27,https://www.cassidy.senate.gov/newsroom/press-releases/local-spotlight-cassidy-highlights-lilly-harvey-for-turning-tragedy-into-hope-in-fight-against-fentanyl/,759,C001075
GENERAL DYNAMICS CORPORATION -> Gary C. Peters,20000.0,7,13,Gary C. Peters,Democrat,MI,sen,1,2022-02-01,2025-04-29,2022-12-15,2023-12-13,https://www.peters.senate.gov/newsroom/press-releases/senate-passes-national-defense-bill-with-senator-peters-provisions-and-michigan-priorities,919,P000595
GENERAL MOTORS COMPANY -> Gary C. Peters,20000.0,23,5,Gary C. Peters,Democrat,MI,sen,1,2022-02-23,2024-07-18,2022-12-22,2025-10-10,https://www.peters.senate.gov/newsroom/press-releases/senators-peters-young-introduce-bipartisan-legislation-to-expand-research-of-emerging-driver-assistance-systems-and-improve-roadway-safety,923,P000595
MICROSOFT CORPORATION -> Richard Blumenthal,20000.0,10,5,Richard Blumenthal,Democrat,CT,sen,1,2022-03-29,2025-12-08,2023-05-05,2024-04-17,https://www.blumenthal.senate.gov/newsroom/press/release/what-they-are-saying-growing-momentum-for-the-kids-online-safety-act,1318,B001277
MICROSOFT CORPORATION -> Gary C. Peters,20000.0,3,4,Gary C. Peters,Democrat,MI,sen,1,2022-12-15,2025-07-13,2023-07-12,2025-09-19,https://www.peters.senate.gov/newsroom/press-releases/video-peters-urges-senate-to-quickly-extend-critical-cybersecurity-protections-that-expire-on-october-1st,1318,P000595
MICROSOFT CORPORATION -> Bennie G. Thompson,20000.0,3,6,Bennie G. Thompson,Democrat,MS,rep,1,2022-05-31,2025-11-04,2024-06-10,2025-11-14,https://benniethompson.house.gov/media/press-releases/thompson-demands-tech-giants-mega-corporations-crypto-companies-answer,1318,T000193
NATIONAL FOOTBALL LEAGUE -> John Thune,20000.0,4,6,John Thune,Republican,SD,sen,1,2022-03-01,2025-03-07,2023-02-02,2025-03-26,https://www.thune.senate.gov/public/index.cfm/press-releases?ID=241821D9-AEDF-4171-B5C4-FB4CCCBEA20D,1408,T000250
NATIONAL PORK PRODUCERS COUNCIL -> Ashley Hinson,20000.0,2,4,Ashley Hinson,Republican,IA,rep,1,2022-11-10,2025-03-27,2023-07-05,2025-07-23,https://hinson.house.gov/media/press-releases/hinson-leads-charge-against-prop-12-bacon-ban,1418,H001091
"NATIONAL SHOOTING SPORTS FOUNDATION, INC. -> John Cornyn",20000.0,9,4,John Cornyn,Republican,TX,sen,1,2022-08-31,2025-09-05,2024-05-15,2026-02-26,https://www.cornyn.senate.gov/news/cornyn-tillis-colleagues-introduce-resolution-to-block-unconstitutional-biden-atf-rule/,1426,C001056
NCTA - THE INTERNET & TELEVISION ASSOCIATION (FKA NAT'L CABLE & TELECOM ASSOC.) -> John Thune,20000.0,3,4,John Thune,Republican,SD,sen,1,2022-06-02,2025-02-26,2022-04-29,2023-01-30,https://www.thune.senate.gov/public/index.cfm/press-releases?ID=F1AE6AC0-6149-46F5-9463-48F27880AF0A,1437,T000250
NORFOLK SOUTHERN CORPORATION -> Tammy Duckworth,20000.0,3,4,Tammy Duckworth,Democrat,IL,sen,1,2022-04-28,2025-05-06,2024-09-20,2024-10-25,https://www.duckworth.senate.gov/news/press-releases/duckworth-durbin-quigley-announce-more-than-81-million-in-additional-federal-funding-for-the-create-program,1478,D000622
NORFOLK SOUTHERN CORPORATION -> Deb Fischer,20000.0,2,4,Deb Fischer,Republican,NE,sen,1,2022-03-24,2025-03-20,2025-07-29,2025-12-19,https://www.fischer.senate.gov/public/index.cfm/news?ID=FFB95124-F789-4360-8B8E-249CA251CBF6,1478,F000463
NOVOCURE INC. -> Jeanne Shaheen,20000.0,2,8,Jeanne Shaheen,Democrat,NH,sen,1,2024-04-19,2025-02-24,2024-09-03,2024-10-09,https://www.shaheen.senate.gov/news/press/shaheen-joins-ribbon-cutting-for-resident-owned-housing-in-derry-delivers-remarks-at-grand-opening-of-novocure-facility-in-portsmouth,1494,S001181
"TRANSPORT WORKERS UNION OF AMERICA, AFL-CIO -> Christopher R. Deluzio",20000.0,11,8,Christopher R. Deluzio,Democrat,PA,rep,1,2022-07-27,2025-06-29,2023-03-21,2026-03-03,https://deluzio.house.gov/media/press-releases/rep-deluzio-hosts-leader-hakeem-jeffries-conversation-western-pennsylvania,2088,D000530
VERIZON COMMUNICATIONS INC. AND VARIOUS SUBSIDIARIES -> Charles E. Schumer,20000.0,5,4,Charles E. Schumer,Democrat,NY,sen,1,2022-09-15,2025-09-22,2023-04-07,2024-12-12,https://www.schumer.senate.gov/newsroom/press-releases/schumer-south-utica-and-new-hartford-residents_businesses-are-at-wits-end-plagued-by-verizon-cell-phone-dead-zone-that-prevents-them-from-making-calls-taking-mobile-payments--could-even-risk-public-safety-standing-with-neighbors-electeds-biz-owners--fire-depts-senator-publicly-calls-on-verizon-to-investigate-meet-with-locals--fix-the-problem-asap,2194,S000148
"VISA, INC. -> Mike Crapo",20000.0,5,4,Mike Crapo,Republican,ID,sen,1,2022-03-30,2025-03-24,2022-09-20,2024-07-23,https://www.crapo.senate.gov/media/newsreleases/crapo-warner-adeyemo-celebrate-two-year-anniversary-of-the-economic-opportunity-coalition,2204,C000880
"VISA, INC. -> Nancy Pelosi",20000.0,3,4,Nancy Pelosi,Democrat,CA,rep,1,2022-09-26,2024-09-17,2022-10-24,2024-06-19,https://pelosi.house.gov/news/press-releases/pelosi-remarks-at-press-conference-with-his-excellency-andrej-plenkovi-prime,2204,P000197
"VISA, INC. -> Steve Scalise",20000.0,4,5,Steve Scalise,Republican,LA,rep,1,2023-04-25,2025-12-18,2024-07-26,2025-10-21,https://scalise.house.gov/press-releases/Scalise%E2%80%99s-Summer-Update%3A-House-Republicans-Continue-Winning-for-the-American-People,2204,S001176
"VISA, INC. -> Thom Tillis",20000.0,6,4,Thom Tillis,Republican,NC,sen,1,2022-03-24,2025-06-27,2023-03-13,2025-02-26,https://www.tillis.senate.gov/2025/2/tillis-colleagues-introduce-bipartisan-legislation-to-increase-access-to-rural-healthcare,2204,T000476
"BAE SYSTEMS, INC. -> Jeanne Shaheen",19500.0,6,7,Jeanne Shaheen,Democrat,NH,sen,1,2022-03-30,2025-10-08,2023-08-23,2024-08-27,https://www.shaheen.senate.gov/news/press/shaheen-secures-600-million-in-committee-passed-bipartisan-senate-appropriations-bill-to-restore-six-f-15ex-aircraft-in-new-hampshire-boosting-national-security-and-investing-in-jobs,327,S001181
"VISA, INC. -> Ted Budd",19500.0,7,6,Ted Budd,Republican,NC,sen,1,2022-10-21,2025-08-20,2023-05-15,2026-03-25,https://www.budd.senate.gov/2026/03/25/budd-kaine-lead-bipartisan-letter-urging-president-trump-to-advocate-for-pastor-ezra-jins-release/,2204,B001305
"VISA, INC. -> Debbie Wasserman Schultz",19500.0,4,9,Debbie Wasserman Schultz,Democrat,FL,rep,1,2022-03-30,2025-03-28,2022-09-21,2026-03-06,https://wassermanschultz.house.gov/news/documentsingle.aspx?DocumentID=3471,2204,W000797
BNSF RAILWAY COMPANY -> Jay Obernolte,19000.0,3,11,Jay Obernolte,Republican,CA,rep,1,2022-09-14,2025-12-13,2024-05-17,2024-07-24,https://obernolte.house.gov/media/press-releases/rep-obernolte-leads-colleagues-opposition-epa-approving-californias-use,402,O000019
CAPITAL ONE FINANCIAL CORPORATION -> Mark R. Warner,19000.0,4,9,Mark R. Warner,Democrat,VA,sen,1,2023-06-27,2025-05-14,2023-11-08,2024-03-07,https://www.warner.senate.gov/public/index.cfm/pressreleases?ID=9606A7A0-8078-47CB-9569-2504B45A1410,455,W000805
GENERAL MOTORS COMPANY -> Greg Stanton,19000.0,3,9,Greg Stanton,Democrat,AZ,rep,1,2022-03-04,2025-03-03,2023-07-19,2024-01-26,https://stanton.house.gov/2024/1/stanton-lamalfa-introduce-bipartisan-bill-to-help-western-communities-recover-from-wildfires,923,S001211
"SAMSUNG ELECTRONICS AMERICA, INC. -> Michael T. McCaul",19000.0,3,4,Michael T. McCaul,Republican,TX,rep,1,2022-06-30,2025-07-09,2023-03-15,2025-01-27,https://mccaul.house.gov/media-center/press-releases/mccaul-joins-event-announcing-proposed-64-billion-chips-grant-samsung,1770,M001157
"T-MOBILE USA, INC. -> Yvette D. Clarke",19000.0,8,8,Yvette D. Clarke,Democrat,NY,rep,1,2022-12-02,2025-03-12,2024-01-10,2024-05-01,https://clarke.house.gov/rep-clarke-and-senator-welch-issue-statement-following-fcc-warning-nationwide-impact-of-final-month-for-acp/,1951,C001067
"VISA, INC. -> Todd Young",19000.0,4,7,Todd Young,Republican,IN,sen,1,2022-09-12,2025-12-18,2023-06-01,2026-01-21,https://www.young.senate.gov/newsroom/press-releases/young-manchin-introduce-bill-to-allow-distressed-communities-to-opt-in-to-new-program-attracting-high-skilled-immigrants-2/,2204,Y000064
UNION PACIFIC CORPORATION -> David G. Valadao,18750.0,2,12,David G. Valadao,Republican,CA,rep,1,2022-05-12,2025-07-30,2024-06-25,2024-06-25,https://valadao.house.gov/news/documentsingle.aspx?DocumentID=1333,2136,V000129
LEAGUE OF CONSERVATION VOTERS -> Emilia Strong Sykes,18618.88,2,23,Emilia Strong Sykes,Democrat,OH,rep,1,2022-02-24,2025-12-17,2023-12-13,2025-10-24,https://sykes.house.gov/media/press-releases/reps-sykes-and-bresnahan-introduce-bipartisan-water-preservation-and-affordability-act-of-2025,1195,S001223
"AMERICAN AIRLINES INC (FORMERLY REPORTED AS ""AMERICAN AIRLINES"") -> Jerry Moran",18500.0,15,5,Jerry Moran,Republican,KS,sen,1,2023-07-03,2025-05-20,2023-07-14,2025-12-18,https://www.moran.senate.gov/public/index.cfm/news-releases?ID=DCBF76F4-4DF6-4193-B1E6-D15840A2159D,141,M000934
GENERAL MOTORS COMPANY -> Sharice Davids,18500.0,2,14,Sharice Davids,Democrat,KS,rep,1,2022-05-23,2025-06-25,2023-08-09,2023-11-28,https://davids.house.gov/media/press-releases/davids-us-department-commerce-discuss-bipartisan-law-create-manufacturing-jobs,923,D000629
NATIONAL MINING ASSOCIATION -> Pete Stauber,18500.0,6,15,Pete Stauber,Republican,MN,rep,1,2022-02-01,2025-11-18,2022-01-14,2023-03-01,https://stauber.house.gov/media/press-releases/staubers-first-bill-118th-congress-fixes-outdated-mine-permitting-process,1416,S001212
UNION PACIFIC CORPORATION -> Troy E. Nehls,18500.0,2,8,Troy E. Nehls,Republican,TX,rep,1,2022-03-28,2025-12-17,2023-12-20,2024-07-09,https://nehls.house.gov/media/press-releases/exclusive-rep-troy-nehls-biden-mayorkas-sheer-neglect-blame-international,2136,N000026
"VISA, INC. -> Patty Murray",18500.0,3,7,Patty Murray,Democrat,WA,sen,1,2022-07-19,2025-12-18,2025-09-29,2025-12-19,https://www.murray.senate.gov/murray-murphy-dexter-colleagues-introduce-bicameral-bill-to-ensure-dhs-detainees-can-speak-to-a-lawyer-contact-their-families/,2204,M001111
LEAGUE OF CONSERVATION VOTERS -> Mike Levin,18030.61,3,21,Mike Levin,Democrat,CA,rep,1,2022-01-20,2025-08-20,2023-06-08,2026-01-13,https://levin.house.gov/media/press-releases/reps-levin-huffman-to-introduce-bills-to-protect-pacific-and-arctic-oceans-from-offshore-drilling,1195,L000593
"AMAZON.COM SERVICES, INC. -> Tammy Baldwin",18000.0,2,8,Tammy Baldwin,Democrat,WI,sen,1,2022-09-12,2025-09-29,2024-01-10,2024-05-09,https://www.baldwin.senate.gov/news/press-releases/senators-baldwin-casey-collins-introduce-esthers-law-to-ban-deadly-water-beads-and-protect-kids,125,B001230
BNSF RAILWAY COMPANY -> John Hoeven,18000.0,9,5,John Hoeven,Republican,ND,sen,1,2022-05-16,2025-12-13,2022-07-13,2025-01-10,https://www.hoeven.senate.gov/news/news-releases/hoeven-stresses-impact-of-inflation-on-rural-communities-working-to-support-energy-and-agriculture-producers,402,H001061
BNSF RAILWAY COMPANY -> Troy E. Nehls,18000.0,3,11,Troy E. Nehls,Republican,TX,rep,1,2022-06-06,2025-12-13,2023-05-02,2024-07-09,https://nehls.house.gov/media/press-releases/exclusive-rep-troy-nehls-biden-mayorkas-sheer-neglect-blame-international,402,N000026
COMCAST CORPORATION -> Yvette D. Clarke,18000.0,8,9,Yvette D. Clarke,Democrat,NY,rep,1,2023-05-02,2025-03-27,2024-01-10,2024-05-01,https://clarke.house.gov/rep-clarke-and-senator-welch-issue-statement-following-fcc-warning-nationwide-impact-of-final-month-for-acp/,586,C001067
WALMART INC. -> Adrian Smith,18000.0,2,13,Adrian Smith,Republican,NE,rep,1,2022-05-12,2025-06-25,2023-03-23,2025-05-02,https://adriansmith.house.gov/media/press-releases/smith-schneider-harshbarger-matsui-reintroduce-bipartisan-bill-expand-seniors,2222,S001172
"AMAZON.COM SERVICES, INC. -> Donald S. Beyer, Jr.",17500.0,4,5,"Donald S. Beyer, Jr.",Democrat,VA,rep,1,2022-03-23,2024-10-28,2022-09-29,2023-07-21,https://beyer.house.gov/news/documentsingle.aspx?DocumentID=5948,125,B001292
"AMERICAN AIRLINES INC (FORMERLY REPORTED AS ""AMERICAN AIRLINES"") -> John Cornyn",17500.0,2,5,John Cornyn,Republican,TX,sen,1,2022-02-01,2025-03-03,2024-10-16,2024-12-17,https://www.cornyn.senate.gov/news/cornyn-praises-selection-of-american-airlines-for-san-antonio-to-d-c-direct-flight-route/,141,C001056
BNSF RAILWAY COMPANY -> Kevin Cramer,17500.0,27,7,Kevin Cramer,Republican,ND,sen,1,2023-03-28,2025-12-13,2023-06-16,2024-06-24,https://www.cramer.senate.gov/news/press-releases/sen-cramer-us-department-of-transportation-awards-more-than-28-million-to-west-fargo-spirit-lake-tribe-and-the-three-affiliated-tribes,402,C001096
ELI LILLY AND COMPANY -> Margaret Wood Hassan,17500.0,2,4,Margaret Wood Hassan,Democrat,NH,sen,1,2023-12-04,2025-05-22,2023-05-10,2023-08-31,https://www.hassan.senate.gov/news/press-releases/senators-hassan-and-smith-urge-insulin-manufacturers-to-fulfill-their-commitment-to-lowering-insulin-costs,759,H001076
"ENTERGY SERVICES, LLC -> Bill Cassidy",17500.0,12,5,Bill Cassidy,Republican,LA,sen,1,2022-10-24,2025-10-13,2024-09-30,2025-04-08,https://www.cassidy.senate.gov/newsroom/press-releases/what-they-are-saying-trump-cabinet-voices-support-for-cassidys-trade-manufacturing-bill-to-hold-china-accountable/,785,C001075
"GARMIN INTERNATIONAL, INC. (FORMERLY REPORTED AS GARMIN LTD.) -> Sharice Davids",17500.0,2,5,Sharice Davids,Democrat,KS,rep,1,2022-07-25,2025-03-31,2023-07-20,2023-07-21,https://davids.house.gov/media/press-releases/icymi-davids-highlights-bipartisan-accomplishments-yesterdays-faa,903,D000629
INTEL CORPORATION -> Hakeem S. Jeffries,17500.0,4,4,Hakeem S. Jeffries,Democrat,NY,rep,1,2022-10-31,2024-08-22,2025-03-26,2026-03-12,https://jeffries.house.gov/2026/03/12/leader-jeffries-on-ms-now-theres-been-no-evidence-that-the-administration-is-actually-focused-on-the-things-that-matter/,1081,J000294
NATIONAL FOOTBALL LEAGUE -> Tim Scott,17500.0,5,5,Tim Scott,Republican,SC,sen,1,2022-03-11,2024-06-10,2022-01-27,2025-06-09,https://www.scott.senate.gov/media-center/press-releases/senator-scott-introduces-legislation-to-expand-educator-definition-for-tax-deductions/,1408,S001184
NUCOR CORPORATION -> Mike Flood,17500.0,2,7,Mike Flood,Republican,NE,rep,1,2022-04-29,2025-09-24,2024-03-01,2025-08-29,https://flood.house.gov/media/press-releases/congressman-floods-nebraska-statehood-day-statement,1499,F000474
"THE HOME DEPOT, INC. -> Janice D. Schakowsky",17500.0,2,4,Janice D. Schakowsky,Democrat,IL,rep,1,2022-08-10,2023-12-17,2022-05-06,2022-11-17,https://schakowsky.house.gov/media/press-releases/schakowsky-durbin-call-passage-bipartisan-inform-consumers-act,2027,S001145
"TRANSPORT WORKERS UNION OF AMERICA, AFL-CIO -> Chris Van Hollen",17500.0,6,6,Chris Van Hollen,Democrat,MD,sen,1,2022-03-17,2025-11-09,2024-05-14,2026-03-24,https://www.vanhollen.senate.gov/news/press-releases/van-hollen-wilson-introduce-bicameral-bill-to-invest-in-public-transit-workforce-training,2088,V000128
"AMAZON.COM SERVICES, INC. -> James Comer",17000.0,2,6,James Comer,Republican,KY,rep,1,2022-02-24,2025-06-04,2022-02-08,2022-03-08,https://comer.house.gov/2022/3/senate-passes-ranking-member-comer-and-chair-maloney-s-postal-service-reform-act,125,C001108
BNSF RAILWAY COMPANY -> Deb Fischer,17000.0,2,5,Deb Fischer,Republican,NE,sen,1,2022-03-25,2025-03-19,2025-01-15,2025-02-27,https://www.fischer.senate.gov/public/index.cfm/news?ID=71DBA7DA-DCE0-4EB4-8A76-036E882A5FD5,402,F000463
MASTERCARD WORLDWIDE -> Mike Flood,17000.0,3,14,Mike Flood,Republican,NE,rep,1,2024-04-01,2025-09-15,2023-07-19,2023-08-04,https://flood.house.gov/media/press-releases/congressman-flood-hosts-his-first-flyover-fintech-conference,1276,F000474
"THE GOLDMAN SACHS GROUP, INC. -> Andy Barr",17000.0,2,5,Andy Barr,Republican,KY,rep,1,2022-05-31,2025-12-30,2025-02-13,2025-09-30,https://barr.house.gov/press-releases?ID=2C482D0C-59B1-4DC6-A03C-D8DD3819653E,2023,B001282
"VISA, INC. -> Bradley Scott Schneider",17000.0,6,9,Bradley Scott Schneider,Democrat,IL,rep,1,2022-10-20,2025-05-23,2022-03-25,2024-01-11,https://schneider.house.gov/media/press-releases/schneider-leads-members-congress-urging-biden-administration-prioritize-0,2204,S001190
"TRANSPORT WORKERS UNION OF AMERICA, AFL-CIO -> Eric Swalwell",16500.0,2,8,Eric Swalwell,Democrat,CA,rep,0,2022-02-24,2025-09-12,2022-04-06,2023-03-30,https://swalwell.house.gov/media-center/press-releases/violent-air-rage-incidents-still-elevated-levels-reed-swalwell,2088,S001193
UNION PACIFIC CORPORATION -> Mike Quigley,16500.0,3,10,Mike Quigley,Democrat,IL,rep,1,2022-04-08,2025-09-23,2023-04-17,2024-05-24,https://quigley.house.gov/media-center/press-releases/quigley-wraps-tour-community-project-funding-sites,2136,Q000023
"VISA, INC. -> John Cornyn",16500.0,9,4,John Cornyn,Republican,TX,sen,1,2023-12-05,2025-12-18,2024-09-26,2026-02-26,https://www.cornyn.senate.gov/news/cornyn-presses-mayorkas-for-answers-on-vetting-of-afghan-parolee-charged-in-connection-with-terror-plot/,2204,C001056
"BAE SYSTEMS, INC. -> Gary C. Peters",16000.0,5,7,Gary C. Peters,Democrat,MI,sen,1,2022-09-28,2024-07-31,2023-01-18,2023-12-13,https://www.peters.senate.gov/newsroom/press-releases/senate-passes-national-defense-bill-with-senator-peters-provisions-and-michigan-priorities,327,P000595
CSX CORPORATION -> Cindy Hyde-Smith,16000.0,2,4,Cindy Hyde-Smith,Republican,MS,sen,1,2023-12-06,2025-12-15,2025-05-01,2025-07-02,https://www.hydesmith.senate.gov/book-now-amtrak-mardi-gras-service-starting-august-18,658,H001079
INTEL CORPORATION -> Mike Carey,16000.0,2,6,Mike Carey,Republican,OH,rep,1,2022-05-10,2025-08-14,2022-01-21,2024-09-12,https://carey.house.gov/2024/09/12/carey-introduces-legislation-establishing-national-stem-week/,1081,C001126
NATIONAL ASSOCIATION OF BROADCASTERS -> Steven Horsford,16000.0,2,4,Steven Horsford,Democrat,NV,rep,1,2022-09-20,2024-03-20,2024-04-18,2025-06-10,https://horsford.house.gov/media/press-releases/horsford-introduces-the-broadcast-voices-act-to-enhance-diversity-in-broadcasting-ownership,1368,H001066
NCTA - THE INTERNET & TELEVISION ASSOCIATION (FKA NAT'L CABLE & TELECOM ASSOC.) -> Kat Cammack,16000.0,2,5,Kat Cammack,Republican,FL,rep,1,2022-05-17,2025-06-03,2022-03-29,2023-05-11,https://cammack.house.gov/media/press-releases/reps-cammack-soto-jackson-perez-introduce-rural-internet-improvement-act-2023,1437,C001039
NORFOLK SOUTHERN CORPORATION -> Terri A. Sewell,16000.0,5,5,Terri A. Sewell,Democrat,AL,rep,1,2022-07-26,2025-09-09,2022-07-25,2025-07-24,https://sewell.house.gov/2025/7/rep-sewell-announces-employer-lineup-for-14th-annual-job-fair-in-tuscaloosa/63133a69-e4e3-4e9b-9de2-cdbcd37cdb81,1478,S001185
WALMART INC. -> Steve Daines,16000.0,2,8,Steve Daines,Republican,MT,sen,1,2022-06-28,2025-12-02,2026-02-26,2026-03-24,https://www.daines.senate.gov/2026/03/24/daines-on-fox-news-stop-the-nonsense-end-the-dhs-shutdown/,2222,D000618
WALMART INC. -> Margaret Wood Hassan,16000.0,2,6,Margaret Wood Hassan,Democrat,NH,sen,1,2022-12-08,2025-07-30,2025-01-31,2025-11-24,https://www.hassan.senate.gov/news/press-releases/scams-alert-ahead-of-black-friday-and-cyber-monday-senator-hassan-warns-consumers-about-holiday-shopping-scams,2222,H001076
LEAGUE OF CONSERVATION VOTERS -> Susie Lee,15751.62,4,18,Susie Lee,Democrat,NV,rep,1,2022-03-03,2025-12-17,2023-05-16,2026-02-13,https://susielee.house.gov/media/press-releases/lee-solar-leaders-and-advocates-discuss-her-bipartisan-legislation-cut-solar,1195,L000590
"BECHTEL NATIONAL, INC. -> Dan Newhouse",15700.0,2,58,Dan Newhouse,Republican,WA,rep,1,2022-01-14,2025-12-13,2025-10-15,2025-12-05,https://newhouse.house.gov/media-center/press-releases/newhouse-welcomes-secretary-wright-visit-energy-innovation-and-hanford,354,N000189
"AMAZON.COM SERVICES, INC. -> Angus S. King, Jr.",15500.0,2,4,"Angus S. King, Jr.",Independent,ME,sen,1,2023-08-21,2025-09-09,2022-10-03,2022-12-21,https://www.king.senate.gov/newsroom/press-releases/king-calls-for-strong-implementation-of-corporate-minimum-tax-in-inflation-reduction-act,125,K000383
GENERAL DYNAMICS CORPORATION -> Scott H. Peters,15500.0,3,10,Scott H. Peters,Democrat,CA,rep,1,2022-03-07,2025-06-03,2023-07-10,2024-04-17,https://scottpeters.house.gov/press-releases/rep-peters-secures-san-diego-defense-priorities-votes-for-national-defense-authorization-act,919,P000608
"NATIONAL SHOOTING SPORTS FOUNDATION, INC. -> Andy Barr",15500.0,4,7,Andy Barr,Republican,KY,rep,1,2022-04-06,2025-02-25,2023-04-21,2025-08-08,https://barr.house.gov/press-releases?ID=F866D63A-2C5B-461C-8DB4-8FEFA26CBD23,1426,B001282
"T-MOBILE USA, INC. -> Marsha Blackburn",15500.0,3,6,Marsha Blackburn,Republican,TN,sen,1,2022-03-11,2025-11-19,2025-10-10,2026-02-12,https://www.blackburn.senate.gov/2026/2/immigration/video-blackburn-calls-out-democrats-for-siding-with-criminal-illegal-aliens-recaps-arctic-frost-hearing,1951,B001243
"AMAZON.COM SERVICES, INC. -> Steny H. Hoyer",15000.0,2,3,Steny H. Hoyer,Democrat,MD,rep,1,2022-02-24,2023-03-13,2024-09-27,2026-03-07,https://hoyer.house.gov/media/press-releases/rep-hoyer-and-chair-cardin-introduce-legislation-conserve-and-protect-worlds,125,H000874
"AMAZON.COM SERVICES, INC. -> Frank Pallone, Jr.",15000.0,2,5,"Frank Pallone, Jr.",Democrat,NJ,rep,1,2022-09-12,2025-03-28,2023-08-29,2026-02-18,https://pallone.house.gov/stop-ice-warehouse,125,P000034
"AMAZON.COM SERVICES, INC. -> Charles E. Schumer",15000.0,2,4,Charles E. Schumer,Democrat,NY,sen,1,2023-09-08,2025-02-18,2023-01-12,2023-06-19,https://www.schumer.senate.gov/newsroom/press-releases/schumer-standing-at-plugs-400-job-rochester-green-hydrogen-gigafactory-launches-major-push-to-make-new-york-the-center-of-the-nations-first-ever-federal-clean-green-hydrogen-hub-senator-reveals-how-upstate-ny-can-land-billions-in-new-competition-for-thousands-of-ny-clean-energy-jobs-powering-the-fight-against-climate-change,125,S000148
AMERICAN ACADEMY OF OPHTHALMOLOGY -> Gus M. Bilirakis,15000.0,2,7,Gus M. Bilirakis,Republican,FL,rep,1,2022-05-18,2025-02-26,2024-05-14,2025-04-01,https://bilirakis.house.gov/media/press-releases/bilirakis-and-veasey-introduce-legislation-identify-and-address-kids-vision,138,B001257
AMERICAN ASSOCIATION OF NURSE PRACTITIONERS -> Suzanne Bonamici,15000.0,2,3,Suzanne Bonamici,Democrat,OR,rep,1,2023-09-22,2025-12-16,2025-01-16,2025-12-12,https://bonamici.house.gov/media/press-releases/merkley-wicker-kiggans-bonamici-lead-bipartisan-bicameral-effort-oppose-new,149,B001278
AMERICAN CLEAN POWER ASSOCIATION -> John R. Curtis,15000.0,2,5,John R. Curtis,Republican,UT,sen,1,2023-12-21,2025-09-19,2025-03-06,2025-08-15,https://www.curtis.senate.gov/press-releases/statement-from-senator-curtis-on-administrations-wind-and-solar-guidance,161,C001114
AMERICAN HOTEL & LODGING ASSOCIATION -> Bill Cassidy,15000.0,2,4,Bill Cassidy,Republican,LA,sen,1,2023-06-13,2025-03-24,2024-12-03,2025-02-10,https://www.cassidy.senate.gov/newsroom/press-releases/cassidy-hassan-reintroduce-bill-to-connect-individuals-to-the-workforce/,190,C001075
AMERICAN HOTEL & LODGING ASSOCIATION -> Amy Klobuchar,15000.0,2,3,Amy Klobuchar,Democrat,MN,sen,1,2023-12-11,2025-09-16,2024-08-08,2025-02-05,https://www.klobuchar.senate.gov/public/index.cfm/news-releases?ID=F9B86E7A-0CC1-4F51-BC20-FAF9A7142848,190,K000367
BLACKROCK FUNDS SERVICES GROUP LLC (FORMERLY BLACKROCK CAPITAL MANAGEMENT INC.) -> Dan Sullivan,15000.0,7,3,Dan Sullivan,Republican,AK,sen,1,2023-09-26,2025-12-21,2022-03-24,2023-05-17,https://www.sullivan.senate.gov/newsroom/press-releases/sullivan-testifies-before-banking-committee-we-need-to-stop-fund-managers-from-controlling-virtually-every-large-us-corporation,381,S001198
BNSF RAILWAY COMPANY -> Rick Larsen,15000.0,11,7,Rick Larsen,Democrat,WA,rep,1,2022-03-18,2025-12-13,2022-07-21,2025-07-16,https://larsen.house.gov/news/documentsingle.aspx?DocumentID=4016,402,L000560
"CHENIERE ENERGY, INC. -> Bill Cassidy",15000.0,4,1,Bill Cassidy,Republican,LA,sen,1,2025-08-20,2025-08-20,2024-09-30,2025-06-11,https://www.cassidy.senate.gov/newsroom/press-releases/media-advisory-cassidy-releases-agenda-for-upcoming-energy-security-summit-in-baton-rouge/,501,C001075
CSX CORPORATION -> Chris Van Hollen,15000.0,3,3,Chris Van Hollen,Democrat,MD,sen,1,2023-07-28,2025-09-26,2023-10-02,2024-12-19,https://www.vanhollen.senate.gov/news/press-releases/van-hollen-cardin-moore-announce-80-million-for-baltimore-harbor-tunnel-improvements,658,V000128
NATIONAL FOOTBALL LEAGUE -> Nancy Pelosi,15000.0,2,3,Nancy Pelosi,Democrat,CA,rep,1,2022-09-30,2024-05-02,2022-12-08,2025-01-10,https://pelosi.house.gov/news/press-releases/transcript-of-pelosi-remarks-at-weekly-press-conference,1408,P000197
NATIONAL PORK PRODUCERS COUNCIL -> Randy Feenstra,15000.0,3,3,Randy Feenstra,Republican,IA,rep,1,2023-09-28,2025-03-27,2023-11-13,2025-07-15,https://feenstra.house.gov/media/press-releases/feenstra-murphy-ask-biden-administration-secure-fair-market-access-american,1418,F000446
NORFOLK SOUTHERN CORPORATION -> Gary C. Peters,15000.0,2,3,Gary C. Peters,Democrat,MI,sen,1,2022-05-02,2024-06-27,2023-03-22,2023-05-10,https://www.peters.senate.gov/newsroom/press-releases/video-peters-presses-norfolk-southern-ceo-on-companys-apparent-failure-to-meet-safety-inspection-standards,1478,P000595
SPACE EXPLORATION TECHNOLOGIES CORPORATION -> Mike Haridopolos,15000.0,2,3,Mike Haridopolos,Republican,FL,rep,1,2024-05-14,2025-10-14,2025-01-03,2025-01-16,https://haridopolos.house.gov/media/press-releases/mike-haridopolos-sworn-congressman-floridas-8th-district,1895,H001099
"T-MOBILE USA, INC. -> Ron Wyden",15000.0,2,7,Ron Wyden,Democrat,OR,sen,1,2022-04-20,2024-06-19,2024-04-29,2025-05-21,https://www.wyden.senate.gov/news/press-releases/wyden-reveals-which-phone-companies-protect-privacy-by-telling-customers-about-government-surveillance,1951,W000779
TIAA -> Joyce Beatty,15000.0,2,6,Joyce Beatty,Democrat,OH,rep,1,2022-09-23,2025-05-16,2024-04-18,2025-05-07,https://beatty.house.gov/media-center/press-releases/reps-beatty-and-kim-host-bipartisan-financial-education-resource-fair-on-capitol-hill,2066,B001281
"TRANSPORT WORKERS UNION OF AMERICA, AFL-CIO -> John Garamendi",15000.0,5,4,John Garamendi,Democrat,CA,rep,1,2022-06-14,2024-02-22,2023-06-12,2025-08-19,https://garamendi.house.gov/media/press-releases/reps-garamendi-menendez-and-garbarino-introduce-airline-employee-assault,2088,G000559
UNION PACIFIC CORPORATION -> Tammy Duckworth,15000.0,3,3,Tammy Duckworth,Democrat,IL,sen,1,2022-05-10,2025-05-27,2024-01-31,2024-12-13,https://www.duckworth.senate.gov/news/press-releases/duckworth-durbin-quigley-discuss-chicago-hub-improvement-project-with-union-pacific,2136,D000622
"VISA, INC. -> Tom Cotton",15000.0,13,4,Tom Cotton,Republican,AR,sen,1,2024-09-17,2025-11-13,2022-08-02,2026-03-25,https://www.cotton.senate.gov/news/press-releases/cottonbanksintroduce-the-countering-chinese-political-warfare-act,2204,C001095
"VISA, INC. -> Chuck Grassley",15000.0,11,8,Chuck Grassley,Republican,IA,sen,1,2022-05-24,2025-12-18,2024-09-26,2026-03-27,https://www.grassley.senate.gov/news/news-releases/qanda-senate-beefs-up-law-enforcement-tools-to-protect-americans,2204,G000386
"VISA, INC. -> Ron Wyden",15000.0,9,4,Ron Wyden,Democrat,OR,sen,1,2023-12-05,2024-12-09,2024-04-16,2026-02-14,https://www.wyden.senate.gov/news/press-releases/wyden-urges-dhs-to-abandon-proposal-to-further-restrict-visas-of-foreign-journalists,2204,W000779
"WALGREEN COMPANY -> Earl L. ""Buddy"" Carter",15000.0,3,6,"Earl L. ""Buddy"" Carter",Republican,GA,rep,1,2022-06-28,2025-06-30,2023-05-16,2024-10-11,https://buddycarter.house.gov/news/documentsingle.aspx?DocumentID=15174,2220,C001103
WALMART INC. -> Charles E. Schumer,15000.0,3,3,Charles E. Schumer,Democrat,NY,sen,1,2022-12-08,2024-12-19,2023-01-12,2024-04-02,https://www.schumer.senate.gov/newsroom/press-releases/schumer-standing-at-plugs-400-job-rochester-green-hydrogen-gigafactory-launches-major-push-to-make-new-york-the-center-of-the-nations-first-ever-federal-clean-green-hydrogen-hub-senator-reveals-how-upstate-ny-can-land-billions-in-new-competition-for-thousands-of-ny-clean-energy-jobs-powering-the-fight-against-climate-change,2222,S000148
"AMAZON.COM SERVICES, INC. -> Bradley Scott Schneider",14500.0,2,6,Bradley Scott Schneider,Democrat,IL,rep,1,2022-03-24,2025-12-12,2025-08-12,2025-12-10,https://schneider.house.gov/media/press-releases/schneider-bipartisan-legislation-halt-counterfeit-imports-advances-us-house,125,S001190
"AMERICAN AIRLINES INC (FORMERLY REPORTED AS ""AMERICAN AIRLINES"") -> Carlos A. Gimenez",14500.0,2,6,Carlos A. Gimenez,Republican,FL,rep,1,2022-04-25,2023-12-01,2022-03-31,2026-02-05,https://gimenez.house.gov/2026/2/congressman-carlos-a-gimenez-urges-airline-ceo-s-to-end-flights-to-cuba,141,G000593
BNSF RAILWAY COMPANY -> David G. Valadao,14500.0,2,8,David G. Valadao,Republican,CA,rep,1,2022-03-02,2025-12-13,2024-06-25,2024-06-25,https://valadao.house.gov/news/documentsingle.aspx?DocumentID=1333,402,V000129
"VISA, INC. -> Alex Padilla",14500.0,10,7,Alex Padilla,Democrat,CA,sen,1,2022-08-02,2025-06-20,2025-06-16,2025-12-23,https://www.padilla.senate.gov/newsroom/press-releases/watch-padilla-denounces-trump-administrations-mistreatment-of-unaccompanied-children/,2204,P000145
RECORDING INDUSTRY ASSOCIATION OF AMERICA INC -> Darrell Issa,14300.0,3,9,Darrell Issa,Republican,CA,rep,1,2022-11-03,2025-10-15,2023-02-02,2025-02-01,https://issa.house.gov/media/press-releases/rep-issa-and-house-and-senate-colleagues-reintroduce-bill-ensure-artists-fair,1698,I000056
LEAGUE OF CONSERVATION VOTERS -> Martin Heinrich,14188.3,2,15,Martin Heinrich,Democrat,NM,sen,1,2022-05-06,2025-12-17,2024-03-30,2024-07-17,https://www.heinrich.senate.gov/newsroom/press-releases/heinrich-peters-lead-dozens-of-lawmakers-in-urging-department-of-transportation-to-reduce-methane-emissions-and-protect-families-health-finalize-strong-gas-pipeline-leak-rule,1195,H001046
ELI LILLY AND COMPANY -> Jim Banks,14000.0,6,7,Jim Banks,Republican,IN,sen,1,2023-06-28,2025-11-18,2025-04-03,2025-07-31,https://www.banks.senate.gov/news/press-releases/senator-jim-banks-statement-on-president-trumps-first-100-days/,759,B001299
MOLSON COORS BEVERAGE COMPANY USA LLC (FORMERLY KNOWN AS MILLERCOORS LLC) -> Tammy Baldwin,14000.0,2,6,Tammy Baldwin,Democrat,WI,sen,1,2023-06-14,2025-06-18,2023-06-08,2023-06-15,https://www.baldwin.senate.gov/news/press-releases/senator-baldwin-introduces-legislation-to-support-advancements-in-agriculture-research-and-innovation,1330,B001230
RECORDING INDUSTRY ASSOCIATION OF AMERICA INC -> Maria Elvira Salazar,14000.0,5,11,Maria Elvira Salazar,Republican,FL,rep,1,2022-07-12,2025-10-11,2023-09-20,2025-04-11,https://salazar.house.gov/media/press-releases/salazar-introduces-no-fakes-act,1698,S000168
WELLS FARGO & COMPANY -> Ruben Gallego,14000.0,3,4,Ruben Gallego,Democrat,AZ,sen,1,2022-03-23,2025-02-28,2025-09-17,2025-12-11,https://www.gallego.senate.gov/news/press-releases/gallego-presents-local-veteran-with-car-from-transportation4heroes-program/,2236,G000574
SOLAR ENERGY INDUSTRIES ASSOCIATION -> Mike Levin,13625.0,4,7,Mike Levin,Democrat,CA,rep,1,2022-06-13,2025-06-20,2022-02-04,2025-03-24,https://levin.house.gov/media/press-releases/rep-mike-levins-legislation-to-promote-renewable-energy-development-passes-house,1876,L000593
"AMAZON.COM SERVICES, INC. -> Martin Heinrich",13500.0,2,7,Martin Heinrich,Democrat,NM,sen,1,2023-06-23,2025-02-18,2026-03-12,2026-03-12,https://www.heinrich.senate.gov/newsroom/press-releases/heinrich-leads-legislation-to-refund-working-families-for-trumps-unlawful-tariffs,125,H001046
"AMAZON.COM SERVICES, INC. -> Brian Schatz",13500.0,2,6,Brian Schatz,Democrat,HI,sen,1,2022-03-24,2025-04-22,2022-10-31,2022-12-14,https://www.schatz.senate.gov/news/press-releases/schatz-statement-on-president-elect-luiz-inacio-lula-da-silva-of-brazil,125,S001194
AMERICAN CLEAN POWER ASSOCIATION -> Shelley Moore Capito,13500.0,2,5,Shelley Moore Capito,Republican,WV,sen,1,2023-12-12,2025-06-18,2024-08-30,2025-08-29,https://www.capito.senate.gov/news/press-releases/photos-capito-participates-in-west-virginia-chamber-of-commerces-88th-annual-business-summit,161,C001047
AMERICAN CLEAN POWER ASSOCIATION -> Scott H. Peters,13500.0,2,6,Scott H. Peters,Democrat,CA,rep,1,2022-06-08,2025-10-29,2025-10-16,2026-02-02,https://scottpeters.house.gov/press-releases/what-they-are-saying-speed-and-reliability-act,161,P000608
"CHEVRON U.S.A., INC. -> Ashley Hinson",13500.0,2,4,Ashley Hinson,Republican,IA,rep,1,2023-06-19,2025-05-27,2023-05-02,2024-06-28,https://hinson.house.gov/media/press-releases/hinson-celebrates-scotus-overturning-chevron-doctrine,503,H001091
GENERAL MOTORS COMPANY -> John R. Moolenaar,13500.0,2,6,John R. Moolenaar,Republican,MI,rep,1,2022-05-13,2025-05-19,2023-06-13,2023-09-15,https://moolenaar.house.gov/media-center/press-releases/moolenaar-bidens-policies-put-autoworkers-and-manufacturers-tough-spot,923,M001194
GENERAL MOTORS COMPANY -> Ron Wyden,13500.0,4,6,Ron Wyden,Democrat,OR,sen,1,2022-03-21,2023-06-20,2024-04-30,2025-01-16,https://www.wyden.senate.gov/news/press-releases/wyden-merkley-join-colleagues-in-calling-on-department-of-energy-to-promote-battery-recycling-in-us-electric-vehicle-fleet,923,W000779
INTEL CORPORATION -> Charles E. Schumer,13500.0,7,4,Charles E. Schumer,Democrat,NY,sen,1,2022-05-26,2024-08-22,2022-07-27,2025-01-16,https://www.schumer.senate.gov/newsroom/press-releases/schumer-reveals-major-semiconductor-tech-companies-with-ties-to-foreign-governments-threatening-national-security-and-putting-new-yorkers-data-at-risk-standing-at-albany-nanotech-schumer-launches-new-push-to-remove-chinese-chips-from-us-supply-chains-to-strengthen-national-security-and-boost-the-us-chip-industry-including-in-upstate-ny-,1081,S000148
INTEL CORPORATION -> Greg Stanton,13500.0,6,6,Greg Stanton,Democrat,AZ,rep,1,2022-03-21,2024-09-12,2022-07-12,2024-04-08,https://stanton.house.gov/2024/4/stanton-celebrates-6-6-billion-chips-and-science-act-award-to-tsmc,1081,S001211
NORFOLK SOUTHERN CORPORATION -> Rick Larsen,13500.0,3,6,Rick Larsen,Democrat,WA,rep,1,2022-03-22,2025-04-29,2023-06-05,2025-01-10,https://larsen.house.gov/news/documentsingle.aspx?DocumentID=2943,1478,L000560
VERIZON COMMUNICATIONS INC. AND VARIOUS SUBSIDIARIES -> Richard Blumenthal,13500.0,2,5,Richard Blumenthal,Democrat,CT,sen,1,2022-09-15,2025-10-24,2025-02-27,2025-03-13,https://www.blumenthal.senate.gov/newsroom/press/release/blumenthal-opens-preliminary-inquiry-into-fccs-political-targeting-of-newsrooms,2194,B001277
PACIFIC GAS AND ELECTRIC COMPANY (FORMERLY PG&E CORPORATION) -> Kevin Mullin,13000.0,2,9,Kevin Mullin,Democrat,CA,rep,1,2023-08-18,2025-03-31,2023-01-12,2025-12-05,https://kevinmullin.house.gov/2025/12/05/reps-mullin-salazar-introduce-bipartisan-bicameral-bill-to-strengthen-community-resilience-against-disasters/,1550,M001225
"TRANSPORT WORKERS UNION OF AMERICA, AFL-CIO -> Henry C. ""Hank"" Johnson, Jr.",13000.0,2,6,"Henry C. ""Hank"" Johnson, Jr.",Democrat,GA,rep,1,2022-09-15,2025-08-21,2024-01-18,2025-05-16,https://hankjohnson.house.gov/media-center/press-releases/congressman-johnson-proposes-transformational-public-transit-bill-0,2088,J000288
"VISA, INC. -> Martin Heinrich",13000.0,4,7,Martin Heinrich,Democrat,NM,sen,1,2023-09-14,2025-06-20,2024-05-20,2025-09-09,https://www.heinrich.senate.gov/newsroom/press-releases/heinrich-statement-on-legislation-that-would-crush-law-enforcement-and-upend-everyday-immigration-decisions,2204,H001046
340B HEALTH -> Doris O. Matsui,12500.0,7,5,Doris O. Matsui,Democrat,CA,rep,1,2022-04-12,2025-10-07,2023-03-09,2025-09-09,https://matsui.house.gov/media/press-releases/matsui-welch-reintroduce-legislation-protect-340b-drug-pricing-program,4,M001163
ABBOTT LABORATORIES -> Katherine M. Clark,12500.0,2,4,Katherine M. Clark,Democrat,MA,rep,1,2022-09-26,2025-03-18,2022-05-17,2023-01-12,https://katherineclark.house.gov/press-releases?ID=C9F2DDE0-A2C5-480F-9113-1C52CEB20A61,13,C001101
"AMERICAN ASSOCIATION OF NURSE PRACTITIONERS -> Earl L. ""Buddy"" Carter",12500.0,3,4,"Earl L. ""Buddy"" Carter",Republican,GA,rep,1,2022-09-12,2025-03-20,2022-11-17,2024-09-18,https://buddycarter.house.gov/news/documentsingle.aspx?DocumentID=15088,149,C001103
AMERICAN LAND TITLE ASSOCIATION -> John Barrasso,12500.0,2,4,John Barrasso,Republican,WY,sen,1,2023-06-07,2025-12-09,2026-02-05,2026-02-25,https://www.barrasso.senate.gov/barrasso-recognizes-wyomings-2026-olympic-athletes/,197,B001261
BERKSHIRE HATHAWAY ENERGY -> Scott H. Peters,12500.0,3,4,Scott H. Peters,Democrat,CA,rep,1,2023-03-28,2025-10-22,2024-06-28,2024-09-24,https://scottpeters.house.gov/press-releases/rep-peters-urges-colleagues-to-pass-his-wildfire-prevention-bill,362,P000608
BLUE CROSS AND BLUE SHIELD ASSOCIATION -> Alma S. Adams,12500.0,2,3,Alma S. Adams,Democrat,NC,rep,1,2022-05-11,2023-10-16,2022-03-16,2023-07-28,https://adams.house.gov/media-center/press-releases/adams-underwood-announce-speakers-black-maternal-health-caucus-2023,393,A000370
EXXON MOBIL CORPORATION -> Dan Sullivan,12500.0,5,3,Dan Sullivan,Republican,AK,sen,1,2025-03-26,2025-10-14,2022-08-19,2025-12-17,https://www.sullivan.senate.gov/newsroom/press-releases/sullivan-recognizes-longtime-staff-member-kathlene-rowell-as-alaskan-of-the-week,824,S001198
HEWLETT PACKARD ENTERPRISE COMPANY -> Richard J. Durbin,12500.0,2,3,Richard J. Durbin,Democrat,IL,sen,1,2022-10-14,2024-10-09,2025-02-13,2025-09-05,https://www.durbin.senate.gov/newsroom/press-releases/durbin-daines-introduce-bipartisan-legislation-to-support-the-future-of-quantum-research-at-energy-department,1005,D000563
MICROSOFT CORPORATION -> Ted Lieu,12500.0,2,4,Ted Lieu,Democrat,CA,rep,1,2023-04-28,2025-11-04,2022-04-19,2024-01-10,https://lieu.house.gov/media-center/press-releases/reps-lieu-nunn-beyer-and-molinaro-introduce-bipartisan-bill-establish,1318,L000582
MICROSOFT CORPORATION -> Charles E. Schumer,12500.0,4,4,Charles E. Schumer,Democrat,NY,sen,1,2022-07-29,2025-09-19,2022-02-17,2023-12-06,https://www.schumer.senate.gov/newsroom/press-releases/statements-from-the-third-bipartisan-senate-forum-on-artificial-intelligence,1318,S000148
NATIONAL MINING ASSOCIATION -> Harriet M. Hageman,12500.0,4,6,Harriet M. Hageman,Republican,WY,rep,1,2022-10-18,2025-09-11,2024-02-21,2025-11-18,https://hageman.house.gov/media/press-releases/natural-resource-committee-passes-hageman-bill-nullify-rock-springs-rmp,1416,H001096
NATIONAL PORK PRODUCERS COUNCIL -> Adrian Smith,12500.0,2,4,Adrian Smith,Republican,NE,rep,1,2022-05-05,2025-05-22,2025-03-19,2025-11-21,https://adriansmith.house.gov/media/press-releases/smith-fellow-ag-trade-caucus-co-chairs-introduce-bipartisan-resolution,1418,S001172
NCTA - THE INTERNET & TELEVISION ASSOCIATION (FKA NAT'L CABLE & TELECOM ASSOC.) -> Yvette D. Clarke,12500.0,7,3,Yvette D. Clarke,Democrat,NY,rep,1,2022-11-01,2025-02-26,2024-04-08,2024-05-01,https://clarke.house.gov/rep-clarke-and-senator-welch-issue-statement-following-fcc-warning-nationwide-impact-of-final-month-for-acp/,1437,C001067
NORTHROP GRUMMAN CORPORATION -> Mike Ezell,12500.0,2,5,Mike Ezell,Republican,MS,rep,1,2023-11-28,2025-10-29,2024-12-12,2025-05-27,https://ezell.house.gov/news/documentsingle.aspx?DocumentID=811,1485,E000235
PARSONS CORPORATION -> Shelley Moore Capito,12500.0,4,3,Shelley Moore Capito,Republican,WV,sen,1,2022-08-18,2025-06-16,2023-09-13,2024-08-30,https://www.capito.senate.gov/news/press-releases/ranking-member-capito-opening-statement-at-hearing-on-effects-of-extreme-heat-and-weather-on-transportation,1564,C001047
"TRANSPORT WORKERS UNION OF AMERICA, AFL-CIO -> Jack Reed",12500.0,4,5,Jack Reed,Democrat,RI,sen,1,2022-03-17,2024-07-23,2023-03-29,2025-08-08,https://www.reed.senate.gov/news/releases/with-violent-air-rage-incidents-still-at-elevated-levels-reed-swalwell-and-fitzpatrick-renew-bipartisan-push-to-ground-unruly-passengers,2088,R000122
"VISA, INC. -> Shelley Moore Capito",12500.0,3,4,Shelley Moore Capito,Republican,WV,sen,1,2023-10-24,2025-03-17,2024-06-21,2026-03-25,https://www.capito.senate.gov/news/press-releases/capito-joins-letter-advocating-for-pastor-ezra-jins-release-ahead-of-us-china-summit,2204,C001047
"VISA, INC. -> Brad Sherman",12500.0,8,8,Brad Sherman,Democrat,CA,rep,1,2022-09-12,2025-12-18,2022-04-06,2025-09-30,https://sherman.house.gov/media-center/press-releases/sherman-reintroduces-accountability-terrorist-perpetrators-october-7th,2204,S000344
"ALASKA AIRLINES, INC. -> Mazie K. Hirono",12000.0,2,4,Mazie K. Hirono,Democrat,HI,sen,1,2023-06-06,2025-02-25,2023-06-15,2024-06-18,https://www.hirono.senate.gov/news/press-releases/photos-and-video-hirono-and-chamber-of-commerce-hawaii-host-8th-annual-hawaii-on-the-hill-in-washington-dc,77,H001042
BOEING COMPANY -> John R. Curtis,12000.0,2,6,John R. Curtis,Republican,UT,sen,1,2022-05-12,2025-06-26,2025-10-23,2026-02-13,https://www.curtis.senate.gov/press-releases/curtis-statement-at-epw-subcommittee-hearing-on-chemical-regulation,406,C001114
EXXON MOBIL CORPORATION -> Steven Horsford,12000.0,2,5,Steven Horsford,Democrat,NV,rep,1,2022-05-18,2024-10-23,2022-03-17,2022-03-30,https://horsford.house.gov/media/press-releases/congressman-steven-horsford-questions-irs-commissioner-on-rising-gas-prices,824,H001066
INTEL CORPORATION -> Darin LaHood,12000.0,2,5,Darin LaHood,Republican,IL,rep,1,2022-03-10,2024-03-15,2022-06-16,2022-12-15,https://lahood.house.gov/2022/6/lahood-intel-gop-kick-off-beyond-the-scif-series,1081,L000585
"VISA, INC. -> Tom Cole",12000.0,4,3,Tom Cole,Republican,OK,rep,1,2024-09-26,2025-12-18,2022-06-06,2024-05-21,https://cole.house.gov/media/press-releases/cole-congratulates-2024-ok-04-congressional-art-competition-winners,2204,C001053
"VISA, INC. -> Jimmy Panetta",12000.0,7,8,Jimmy Panetta,Democrat,CA,rep,1,2022-10-21,2025-05-23,2023-05-15,2025-10-30,https://panetta.house.gov/media/press-releases/rep-panetta-urges-admin-reconsider-h-1b-visa-position-reaffirm-relationship,2204,P000613
"VISA, INC. -> Jeanne Shaheen",12000.0,16,6,Jeanne Shaheen,Democrat,NH,sen,1,2022-09-12,2025-08-20,2023-03-14,2025-05-06,https://www.shaheen.senate.gov/news/press/shaheen-secures-landmark-victory-for-afghan-siv-program,2204,S001181
RECORDING INDUSTRY ASSOCIATION OF AMERICA INC -> Marsha Blackburn,11700.0,12,5,Marsha Blackburn,Republican,TN,sen,1,2022-03-17,2024-06-27,2024-07-12,2025-08-20,https://www.blackburn.senate.gov/2025/8/technology/blackburn-welch-introduce-bipartisan-bill-to-protect-musicians-artists-and-creators-from-unauthorized-ai-training,1698,B001243
"NATIONAL SHOOTING SPORTS FOUNDATION, INC. -> Blake D. Moore",11633.85,3,11,Blake D. Moore,Republican,UT,rep,1,2022-02-15,2025-08-20,2022-10-14,2023-11-09,https://blakemoore.house.gov/media/press-releases/congressmen-blake-moore-and-jimmy-panetta-reintroduce-range-access-act-expand,1426,M001213
ALZHEIMER'S ASSOCIATION -> Paul Tonko,11603.45,7,6,Paul Tonko,Democrat,NY,rep,1,2022-05-14,2025-12-16,2022-05-17,2024-10-03,https://tonko.house.gov/news/documentsingle.aspx?DocumentID=4229,119,T000469
LEAGUE OF CONSERVATION VOTERS -> Summer L. Lee,11602.79,4,12,Summer L. Lee,Democrat,PA,rep,1,2022-01-27,2025-06-25,2023-04-10,2024-04-09,https://summerlee.house.gov/newsroom/press-releases/summer-lee-calls-on-republican-party-to-not-nominate-white-supremacist-antisemite-as-speaker,1195,L000602
"AMERICAN AIRLINES INC (FORMERLY REPORTED AS ""AMERICAN AIRLINES"") -> Ted Cruz",11600.0,6,5,Ted Cruz,Republican,TX,sen,1,2023-06-19,2025-09-29,2023-02-17,2026-01-29,https://www.cruz.senate.gov/newsroom/press-releases/sen-cruz-tours-american-airlines-global-hq-in-fort-worth-texas,141,C001098
NATIONAL AIR TRAFFIC CONTROLLERS ASSOCIATION -> Mark R. Warner,11600.0,2,4,Mark R. Warner,Democrat,VA,sen,1,2024-12-19,2025-12-22,2026-01-28,2026-02-12,https://www.warner.senate.gov/public/index.cfm/pressreleases?ID=FE9092C4-A98A-4FC8-986B-0783E86C6E46,1362,W000805
"AMAZON.COM SERVICES, INC. -> Sydney Kamlager-Dove",11500.0,5,8,Sydney Kamlager-Dove,Democrat,CA,rep,1,2023-04-17,2025-12-02,2023-07-18,2025-08-02,https://kamlager-dove.house.gov/media/press-releases/kamlager-dove-schumer-johnson-introduce-resolution-celebrating-hip-hop,125,K000400
AMERICAN EXPLORATION & PRODUCTION COUNCIL -> Jodey C. Arrington,11500.0,4,8,Jodey C. Arrington,Republican,TX,rep,1,2023-04-27,2025-05-07,2023-03-13,2025-03-06,https://arrington.house.gov/news/documentsingle.aspx?DocumentID=946,172,A000375
AMERICAN HOTEL & LODGING ASSOCIATION -> Blake D. Moore,11500.0,4,3,Blake D. Moore,Republican,UT,rep,1,2022-09-13,2025-01-27,2022-02-02,2023-06-14,https://blakemoore.house.gov/media/press-releases/representatives-blake-moore-and-annie-kuster-reintroduce-legislation-support,190,M001213
"CHEVRON U.S.A., INC. -> J. Luis Correa",11500.0,2,5,J. Luis Correa,Democrat,CA,rep,1,2022-03-08,2024-08-14,2024-01-17,2024-06-28,https://correa.house.gov/news/press-releases/ranking-members-nadler-correa-statement-in-response-to-supreme-courts-decision-overturning-chevron-deference,503,C001110
"DAVITA, INC. -> Suzan K. DelBene",11500.0,2,9,Suzan K. DelBene,Democrat,WA,rep,1,2022-05-10,2025-03-25,2025-07-17,2026-03-17,https://delbene.house.gov/news/documentsingle.aspx?DocumentID=4282,683,D000617
"VISA, INC. -> Gus M. Bilirakis",11500.0,3,6,Gus M. Bilirakis,Republican,FL,rep,1,2022-08-25,2025-12-18,2022-03-16,2025-11-19,https://bilirakis.house.gov/media/press-releases/two-more-bilirakis-bills-become-law-0,2204,B001257
"VISA, INC. -> Sharice Davids",11500.0,3,6,Sharice Davids,Democrat,KS,rep,1,2022-12-09,2025-12-18,2024-06-18,2025-02-24,https://davids.house.gov/media/press-releases/icymi-davids-leads-discussion-kansas-citys-world-cup-preparations,2204,D000629
"VISA, INC. -> Blake D. Moore",11500.0,3,7,Blake D. Moore,Republican,UT,rep,1,2023-08-01,2025-03-17,2022-02-02,2024-05-10,https://blakemoore.house.gov/media/press-releases/representatives-blake-moore-and-annie-kuster-reintroduce-legislation-support,2204,M001213
WELLS FARGO & COMPANY -> Sean Casten,11500.0,5,6,Sean Casten,Democrat,IL,rep,1,2022-02-23,2025-09-24,2022-09-21,2025-05-15,https://casten.house.gov/media/press-releases/casten-warren-lawmakers-urge-financial-regulators-to-stop-obstruction-of-efforts-to-tackle-climate-related-financial-risks,2236,C001117
LEAGUE OF CONSERVATION VOTERS -> Marcy Kaptur,11199.41,2,13,Marcy Kaptur,Democrat,OH,rep,1,2022-04-15,2025-12-17,2024-02-07,2025-01-09,https://kaptur.house.gov/media-center/press-releases/kaptur-dingell-and-huizenga-join-joyce-introducing-legislation,1195,K000009
LEAGUE OF CONSERVATION VOTERS -> Seth Magaziner,11018.53,2,10,Seth Magaziner,Democrat,RI,rep,1,2022-05-06,2025-06-27,2024-01-09,2024-03-01,https://magaziner.house.gov/media/press-releases/magaziner-receives-perfect-score-league-conservation-voters-2023-scorecard,1195,M001223
"AMAZON.COM SERVICES, INC. -> Mike Crapo",11000.0,2,4,Mike Crapo,Republican,ID,sen,1,2023-09-25,2025-12-02,2023-06-22,2025-09-10,https://www.crapo.senate.gov/media/newsreleases/crapo-statement-at-hearing-on-cattle-supply-chains-and-amazon-deforestation,125,C000880
"AMAZON.COM SERVICES, INC. -> Ruben Gallego",11000.0,3,4,Ruben Gallego,Democrat,AZ,sen,1,2022-07-26,2025-04-22,2025-05-05,2025-12-11,https://www.gallego.senate.gov/news/press-releases/icymi-senator-gallego-talks-trade-policies-global-energy-challenges-at-mccain-institute-sedona-forum/,125,G000574
"AMERICAN AIRLINES INC (FORMERLY REPORTED AS ""AMERICAN AIRLINES"") -> Frederica S. Wilson",11000.0,2,8,Frederica S. Wilson,Democrat,FL,rep,1,2022-01-12,2024-11-18,2022-11-28,2022-11-28,https://wilson.house.gov/media/press-releases/wilson-participates-in-oversight-hearing-on-airline-ground-workers-unsafe-working-conditions,141,W000808
AMERICAN CLEAN POWER ASSOCIATION -> Mike Levin,11000.0,3,5,Mike Levin,Democrat,CA,rep,1,2023-10-26,2025-10-29,2023-01-25,2025-03-24,https://levin.house.gov/media/press-releases/rep-mike-levin-reintroducesbill-to-responsibly-expand-renewable-energy-on-public-lands,161,L000593
"AXON ENTERPRISE, INC. -> Scott Fitzgerald",11000.0,3,9,Scott Fitzgerald,Republican,WI,rep,1,2023-06-01,2025-12-17,2023-05-11,2025-11-18,https://fitzgerald.house.gov/media/press-releases/rep-fitzgeralds-ndo-fairness-act-and-law-enforcement-innovate-de-escalate-act,321,F000471
BOEING COMPANY -> Joe Courtney,11000.0,4,7,Joe Courtney,Democrat,CT,rep,1,2022-09-12,2025-12-07,2023-10-25,2025-06-05,https://courtney.house.gov/media-center/press-releases/ranking-member-courtney-statement-reported-trump-plan-use-qatari-gifted,406,C001069
"CHEVRON U.S.A., INC. -> Steve Scalise",11000.0,9,3,Steve Scalise,Republican,LA,rep,1,2023-05-16,2025-06-09,2023-07-28,2024-12-22,https://scalise.house.gov/press-releases/Scalise-Sends-Letter-to-Colleagues-Touting-Republican-Wins-in-118th-Congress,503,S001176
GENERAL MOTORS COMPANY -> Todd Young,11000.0,5,5,Todd Young,Republican,IN,sen,1,2022-04-13,2025-03-24,2022-07-27,2024-05-21,https://www.young.senate.gov/newsroom/press-releases/young-statement-on-passage-of-china-competitiveness-legislation/,923,Y000064
INTEL CORPORATION -> Martin Heinrich,11000.0,3,6,Martin Heinrich,Democrat,NM,sen,1,2022-11-16,2024-07-26,2024-03-20,2024-06-12,https://www.heinrich.senate.gov/newsroom/press-releases/video-heinrich-asks-commerce-secretary-about-manufacturing-in-rio-rancho-rural-business-center-in-las-vegas-and-national-labs-work-on-artificial-intelligence,1081,H001046
INTEL CORPORATION -> Ron Wyden,11000.0,4,3,Ron Wyden,Democrat,OR,sen,1,2022-03-27,2023-09-12,2024-03-05,2025-02-13,https://www.wyden.senate.gov/news/press-releases/wyden-and-biggs-urge-new-intel-chief-gabbard-to-protect-americans-communications-from-foreign-surveillance,1081,W000779
MICROSOFT CORPORATION -> Zoe Lofgren,11000.0,2,5,Zoe Lofgren,Democrat,CA,rep,1,2022-03-29,2025-09-29,2025-03-13,2025-07-22,https://lofgren.house.gov/media/press-releases/reps-lofgren-raskin-dem-colleagues-demand-answers-about-tulsi-gabbards-newly,1318,L000397
MICROSOFT CORPORATION -> Ron Wyden,11000.0,6,3,Ron Wyden,Democrat,OR,sen,1,2022-07-29,2025-12-08,2023-09-13,2025-09-10,https://www.wyden.senate.gov/news/press-releases/wyden-welch-warren-urge-biden-administration-to-crack-down-on-big-tech-for-massive-ai-consolidation,1318,W000779
NATIONAL AIR TRAFFIC CONTROLLERS ASSOCIATION -> Sean Casten,11000.0,5,4,Sean Casten,Democrat,IL,rep,1,2024-09-10,2025-06-11,2024-05-07,2025-09-08,https://casten.house.gov/media/press-releases/castens-bipartisan-pilot-mental-health-bill-passes-house,1362,C001117
"VISA, INC. -> Chris Van Hollen",11000.0,19,5,Chris Van Hollen,Democrat,MD,sen,1,2022-07-19,2025-12-18,2023-05-24,2026-03-02,https://www.vanhollen.senate.gov/news/press-releases/van-hollen-warren-markey-pressley-lawmakers-question-rubio-on-abuse-of-power-to-deport-students-academics-violation-of-first-amendment-rights,2204,V000128
AMERICAN VETERINARY MEDICAL ASSOCIATION -> Deborah K. Ross,10500.0,2,7,Deborah K. Ross,Democrat,NC,rep,1,2022-09-23,2025-12-11,2024-09-10,2025-03-21,https://ross.house.gov/2025/3/ross-tenney-introduce-bill-to-make-pet-insurance-more-affordable,227,R000305
CONOCOPHILLIPS -> Dan Sullivan,10500.0,11,3,Dan Sullivan,Republican,AK,sen,1,2023-08-29,2025-06-16,2023-02-01,2024-02-21,https://www.sullivan.senate.gov/newsroom/press-releases/sullivan-shares-optimistic-vision-for-alaskas-future-in-annual-address-to-legislature,602,S001198
"FIRST SOLAR, INC. -> Bill Cassidy",10500.0,12,3,Bill Cassidy,Republican,LA,sen,1,2024-06-26,2024-06-30,2024-09-30,2025-04-08,https://www.cassidy.senate.gov/newsroom/press-releases/what-they-are-saying-trump-cabinet-voices-support-for-cassidys-trade-manufacturing-bill-to-hold-china-accountable/,854,C001075
GENERAL MOTORS COMPANY -> Jodey C. Arrington,10500.0,2,6,Jodey C. Arrington,Republican,TX,rep,1,2022-02-25,2025-03-24,2023-02-08,2023-07-20,https://arrington.house.gov/news/documentsingle.aspx?DocumentID=930,923,A000375
INTEL CORPORATION -> Ashley Hinson,10500.0,2,4,Ashley Hinson,Republican,IA,rep,1,2022-09-12,2025-09-02,2022-11-01,2023-03-10,https://hinson.house.gov/media/press-releases/hinson-votes-declassify-intel-covid-19-origins,1081,H001091
NATIONAL ASSOCIATION OF BROADCASTERS -> Marsha Blackburn,10500.0,4,4,Marsha Blackburn,Republican,TN,sen,1,2022-12-29,2024-12-18,2024-07-12,2025-12-10,https://www.blackburn.senate.gov/2025/4/technology/blackburn-coons-salazar-dean-colleagues-introduce-no-fakes-act-to-protect-individuals-and-creators-from-digital-replicas,1368,B001243
NATIONAL FOOTBALL LEAGUE -> Brian K. Fitzpatrick,10500.0,2,3,Brian K. Fitzpatrick,Republican,PA,rep,1,2023-07-28,2025-03-13,2023-03-15,2025-03-28,https://fitzpatrick.house.gov/2025/3/fitzpatrick-kelly-panetta-thune-murphy-lead-bipartisan-bicameral-effort-to-promote-healthier-living-and-physical-activity,1408,F000466
VERIZON COMMUNICATIONS INC. AND VARIOUS SUBSIDIARIES -> Troy A. Carter,10500.0,2,6,Troy A. Carter,Democrat,LA,rep,1,2022-12-15,2025-12-16,2025-03-20,2025-07-17,https://troycarter.house.gov/media/press-releases/rep-carter-introduces-open-ran-outreach-act-improve-telecom-coverage-rural,2194,C001125
"VISA, INC. -> John Boozman",10500.0,2,4,John Boozman,Republican,AR,sen,1,2022-09-12,2025-06-27,2023-03-14,2023-04-25,https://www.boozman.senate.gov/public/index.cfm/press-releases?ID=CCA3235D-BEC2-409D-A0A5-69384D0C7447,2204,B001236
"VISA, INC. -> Deb Fischer",10500.0,3,8,Deb Fischer,Republican,NE,sen,1,2023-04-17,2025-08-20,2023-09-19,2023-10-30,https://www.fischer.senate.gov/public/index.cfm/news?ID=DE496BEA-E023-492F-AA9E-8CDAE621A08E,2204,F000463
WALGREEN COMPANY -> Adrian Smith,10500.0,2,3,Adrian Smith,Republican,NE,rep,1,2022-11-07,2025-05-05,2023-03-23,2025-05-02,https://adriansmith.house.gov/media/press-releases/smith-schneider-harshbarger-matsui-reintroduce-bipartisan-bill-expand-seniors,2220,S001172
WALMART INC. -> Sharice Davids,10500.0,3,6,Sharice Davids,Democrat,KS,rep,1,2022-10-26,2025-12-02,2025-12-22,2026-02-20,https://davids.house.gov/media/press-releases/davids-statement-vote-end-trumps-canada-tariffs,2222,D000629
RECORDING INDUSTRY ASSOCIATION OF AMERICA INC -> Thom Tillis,10400.0,2,6,Thom Tillis,Republican,NC,sen,1,2022-07-12,2024-06-27,2025-03-26,2025-07-30,https://www.tillis.senate.gov/2025/7/tillis-colleagues-introduce-framework-to-combat-foreign-online-piracy-protect-american-copyright-holders,1698,T000476
"DAVITA, INC. -> Bill Cassidy",10250.0,2,3,Bill Cassidy,Republican,LA,sen,1,2023-04-26,2025-06-27,2024-09-11,2025-03-27,https://www.cassidy.senate.gov/newsroom/press-releases/cassidy-booker-heinrich-introduce-bill-to-protect-dialysis-patients/,683,C001075
"AMERICAN AIRLINES INC (FORMERLY REPORTED AS ""AMERICAN AIRLINES"") -> Gabe Amo",10100.0,3,4,Gabe Amo,Democrat,RI,rep,1,2023-04-19,2025-06-09,2025-05-23,2025-06-13,https://amo.house.gov/press-release/congressmen-amo-and-lynch-call-for-oversight-of-air-traffic-safety-after-recent-fatal-air-crash-and-near-misses,141,A000380
"DIAGEO NORTH AMERICA, INC. -> Stacey E. Plaskett",10058.0,2,7,Stacey E. Plaskett,Democrat,VI,rep,1,2022-06-21,2025-10-23,2025-07-10,2025-09-05,https://plaskett.house.gov/news/documentsingle.aspx?DocumentID=5717,700,P000610
"CHEVRON U.S.A., INC. -> Dan Newhouse",10050.0,2,3,Dan Newhouse,Republican,WA,rep,1,2025-04-21,2025-12-16,2024-08-02,2024-09-10,https://newhouse.house.gov/media-center/press-releases/newhouse-senator-lummis-introduce-legislation-overturn-burdensome,503,N000189
"THE GOLDMAN SACHS GROUP, INC. -> Andrew R. Garbarino",10050.0,6,6,Andrew R. Garbarino,Republican,NY,rep,1,2022-04-12,2023-10-04,2023-02-28,2025-02-26,https://garbarino.house.gov/media/press-releases/heels-911-garbarino-gillibrand-schumer-braun-nadler-desposito-goldman-champion,2023,G000597
"ADVANCED MICRO DEVICES, INC. -> Michael T. McCaul",10000.0,2,3,Michael T. McCaul,Republican,TX,rep,1,2022-10-20,2024-11-12,2023-03-14,2023-03-15,https://mccaul.house.gov/media-center/press-releases/mccaul-tours-advanced-micro-devices-campus-austin,41,M001157
"ALBERTSONS COMPANIES, INC. -> Ron Wyden",10000.0,4,2,Ron Wyden,Democrat,OR,sen,1,2022-07-14,2022-07-14,2023-12-19,2025-01-17,https://www.wyden.senate.gov/news/press-releases/wyden-urges-federal-trade-commission-to-block-kroger-albertsons-merger,79,W000779
ALZHEIMER'S ASSOCIATION -> Shelley Moore Capito,10000.0,5,2,Shelley Moore Capito,Republican,WV,sen,1,2024-04-04,2025-05-22,2024-02-09,2026-03-23,https://www.capito.senate.gov/news/press-releases/in-case-you-missed-it-capito-colleagues-introduce-bipartisan-legislation-to-expand-access-to-alzheimers-screening,119,C001047
AMERICAN ASSOCIATION OF NURSE PRACTITIONERS -> Janice D. Schakowsky,10000.0,2,4,Janice D. Schakowsky,Democrat,IL,rep,1,2022-03-03,2025-03-20,2022-07-13,2022-11-17,https://schakowsky.house.gov/media/press-releases/schakowsky-carter-applaud-passage-lymphedema-treatment-act,149,S001145
AMERICAN FOREST & PAPER ASSOCIATION -> Tammy Baldwin,10000.0,2,2,Tammy Baldwin,Democrat,WI,sen,1,2024-02-26,2024-02-26,2024-08-08,2025-06-18,https://www.baldwin.senate.gov/news/press-releases/baldwin-marshall-introduce-bill-to-lower-costs-and-improve-reliability-of-freight-rail-service-for-american-businesses,179,B001230
AMERICAN ISRAEL PUBLIC AFFAIRS COMMITTEE -> Tim Scott,10000.0,3,4,Tim Scott,Republican,SC,sen,1,2022-02-10,2022-07-20,2022-06-14,2024-06-03,https://www.scott.senate.gov/media-center/press-releases/sen-scott-rep-lawler-call-for-biden-administration-to-censure-iran-at-iaea/,194,S001184
"BLUE ORIGIN, LLC -> Mike Haridopolos",10000.0,3,4,Mike Haridopolos,Republican,FL,rep,1,2025-02-04,2025-03-19,2025-01-03,2025-01-16,https://haridopolos.house.gov/media/press-releases/mike-haridopolos-sworn-congressman-floridas-8th-district,396,H001099
BOEING COMPANY -> Mazie K. Hirono,10000.0,2,7,Mazie K. Hirono,Democrat,HI,sen,1,2023-05-31,2024-09-23,2025-05-16,2025-05-21,https://www.hirono.senate.gov/news/press-releases/hirono-colleagues-urge-justice-department-watchdog-to-open-investigation-into-dojs-role-in-unconstitutional-qatar-airplane-scheme,406,H001042
"BP AMERICA, INC. -> Rick Larsen",10000.0,2,3,Rick Larsen,Democrat,WA,rep,1,2023-07-24,2025-07-09,2024-08-17,2025-12-11,https://larsen.house.gov/news/documentsingle.aspx?DocumentID=4072,417,L000560
"CHEVRON U.S.A., INC. -> Kevin Cramer",10000.0,4,2,Kevin Cramer,Republican,ND,sen,1,2023-02-14,2024-02-06,2024-01-30,2025-02-19,https://www.cramer.senate.gov/news/press-releases/supreme-court-overturns-chevron-deference-restricts-bureaucratic-overreach,503,C001096
"CHEVRON U.S.A., INC. -> Cynthia M. Lummis",10000.0,4,2,Cynthia M. Lummis,Republican,WY,sen,1,2025-06-09,2025-12-16,2024-06-28,2025-11-20,https://www.lummis.senate.gov/press-releases/lummis-schmitt-lead-colleagues-in-reclaiming-legislative-power-post-chevron/,503,L000571
"CHEVRON U.S.A., INC. -> Rand Paul",10000.0,5,3,Rand Paul,Republican,KY,sen,1,2022-05-16,2022-09-22,2024-03-28,2025-02-06,https://www.paul.senate.gov/sens-paul-cruz-mcconnell-graham-blast-senate-democrats-political-meddling-in-oil-and-gas-mergers/,503,P000603
CNX RESOURCES CORPORATION -> Carol D. Miller,10000.0,3,3,Carol D. Miller,Republican,WV,rep,1,2023-07-28,2025-03-31,2023-09-19,2024-07-26,https://miller.house.gov/media/press-releases/rep-miller-hosts-energy-focused-roundtable-cnx-ceo-nick-deiuliis,564,M001205
CSX CORPORATION -> Charles E. Schumer,10000.0,14,2,Charles E. Schumer,Democrat,NY,sen,1,2024-03-14,2025-02-14,2022-08-08,2025-12-15,https://www.schumer.senate.gov/newsroom/press-releases/schumer-train-cars-carrying-hazardous-materials-regularly-run-through-western-ny-with-norfolk-southern-running-through-the-heart-of-wyoming-county-in-wake-of-national-rail-accidents-senator-says-spotlight-turns-to-wny-and-launches-push-for-bipartisan-bill-to-strengthen-rail-reforms-increase-transparency-and-keep-communities-safe,658,S000148
"DAVITA, INC. -> Carol D. Miller",10000.0,4,5,Carol D. Miller,Republican,WV,rep,1,2022-03-22,2025-11-17,2024-03-27,2025-07-18,https://miller.house.gov/media/press-releases/millers-statement-usps-postmaster-general-louis-dejoys-decision-pause-changes,683,M001205
"DELL TECHNOLOGIES, INC. -> Mike Crapo",10000.0,2,3,Mike Crapo,Republican,ID,sen,1,2022-07-19,2025-06-03,2024-07-18,2025-01-14,https://www.crapo.senate.gov/media/newsreleases/crapo-announces-finance-committee-staff-updates,689,C000880
"ELEVANCE HEALTH, INC. (FORMERLY REPORTED AS ANTHEM, INC.) -> Richard J. Durbin",10000.0,3,2,Richard J. Durbin,Democrat,IL,sen,1,2022-08-24,2024-07-10,2025-02-04,2025-02-20,https://www.durbin.senate.gov/newsroom/press-releases/durbin-leads-senate-judiciary-committee-democrats-in-letter-to-chairman-grassley-on-kash-patels-dangerous-nomination-to-lead-the-fbi,757,D000563
ELI LILLY AND COMPANY -> Ruben Gallego,10000.0,2,2,Ruben Gallego,Democrat,AZ,sen,1,2025-05-22,2025-05-22,2025-06-06,2025-11-18,https://www.gallego.senate.gov/news/press-releases/gallego-supports-bipartisan-legislation-to-combat-obesity-epidemic/,759,G000574
ELI LILLY AND COMPANY -> Jeanne Shaheen,10000.0,8,3,Jeanne Shaheen,Democrat,NH,sen,1,2023-12-04,2024-06-03,2023-03-01,2023-12-20,https://www.shaheen.senate.gov/news/press/shaheen-collins-lead-bipartisan-group-of-lawmakers-pushing-to-reauthorize-special-diabetes-program,759,S001181
FAIR ISAAC CORPORATION (DBA FICO) -> Scott Fitzgerald,10000.0,2,2,Scott Fitzgerald,Republican,WI,rep,1,2025-06-26,2025-06-26,2023-06-23,2024-04-05,https://fitzgerald.house.gov/media/press-releases/fitzgerald-introduces-bill-codify-credit-reporting-practices-homebuyers,826,F000471
"FIRST SOLAR, INC. -> Marcy Kaptur",10000.0,10,3,Marcy Kaptur,Democrat,OH,rep,1,2023-06-28,2024-03-15,2022-08-03,2024-06-05,https://kaptur.house.gov/media-center/press-releases/kaptur-votes-disapprove-biden-decision-suspending-solar-tariffs,854,K000009
INTEL CORPORATION -> Ruben Gallego,10000.0,2,3,Ruben Gallego,Democrat,AZ,sen,1,2022-10-25,2025-02-28,2025-12-17,2026-03-12,https://www.gallego.senate.gov/news/press-releases/gallego-statement-on-ndaa-final-passage/,1081,G000574
"MICRON TECHNOLOGY, INC. -> Mike Crapo",10000.0,3,2,Mike Crapo,Republican,ID,sen,1,2024-10-17,2025-12-17,2022-09-02,2024-03-12,https://www.crapo.senate.gov/media/newsreleases/idaho-delegation-applauds-micron-announcement,1317,C000880
MICROSOFT CORPORATION -> Tom Cotton,10000.0,4,2,Tom Cotton,Republican,AR,sen,1,2025-06-30,2025-09-05,2025-01-19,2025-08-07,https://www.cotton.senate.gov/news/press-releases/cotton-to-hegseth-congress-and-department-of-defense-should-work-together-to-protect-systems-from-non-us-citizens,1318,C001095
NATIONAL AIR TRAFFIC CONTROLLERS ASSOCIATION -> Thomas R. Suozzi,10000.0,2,4,Thomas R. Suozzi,Democrat,NY,rep,1,2024-10-31,2025-08-14,2024-06-07,2025-07-29,https://suozzi.house.gov/media/press-releases/reps-suozzi-and-desposito-react-faas-disgraceful-response-their-letter,1362,S001201
NATIONAL FOOTBALL LEAGUE -> Charles E. Schumer,10000.0,2,2,Charles E. Schumer,Democrat,NY,sen,1,2022-10-17,2024-08-22,2024-12-09,2024-12-10,https://www.schumer.senate.gov/newsroom/press-releases/touchdown-schumer-successfully-passes-buffalo-bills-damar-hamlins-lifesaving-hearts-act,1408,S000148
NATIONAL FOOTBALL LEAGUE -> David Schweikert,10000.0,2,3,David Schweikert,Republican,AZ,rep,1,2022-05-16,2025-03-13,2023-09-13,2023-12-12,https://schweikert.house.gov/2023/12/12/schweikert-mccarthy-and-bipartisan-bicameral-leaders-reintroduce-forward-act-to-fight-valley-fever/,1408,S001183
NATIONAL PORK PRODUCERS COUNCIL -> Ronny Jackson,10000.0,2,3,Ronny Jackson,Republican,TX,rep,1,2022-06-16,2025-07-01,2023-05-19,2025-06-11,https://jackson.house.gov/news/documentsingle.aspx?DocumentID=676,1418,J000304
"NATIONAL SHOOTING SPORTS FOUNDATION, INC. -> Tom Emmer",10000.0,2,2,Tom Emmer,Republican,MN,rep,1,2025-01-31,2025-01-31,2024-04-18,2025-03-26,https://emmer.house.gov/media-center/press-releases/emmer-s-bill-to-defend-minnesotans-second-amendment-rights-passes-committee-markup-0,1426,E000294
"NATIONAL SHOOTING SPORTS FOUNDATION, INC. -> Jared F. Golden",10000.0,3,3,Jared F. Golden,Democrat,ME,rep,1,2022-08-29,2023-03-21,2023-11-15,2025-03-04,https://golden.house.gov/media/press-releases/golden-rutherford-reintroduce-the-bipartisan-ffl-protection-act,1426,G000592
"NATIONAL SHOOTING SPORTS FOUNDATION, INC. -> Roger F. Wicker",10000.0,2,3,Roger F. Wicker,Republican,MS,sen,1,2023-05-30,2024-06-10,2023-09-08,2023-11-20,https://www.wicker.senate.gov/2023/9/wicker-hyde-smith-back-bill-to-block-biden-attack-on-school-hunting-archery-programs,1426,W000437
NORFOLK SOUTHERN CORPORATION -> Robin L. Kelly,10000.0,2,4,Robin L. Kelly,Democrat,IL,rep,1,2022-10-18,2024-10-03,2023-04-19,2024-03-28,https://robinkelly.house.gov/media-center/press-releases/rep-robin-kelly-secures-6905444-chicagos-south-suburbs,1478,K000385
"PRUDENTIAL FINANCIAL, INC. -> Mike Crapo",10000.0,3,3,Mike Crapo,Republican,ID,sen,1,2022-02-10,2022-10-17,2023-03-28,2025-06-10,https://www.crapo.senate.gov/media/newsreleases/crapo-tillis-senate-banking-republicans-demand-withdrawal-of-fdics-new-corporate-governance-guidelines,1659,C000880
SAFARI CLUB INTERNATIONAL -> Blake D. Moore,10000.0,3,3,Blake D. Moore,Republican,UT,rep,1,2023-12-22,2025-02-24,2022-10-14,2023-11-09,https://blakemoore.house.gov/media/press-releases/congressmen-blake-moore-and-jimmy-panetta-reintroduce-range-access-act-expand,1761,M001213
SIEMENS CORPORATION -> Charles E. Schumer,10000.0,2,3,Charles E. Schumer,Democrat,NY,sen,1,2023-09-29,2025-08-21,2024-09-09,2024-12-16,https://www.schumer.senate.gov/newsroom/press-releases/schumer-completes-tour-of-all-of-nys-62-counties-for-26th-year-in-a-row-with-this-years-tour-the-culmination-of-legislation-he-championed-delivering-billions-for-ny-creating-thousands-of-good-paying-jobs-and-laying-foundation-for-empire-states-future,1842,S000148
SOLAR ENERGY INDUSTRIES ASSOCIATION -> Kathy Castor,10000.0,3,4,Kathy Castor,Democrat,FL,rep,1,2023-05-16,2025-03-28,2024-03-13,2025-06-26,https://castor.house.gov/news/documentsingle.aspx?DocumentID=404971,1876,C001066
SPACE EXPLORATION TECHNOLOGIES CORPORATION -> Mark R. Warner,10000.0,2,2,Mark R. Warner,Democrat,VA,sen,1,2022-06-30,2022-06-30,2023-01-30,2025-02-24,https://www.warner.senate.gov/public/index.cfm/pressreleases?ID=E30D8334-049B-4F03-91A7-AD73CFF053E2,1895,W000805
"THE GOLDMAN SACHS GROUP, INC. -> Margaret Wood Hassan",10000.0,2,3,Margaret Wood Hassan,Democrat,NH,sen,1,2022-03-31,2023-06-20,2025-09-30,2025-12-18,https://www.hassan.senate.gov/news/press-releases/senators-hassan-johnson-and-reps-meng-salazar-lead-colleagues-in-reintroducing-bipartisan-bill-to-improve-security-for-houses-of-worship,2023,H001076
"THE HOME DEPOT, INC. -> Richard J. Durbin",10000.0,3,2,Richard J. Durbin,Democrat,IL,sen,1,2022-01-30,2023-02-28,2025-07-15,2026-03-17,https://www.durbin.senate.gov/newsroom/press-releases/durbin-when-will-my-colleagues-on-the-other-side-of-the-aisle-decide-the-cruelty-and-fear-tactics-of-this-administration-must-stop,2027,D000563
"THE HOME DEPOT, INC. -> Chuck Edwards",10000.0,21,2,Chuck Edwards,Republican,NC,rep,1,2022-08-31,2023-12-17,2024-10-03,2024-10-28,https://edwards.house.gov/media/press-releases/hurricane-recovery-update-29,2027,E000246
"THE HOME DEPOT, INC. -> Chuck Grassley",10000.0,2,2,Chuck Grassley,Republican,IA,sen,1,2022-03-24,2023-03-23,2025-04-10,2025-07-21,https://www.grassley.senate.gov/news/news-releases/support-grows-for-grassleys-combating-organized-retail-crime-act,2027,G000386
"TRANSPORT WORKERS UNION OF AMERICA, AFL-CIO -> John Fetterman",10000.0,4,2,John Fetterman,Democrat,PA,sen,1,2022-07-27,2024-06-20,2023-03-30,2026-02-26,https://www.fetterman.senate.gov/fetterman-van-hollen-introduce-legislation-to-bolster-public-transit-service-across-the-country/,2088,F000479
"VISA, INC. -> Richard Blumenthal",10000.0,14,4,Richard Blumenthal,Democrat,CT,sen,1,2022-09-12,2025-09-26,2023-07-14,2026-03-30,https://www.blumenthal.senate.gov/newsroom/press/release/senator-blumenthal-week-in-review-8/1/2025-8/8/2025,2204,B001277
"VISA, INC. -> Ami Bera",10000.0,8,5,Ami Bera,Democrat,CA,rep,1,2022-05-24,2025-06-20,2023-02-10,2025-12-08,https://bera.house.gov/news/press-releases/reps-bera-meeks-urge-president-trump-to-provide-tariff-relief-to-japan-amidst-escalating-coercion-tactics-from-the-prc,2204,B001287
"VISA, INC. -> Ruben Gallego",10000.0,9,3,Ruben Gallego,Democrat,AZ,sen,1,2024-12-09,2025-09-26,2025-04-30,2026-02-23,https://www.gallego.senate.gov/news/press-releases/what-they-are-saying-senator-gallego-unveils-his-plan-for-border-security-and-immigration-reform/,2204,G000574
MICROSOFT CORPORATION -> Ted Cruz,9800.0,4,4,Ted Cruz,Republican,TX,sen,1,2023-01-30,2025-11-24,2023-03-29,2025-04-29,https://www.cruz.senate.gov/newsroom/press-releases/wtas-bipartisan-bicameral-take-it-down-act-to-criminalize-the-spread-of-deepfake-revenge-porn-heads-to-president-trumps-desk,1318,C001098
LEAGUE OF CONSERVATION VOTERS -> Thomas R. Suozzi,9621.56,3,10,Thomas R. Suozzi,Democrat,NY,rep,1,2023-12-15,2025-12-17,2025-03-02,2026-02-17,https://suozzi.house.gov/media/press-releases/wake-long-island-wake-new-york-climate-change-real,1195,S001201
"DAVITA, INC. -> Mike Kelly",9500.0,2,7,Mike Kelly,Republican,PA,rep,1,2024-03-13,2025-12-05,2023-12-20,2024-05-23,https://kelly.house.gov/media/press-releases/kelly-colleagues-introduce-restore-protections-dialysis-patients-act,683,K000376
"ELEVANCE HEALTH, INC. (FORMERLY REPORTED AS ANTHEM, INC.) -> Jimmy Gomez",9500.0,2,6,Jimmy Gomez,Democrat,CA,rep,1,2022-01-05,2025-02-26,2024-02-01,2024-08-01,https://gomez.house.gov/news/documentsingle.aspx?DocumentID=3143,757,G000585
GENERAL DYNAMICS CORPORATION -> Mike Collins,9500.0,4,6,Mike Collins,Republican,GA,rep,1,2023-06-29,2025-05-29,2023-07-27,2024-10-01,https://www.collins.senate.gov/newsroom/senator-collins-becomes-15th-person-in-history-to-receive-naval-heritage-award,919,C001129
GENERAL DYNAMICS CORPORATION -> Ron Wyden,9500.0,2,6,Ron Wyden,Democrat,OR,sen,1,2022-01-25,2024-03-26,2024-04-10,2024-05-08,https://www.wyden.senate.gov/news/press-releases/wyden-warren-call-on-education-department-contractor-general-dynamics-to-provide-answers-on-failures-of-new-fafsa-launch,919,W000779
INTEL CORPORATION -> Joyce Beatty,9500.0,6,5,Joyce Beatty,Democrat,OH,rep,1,2022-03-21,2024-09-12,2022-02-04,2024-09-13,https://beatty.house.gov/media-center/press-releases/powering-ohio-s-future-beatty-s-chips-act-advocacy-delivers-again-with-additional-intel-funding,1081,B001281
"LOWE'S COMPANIES, INC., -> Chuck Edwards",9500.0,3,4,Chuck Edwards,Republican,NC,rep,1,2022-12-14,2025-12-12,2024-10-11,2024-10-13,https://edwards.house.gov/media/press-releases/hurricane-helene-update-15-congressman-edwards,1236,E000246
MICROSOFT CORPORATION -> Rand Paul,9500.0,2,4,Rand Paul,Republican,KY,sen,1,2022-05-16,2023-04-28,2023-03-29,2023-05-25,https://www.paul.senate.gov/dr-rand-paul-fights-to-protect-constitution-opposes-senate-bill-to-ban-tiktok/,1318,P000603
"NATIONAL SHOOTING SPORTS FOUNDATION, INC. -> Roger Williams",9500.0,2,6,Roger Williams,Republican,TX,rep,1,2022-04-06,2025-06-25,2024-05-31,2025-04-17,https://williams.house.gov/media-center/press-releases/rep-williams-introduces-resolution-reaffirming-support-second-amendment,1426,W000816
"NOVO NORDISK, INC. -> Frank Pallone, Jr.",9500.0,2,5,"Frank Pallone, Jr.",Democrat,NJ,rep,1,2022-06-29,2025-03-10,2024-08-26,2024-09-16,https://pallone.house.gov/media/press-releases/pallone-highlights-medicare-drug-price-negotiations-highlights-legislation,1493,P000034
SOLAR ENERGY INDUSTRIES ASSOCIATION -> Juan Ciscomani,9500.0,2,5,Juan Ciscomani,Republican,AZ,rep,1,2024-06-18,2025-03-28,2023-10-23,2026-01-20,https://ciscomani.house.gov/media/press-releases/ciscomani-part-bipartisan-effort-cut-red-tape-residential-solar-other-home,1876,C001133
VERIZON COMMUNICATIONS INC. AND VARIOUS SUBSIDIARIES -> Ted Cruz,9500.0,2,3,Ted Cruz,Republican,TX,sen,1,2022-09-29,2025-03-25,2023-11-10,2023-12-15,https://www.cruz.senate.gov/newsroom/press-releases/sen-cruz-colleagues-call-out-dojs-campaign-to-spy-on-personal-communications-of-congressional-staff,2194,C001098
"VISA, INC. -> Maria Elvira Salazar",9500.0,28,7,Maria Elvira Salazar,Republican,FL,rep,1,2022-10-28,2025-08-20,2023-05-23,2026-03-17,https://salazar.house.gov/media/press-releases/salazars-dignity-act-will-save-social-security-and-medicare-and-improve,2204,S000168
WALMART INC. -> Veronica Escobar,9500.0,6,5,Veronica Escobar,Democrat,TX,rep,1,2022-09-29,2025-06-03,2022-08-03,2025-11-21,https://escobar.house.gov/news/documentsingle.aspx?DocumentID=2997,2222,E000299
LEAGUE OF CONSERVATION VOTERS -> Kristen McDonald Rivet,9206.99,3,12,Kristen McDonald Rivet,Democrat,MI,rep,1,2024-05-31,2025-12-17,2025-06-27,2026-01-14,https://mcdonaldrivet.house.gov/media/press-releases/rep-mcdonald-rivet-leads-bipartisan-effort-support-clean-water-infrastructure,1195,M001237
"ROCKET LAB USA, INC. -> Martin Heinrich",9100.0,3,4,Martin Heinrich,Democrat,NM,sen,1,2023-02-13,2025-08-15,2024-06-11,2024-07-16,https://www.heinrich.senate.gov/newsroom/press-releases/nm-delegation-welcomes-expansion-of-albuquerque-based-solaeros-semiconductor-manufacturing-creating-100-new-jobs,1744,H001046
ABBOTT LABORATORIES -> Lori Trahan,9000.0,2,3,Lori Trahan,Democrat,MA,rep,1,2024-09-20,2025-09-18,2022-05-17,2022-08-05,https://trahan.house.gov/news/documentsingle.aspx?DocumentID=2580,13,T000482
"AMAZON.COM SERVICES, INC. -> Lisa Murkowski",9000.0,2,4,Lisa Murkowski,Republican,AK,sen,1,2022-02-24,2025-09-29,2024-04-19,2024-08-01,https://www.murkowski.senate.gov/press/release/murkowski-slams-biden-administrations-decisions-in-senate-floor-speech,125,M001153
BOEING COMPANY -> Sharice Davids,9000.0,2,7,Sharice Davids,Democrat,KS,rep,1,2022-03-29,2025-08-25,2023-01-27,2025-01-15,https://davids.house.gov/media/press-releases/davids-reassigned-transportation-infrastructure-agriculture-committees-119th,406,D000629
CSX CORPORATION -> Richard E. Neal,9000.0,8,4,Richard E. Neal,Democrat,MA,rep,1,2022-03-29,2025-04-11,2022-01-13,2024-10-31,https://neal.house.gov/2024/10/31/news-documentsingle-aspx-documentid-4050/,658,N000015
CTIA-THE WIRELESS ASSOCIATION -> Yvette D. Clarke,9000.0,7,7,Yvette D. Clarke,Democrat,NY,rep,1,2022-09-21,2025-06-18,2024-04-08,2024-05-01,https://clarke.house.gov/rep-clarke-and-senator-welch-issue-statement-following-fcc-warning-nationwide-impact-of-final-month-for-acp/,662,C001067
LOCKHEED MARTIN CORPORATION -> Rosa L. DeLauro,9000.0,2,8,Rosa L. DeLauro,Democrat,CT,rep,1,2022-03-16,2022-05-12,2022-03-28,2022-06-03,https://delauro.house.gov/media-center/press-releases/delauro-statement-agreement-between-sikorsky-lockheed-martin-company-and,1227,D000216
NATIONAL ASSOCIATION OF BROADCASTERS -> Jamie Raskin,9000.0,4,3,Jamie Raskin,Democrat,MD,rep,1,2022-07-13,2025-03-26,2022-04-06,2023-07-19,https://raskin.house.gov/2023/7/rep-raskin-s-press-act-passes-judiciary-committee-with-unanimous-bipartisan-support,1368,R000606
"NATIONAL SHOOTING SPORTS FOUNDATION, INC. -> Mike Crapo",9000.0,14,2,Mike Crapo,Republican,ID,sen,1,2022-05-09,2023-10-16,2023-02-15,2026-03-05,https://www.crapo.senate.gov/media/newsreleases/crapo-signs-on-to-parts-act-to-protect-gun-owners-cut-red-tape,1426,C000880
"NATIONAL SHOOTING SPORTS FOUNDATION, INC. -> John H. Rutherford",9000.0,2,5,John H. Rutherford,Republican,FL,rep,1,2022-06-22,2024-09-24,2023-04-26,2025-03-04,https://rutherford.house.gov/media/press-releases/rutherford-introduces-legislation-enhance-penalties-firearm-thefts,1426,R000609
SIEMENS CORPORATION -> Doris O. Matsui,9000.0,3,4,Doris O. Matsui,Democrat,CA,rep,1,2022-03-21,2025-03-27,2023-05-05,2023-08-15,https://matsui.house.gov/media/in-the-news/sacramento-business-journal-sacramento-applies-federal-funding-tech-hub-effort,1842,M001163
LEAGUE OF CONSERVATION VOTERS -> Kathy Castor,8568.53,2,10,Kathy Castor,Democrat,FL,rep,1,2022-02-10,2025-12-17,2025-04-07,2025-06-26,https://castor.house.gov/news/documentsingle.aspx?DocumentID=404971,1195,C001066
LEAGUE OF CONSERVATION VOTERS -> Jennifer L. McClellan,8550.0,3,6,Jennifer L. McClellan,Democrat,VA,rep,1,2023-02-02,2025-12-17,2023-07-07,2025-10-01,https://mcclellan.house.gov/media/press-releases/mcclellan-leads-members-urging-epa-finalize-mats-rule-reduce-toxic-air,1195,M001227
AMERICAN ASSOCIATION OF NURSE PRACTITIONERS -> John Barrasso,8500.0,2,4,John Barrasso,Republican,WY,sen,1,2023-11-20,2025-12-16,2023-02-01,2025-12-04,https://www.barrasso.senate.gov/newsroom-news-releases-barrasso-leads-bill-to-modernize-rural-health-care/,149,B001261
"BAE SYSTEMS, INC. -> Charles E. Schumer",8500.0,4,4,Charles E. Schumer,Democrat,NY,sen,1,2022-03-30,2025-09-25,2022-03-04,2026-03-23,https://www.schumer.senate.gov/newsroom/press-releases/schumer-gillibrand-announce-broome-county-department-of-public-transportation-to-receive-an-additional-18-million-from-the-american-rescue-plan-new-funding-will-ensure-wheels-keep-turning-and-accelerate-broome-county-transits-economic-recovery-,327,S000148
"BP AMERICA, INC. -> Frank J. Mrvan",8500.0,2,3,Frank J. Mrvan,Democrat,IN,rep,1,2023-12-15,2025-03-25,2023-11-14,2024-02-02,https://mrvan.house.gov/media/press-releases/mrvan-statement-whiting-bp-facility-power-outage,417,M001214
BROWN-FORMAN CORPORATION -> Mitch McConnell,8500.0,2,3,Mitch McConnell,Republican,KY,sen,1,2022-09-16,2025-07-22,2024-09-26,2025-02-06,https://www.mcconnell.senate.gov/public/index.cfm/pressreleases?ID=E62ED531-095B-4CC7-AB12-59DDA78151DF,430,M000355
CTIA-THE WIRELESS ASSOCIATION -> Mark R. Warner,8500.0,3,7,Mark R. Warner,Democrat,VA,sen,1,2022-09-21,2025-12-18,2022-09-29,2023-02-09,https://www.warner.senate.gov/public/index.cfm/pressreleases?ID=8785D1C0-6254-47B8-BAAC-A40B821A14F3,662,W000805
FRESENIUS MEDICAL CARE NORTH AMERICA (FKA FRESENIUS MEDICAL CARE) -> Bill Cassidy,8500.0,2,3,Bill Cassidy,Republican,LA,sen,1,2022-02-08,2025-06-09,2024-09-11,2025-03-27,https://www.cassidy.senate.gov/newsroom/press-releases/cassidy-booker-heinrich-introduce-bill-to-protect-dialysis-patients/,892,C001075
GENERAL MOTORS COMPANY -> Troy A. Carter,8500.0,2,5,Troy A. Carter,Democrat,LA,rep,1,2024-06-24,2025-06-25,2024-05-16,2025-09-15,https://troycarter.house.gov/media/press-releases/congressman-carter-moore-introduce-auto-bailout-accident-victims-recovery-act,923,C001125
NATIONAL MINING ASSOCIATION -> Carol D. Miller,8500.0,2,4,Carol D. Miller,Republican,WV,rep,1,2022-09-01,2025-09-05,2024-02-21,2024-06-06,https://miller.house.gov/media/press-releases/congressional-coal-caucus-co-chairs-statement-bicameral-resolution-block,1416,M001205
NATIONAL PORK PRODUCERS COUNCIL -> Tracey Mann,8500.0,3,3,Tracey Mann,Republican,KS,rep,1,2022-07-28,2025-09-23,2023-05-17,2025-07-22,https://mann.house.gov/media/press-releases/reps-mann-newhouse-strengthen-market-access-farmers,1418,M000871
"NUCLEAR ENERGY INSTITUTE, INC. -> James E. Risch",8500.0,2,5,James E. Risch,Republican,ID,sen,1,2022-05-24,2024-07-25,2026-02-10,2026-02-17,https://www.risch.senate.gov/news/press-releases/what-are-they-saying-risch-gallego-nuclear-bill-is-critical-to-meet-growing-energy-demands/,1498,R000584
"THE GOLDMAN SACHS GROUP, INC. -> Tim Kaine",8500.0,8,4,Tim Kaine,Democrat,VA,sen,1,2022-05-31,2023-10-16,2023-11-08,2025-11-19,https://www.kaine.senate.gov/press-releases/kaine-van-hollen-meeks-and-castro-lead-colleagues-in-raising-alarm-about-use-of-us-taxpayer-funding-to-hold-people-in-el-salvadoran-torture-center,2023,K000384
"TRANSPORT WORKERS UNION OF AMERICA, AFL-CIO -> Ruben Gallego",8500.0,4,4,Ruben Gallego,Democrat,AZ,sen,1,2022-06-14,2025-11-09,2025-06-05,2026-02-19,https://www.gallego.senate.gov/news/press-releases/on-labor-day-gallego-emphasizes-support-for-workers/,2088,G000574
"TRANSPORT WORKERS UNION OF AMERICA, AFL-CIO -> Melanie A. Stansbury",8500.0,2,5,Melanie A. Stansbury,Democrat,NM,rep,1,2024-06-20,2025-11-09,2023-09-19,2025-11-17,https://stansbury.house.gov/media/press-releases/reps-stansbury-and-bowman-introduces-rail-worker-and-community-safety-act,2088,S001218
VERIZON COMMUNICATIONS INC. AND VARIOUS SUBSIDIARIES -> Rick Scott,8500.0,2,4,Rick Scott,Republican,FL,sen,1,2022-09-15,2025-12-16,2025-11-04,2025-11-10,https://www.rickscott.senate.gov/2025/11/sen-rick-scott-demands-answers-from-verizon-on-release-of-cell-phone-data-in-arctic-frost-witch-hunt,2194,S001217
"MICRON TECHNOLOGY, INC. -> Charles E. Schumer",8300.0,80,2,Charles E. Schumer,Democrat,NY,sen,1,2022-01-14,2024-10-17,2022-10-04,2026-02-10,https://www.schumer.senate.gov/newsroom/press-releases/statements-from-the-second-bipartisan-senate-forum-on-artificial-intelligence,1317,S000148
"AMERICAN AIRLINES INC (FORMERLY REPORTED AS ""AMERICAN AIRLINES"") -> Donald S. Beyer, Jr.",8000.0,4,4,"Donald S. Beyer, Jr.",Democrat,VA,rep,1,2022-09-13,2024-01-11,2025-02-11,2026-01-29,https://beyer.house.gov/news/documentsingle.aspx?DocumentID=8819,141,B001292
AMERICAN VETERINARY MEDICAL ASSOCIATION -> Chuck Grassley,8000.0,4,2,Chuck Grassley,Republican,IA,sen,1,2022-05-12,2022-09-23,2025-02-13,2026-03-18,https://www.grassley.senate.gov/news/news-releases/icymi-grassley-cortez-masto-pfluger-and-panetta-call-for-action-on-illicit-xylazine,227,G000386
"CHEVRON U.S.A., INC. -> Tom Cotton",8000.0,2,5,Tom Cotton,Republican,AR,sen,1,2022-12-07,2025-12-16,2022-02-07,2024-07-09,https://www.cotton.senate.gov/news/press-releases/cotton-introduces-legislation-to-mandate-review-of-cases-that-used-chevron-as-basis,503,C001095
CSX CORPORATION -> Valerie P. Foushee,8000.0,2,4,Valerie P. Foushee,Democrat,NC,rep,1,2023-09-29,2025-05-27,2023-12-06,2024-04-17,https://foushee.house.gov/posts/vice-ranking-member-foushee-opening-remarks-for-ti-railroads-pipelines-and-hazardous-materials-hearing-on-commuter-rail,658,F000477
"FORD MOTOR COMPANY, INC. -> John R. Moolenaar",8000.0,2,5,John R. Moolenaar,Republican,MI,rep,1,2023-11-03,2025-05-15,2023-09-15,2023-09-25,https://moolenaar.house.gov/media-center/press-releases/moolenaar-bidens-policies-put-autoworkers-and-manufacturers-tough-spot,874,M001194
PACIFIC GAS AND ELECTRIC COMPANY (FORMERLY PG&E CORPORATION) -> Jared Huffman,8000.0,6,8,Jared Huffman,Democrat,CA,rep,1,2022-05-23,2025-12-12,2022-01-21,2025-01-17,https://huffman.house.gov/media-center/press-releases/rep-huffman-announces-15-million-for-eel-river-restoration-construction-of-modern-water-supply-for-russian-river-communities,1550,H001068
VERIZON COMMUNICATIONS INC. AND VARIOUS SUBSIDIARIES -> Tim Kaine,8000.0,2,6,Tim Kaine,Democrat,VA,sen,1,2022-09-15,2024-05-29,2024-05-10,2025-10-09,https://www.kaine.senate.gov/press-releases/warner-kaine-colleagues-urge-major-utility-companies-to-prevent-penalties-service-shutoffs-for-federal-workers-during-shutdown,2194,K000384
"VISA, INC. -> Chrissy Houlahan",8000.0,3,6,Chrissy Houlahan,Democrat,PA,rep,1,2022-03-30,2025-03-28,2023-06-12,2024-06-05,https://houlahan.house.gov/news/documentsingle.aspx?DocumentID=4077,2204,H001085
"VISA, INC. -> Raja Krishnamoorthi",8000.0,11,6,Raja Krishnamoorthi,Democrat,IL,rep,1,2023-03-08,2025-11-13,2022-07-14,2025-11-02,https://krishnamoorthi.house.gov/media/press-releases/us-house-approves-amendment-protect-documented-dreamers-based-legislation-co,2204,K000391
"AMAZON.COM SERVICES, INC. -> Jeanne Shaheen",7750.0,2,3,Jeanne Shaheen,Democrat,NH,sen,1,2023-11-20,2025-05-12,2024-08-09,2024-12-03,https://www.shaheen.senate.gov/news/press/shaheen-scott-call-on-big-tech-ceos-to-adopt-programs-cracking-down-on-the-spread-of-non-consensual-intimate-imagery-on-online-platforms,125,S001181
LEAGUE OF CONSERVATION VOTERS -> Tammy Baldwin,7550.0,2,7,Tammy Baldwin,Democrat,WI,sen,1,2023-03-03,2024-10-30,2024-02-08,2025-02-12,https://www.baldwin.senate.gov/news/press-releases/baldwin-introduces-legislation-to-extend-great-lakes-protections,1195,B001230
"AMERICAN AIRLINES INC (FORMERLY REPORTED AS ""AMERICAN AIRLINES"") -> Tim Kaine",7500.0,12,5,Tim Kaine,Democrat,VA,sen,1,2023-04-03,2024-07-01,2025-02-06,2026-01-29,https://www.kaine.senate.gov/press-releases/warner-kaine-and-colleagues-press-faa-on-federal-workforce-cuts-and-use-of-ai-on-aviation-safety,141,K000384
AMERICAN CLEAN POWER ASSOCIATION -> Jodey C. Arrington,7500.0,2,4,Jodey C. Arrington,Republican,TX,rep,1,2023-05-02,2024-09-20,2023-07-20,2025-11-10,https://arrington.house.gov/news/documentsingle.aspx?DocumentID=4202,161,A000375
AMERICAN PUBLIC POWER ASSOCIATION -> Lisa Murkowski,7500.0,2,5,Lisa Murkowski,Republican,AK,sen,1,2022-08-05,2025-06-25,2022-12-09,2026-01-22,https://www.murkowski.senate.gov/press/release/senator-murkowski-and-colleagues-lead-on-legislation-to-bolster-hydropower,209,M001153
BANK OF AMERICA CORPORATION -> Charles E. Schumer,7500.0,2,3,Charles E. Schumer,Democrat,NY,sen,1,2023-08-23,2025-09-19,2025-04-07,2025-04-24,https://www.schumer.senate.gov/newsroom/press-releases/senator-trump-tariffs-are-costing-li-ers-5000-more-a-year-senator-reveals-iconic-long-island-fashion-business-costs-have-jumped-30with-no-end-in-sight-senator-stands-with-ownerwho-voted-for-trumpto-announce-he-will-force-vote-next-week-to-end-trump-trade-war-says-house-must-also-act-li-reps-have-real-sway-to-pressure-gop,338,S000148
BLACKROCK FUNDS SERVICES GROUP LLC (FORMERLY BLACKROCK CAPITAL MANAGEMENT INC.) -> Mike Flood,7500.0,2,4,Mike Flood,Republican,NE,rep,1,2023-06-23,2025-06-30,2024-10-01,2024-10-11,https://flood.house.gov/media/press-releases/congressman-flood-announces-flyover-fintech-panel-web-30-defi,381,F000474
BNSF RAILWAY COMPANY -> Tina Smith,7500.0,2,3,Tina Smith,Democrat,MN,sen,1,2023-11-17,2025-12-13,2025-01-13,2025-01-13,https://www.smith.senate.gov/klobuchar-smith-secure-significant-federal-funding-to-eliminate-dangerous-rail-crossings-in-northern-minnesota/,402,S001203
"CENCORA, INC. (FORMERLY AMERISOURCEBERGEN CORPORATION) -> Adrian Smith",7500.0,2,3,Adrian Smith,Republican,NE,rep,1,2023-05-23,2025-09-23,2023-03-23,2025-05-02,https://adriansmith.house.gov/media/press-releases/smith-schneider-harshbarger-matsui-reintroduce-bipartisan-bill-expand-seniors,475,S001172
"CHEVRON U.S.A., INC. -> Maria Elvira Salazar",7500.0,4,4,Maria Elvira Salazar,Republican,FL,rep,1,2022-09-22,2024-09-23,2024-09-20,2024-10-15,https://salazar.house.gov/media/press-releases/salazar-condemns-biden-administration-allowing-oil-companies-finance-maduro,503,S000168
HILTON WORLDWIDE -> Tim Kaine,7500.0,2,2,Tim Kaine,Democrat,VA,sen,1,2024-06-04,2024-09-18,2023-11-08,2025-09-16,https://www.kaine.senate.gov/press-releases/warner-and-kaine-statement-on-gsas-fbi-relocation-decision,1013,K000384
INTEL CORPORATION -> Richard Blumenthal,7500.0,6,2,Richard Blumenthal,Democrat,CT,sen,1,2022-06-27,2022-09-30,2024-02-21,2025-01-16,https://www.blumenthal.senate.gov/newsroom/press/release/senate-permanent-subcommittee-on-investigations-releases-majority-staff-report-revealing-semiconductor-manufacturers-deficient-compliance-with-export-controls,1081,B001277
INTEL CORPORATION -> Andrea Salinas,7500.0,2,6,Andrea Salinas,Democrat,OR,rep,1,2023-06-05,2025-08-14,2023-08-09,2024-08-09,https://salinas.house.gov/media/press-releases/salinas-calls-more-tech-hub-funding-chips-and-science-act-anniversary,1081,S001226
INTEL CORPORATION -> John Thune,7500.0,2,3,John Thune,Republican,SD,sen,1,2022-03-10,2023-03-27,2024-12-20,2025-06-10,https://www.thune.senate.gov/public/index.cfm/press-releases?ID=8244E6F3-DB2B-4734-898E-FA5E61F3F76C,1081,T000250
INTEL CORPORATION -> Todd Young,7500.0,2,3,Todd Young,Republican,IN,sen,1,2022-05-20,2024-07-26,2023-04-21,2025-09-04,https://www.young.senate.gov/newsroom/press-releases/young-introduces-harpoon-act-to-counter-chinas-maritime-aggression/,1081,Y000064
"MICRON TECHNOLOGY, INC. -> Claudia Tenney",7500.0,3,2,Claudia Tenney,Republican,NY,rep,1,2024-10-17,2025-10-22,2023-10-23,2025-07-09,https://tenney.house.gov/media/press-releases/congresswoman-tenney-secures-massive-win-central-new-york-one-big-beautiful,1317,T000478
NATIONAL BUSINESS AVIATION ASSOCIATION INC -> Jerry Moran,7500.0,3,3,Jerry Moran,Republican,KS,sen,1,2023-03-29,2025-09-09,2024-09-26,2026-02-20,https://www.moran.senate.gov/public/index.cfm/news-releases?ID=A01FEB7B-7BBB-42E1-BB7F-38AFC8C89933,1390,M000934
NATIONAL FOOTBALL LEAGUE -> Mike Lee,7500.0,2,2,Mike Lee,Republican,UT,sen,1,2023-09-22,2025-12-17,2025-11-07,2026-03-03,https://www.lee.senate.gov/2026/3/senator-lee-urges-probe-of-nfl-s-soaring-streaming-service-prices,1408,L000577
NATIONAL RETAIL FEDERATION -> John Thune,7500.0,3,5,John Thune,Republican,SD,sen,1,2022-02-08,2025-03-04,2022-02-03,2022-09-13,https://www.thune.senate.gov/public/index.cfm/press-releases?ID=92417D2C-E516-4D8B-91F5-DAC159C2E3B3,1423,T000250
"NATIONAL SHOOTING SPORTS FOUNDATION, INC. -> John Boozman",7500.0,10,3,John Boozman,Republican,AR,sen,1,2022-03-29,2022-09-28,2023-02-02,2025-04-02,https://www.boozman.senate.gov/public/index.cfm/press-releases?ID=C44DAC02-AD27-4E79-9F58-03174D9B425A,1426,B001236
"NATIONAL SHOOTING SPORTS FOUNDATION, INC. -> Jack Bergman",7500.0,3,4,Jack Bergman,Republican,MI,rep,1,2022-04-06,2025-09-19,2022-03-08,2025-01-07,https://bergman.house.gov/news/documentsingle.aspx?DocumentID=974,1426,B001301
"NATIONAL SHOOTING SPORTS FOUNDATION, INC. -> Chuck Grassley",7500.0,3,3,Chuck Grassley,Republican,IA,sen,1,2022-04-21,2022-09-26,2025-01-10,2025-04-10,https://www.grassley.senate.gov/news/news-releases/grassley-kennedy-fight-to-protect-veterans-second-amendment-rights,1426,G000386
NATIONAL VENTURE CAPITAL ASSOCIATION -> Mike Rounds,7500.0,2,4,Mike Rounds,Republican,SD,sen,1,2022-07-08,2025-03-14,2022-03-24,2025-12-04,https://www.rounds.senate.gov/newsroom/press-releases/rounds-reintroduces-legislation-to-increase-access-to-capital-for-startups,1430,R000605
SYNCHRONY FINANCIAL -> Alma S. Adams,7500.0,2,2,Alma S. Adams,Democrat,NC,rep,1,2022-06-17,2023-03-30,2022-03-29,2024-02-28,https://adams.house.gov/media-center/press-releases/reps-alma-adams-and-french-hill-celebrate-synchrony-bank-foundation,1946,A000370
"THE GOLDMAN SACHS GROUP, INC. -> Kevin Cramer",7500.0,2,3,Kevin Cramer,Republican,ND,sen,1,2022-10-26,2023-10-16,2024-06-11,2025-03-12,https://www.cramer.senate.gov/news/press-releases/senator-cramer-introduces-legislation-to-increase-access-to-capital-for-small-businesses-entrepreneurs,2023,C001096
TIAA -> Tim Kaine,7500.0,2,2,Tim Kaine,Democrat,VA,sen,1,2024-04-19,2024-06-27,2025-05-12,2025-05-21,https://www.kaine.senate.gov/press-releases/kaine-and-cassidy-introduce-legislation-to-help-workers-better-prepare-for-retirement,2066,K000384
"VISA, INC. -> Mike Thompson",7500.0,2,4,Mike Thompson,Democrat,CA,rep,1,2023-11-13,2025-09-26,2022-10-20,2025-11-25,https://mikethompson.house.gov/newsroom/press-releases/thompson-introduces-bill-expand-citizenship-opportunities-immigrant,2204,T000460
WALGREEN COMPANY -> Robin L. Kelly,7500.0,2,5,Robin L. Kelly,Democrat,IL,rep,1,2022-05-16,2025-05-05,2024-02-20,2024-10-10,https://robinkelly.house.gov/media-center/press-releases/what-theyre-saying-support-congressional-digital-health-caucus,2220,K000385
WALMART INC. -> Richard J. Durbin,7500.0,3,3,Richard J. Durbin,Democrat,IL,sen,1,2022-08-09,2024-03-14,2025-08-27,2026-01-09,https://www.durbin.senate.gov/newsroom/press-releases/following-letter-to-the-ftc-durbin-cassidy-send-letters-to-online-marketplaces-requesting-information-on-the-senators-inform-consumers-act,2222,D000563
NATIONAL MINING ASSOCIATION -> Celeste Maloy,7255.0,2,7,Celeste Maloy,Republican,UT,rep,1,2023-06-20,2024-06-14,2024-03-22,2024-12-11,https://maloy.house.gov/news/documentsingle.aspx?DocumentID=1376,1416,M001228
NATIONAL AIR TRAFFIC CONTROLLERS ASSOCIATION -> Laura Gillen,7250.0,2,6,Laura Gillen,Democrat,NY,rep,1,2025-03-19,2025-12-18,2025-03-26,2026-01-22,https://gillen.house.gov/media/press-releases/reps-gillen-and-mann-advance-bipartisan-bill-address-aviation-workforce,1362,G000602
LEAGUE OF CONSERVATION VOTERS -> Greg Casar,7143.530000000001,3,9,Greg Casar,Democrat,TX,rep,1,2022-05-11,2025-12-17,2024-02-14,2024-10-08,https://casar.house.gov/media/press-releases/news-congressman-greg-casar-texans-celebrate-connect-grid-act-introduction,1195,C001131
AMERICAN EXPLORATION & PRODUCTION COUNCIL -> Troy Balderson,7000.0,3,2,Troy Balderson,Republican,OH,rep,1,2023-10-05,2024-06-29,2025-01-23,2025-09-18,https://balderson.house.gov/news/documentsingle.aspx?DocumentID=2887,172,B001306
AMERICAN FINANCIAL SERVICES ASSOCIATION -> Sarah McBride,7000.0,2,4,Sarah McBride,Democrat,DE,rep,1,2025-04-24,2025-12-03,2025-01-10,2025-06-24,https://mcbride.house.gov/media/press-releases/rep-mcbride-testifies-house-financial-services-committee-bipartisan-bill-crack,177,M001238
AMERICAN PUBLIC POWER ASSOCIATION -> David Kustoff,7000.0,2,3,David Kustoff,Republican,TN,rep,1,2024-06-27,2025-03-14,2023-03-28,2025-02-13,https://kustoff.house.gov/media/press-releases/kustoff-ruppersberger-introduce-bipartisan-investing-our-communities-act,209,K000392
BOEING COMPANY -> Brian Schatz,7000.0,2,4,Brian Schatz,Democrat,HI,sen,1,2022-07-28,2025-07-28,2024-07-25,2025-05-13,https://www.schatz.senate.gov/news/press-releases/schatz-coons-lead-group-of-27-senators-in-introducing-resolution-to-condemn-400-million-airplane-gift-to-trump-from-qatar,406,S001194
INTEL CORPORATION -> Haley M. Stevens,7000.0,2,6,Haley M. Stevens,Democrat,MI,rep,1,2022-03-21,2025-10-29,2022-02-04,2022-06-29,https://stevens.house.gov/media/press-releases/rep-stevens-introduces-bill-build-strong-and-diverse-semiconductor-chip,1081,S001215
NATIONAL AIR TRAFFIC CONTROLLERS ASSOCIATION -> Veronica Escobar,7000.0,2,4,Veronica Escobar,Democrat,TX,rep,1,2024-08-29,2025-09-16,2025-03-03,2025-12-11,https://escobar.house.gov/news/documentsingle.aspx?DocumentID=3009,1362,E000299
"NATIONAL SHOOTING SPORTS FOUNDATION, INC. -> Ben Cline",7000.0,3,5,Ben Cline,Republican,VA,rep,1,2025-03-13,2025-08-20,2024-10-03,2025-10-31,https://cline.house.gov/news/documentsingle.aspx?DocumentID=2617,1426,C001118
"NATIONAL SHOOTING SPORTS FOUNDATION, INC. -> Darrell Issa",7000.0,5,7,Darrell Issa,Republican,CA,rep,1,2022-02-09,2025-06-11,2024-05-30,2025-07-24,https://issa.house.gov/media/press-releases/reps-issa-hudson-and-senator-risch-introduce-bicameral-legislation-stop,1426,I000056
"T-MOBILE USA, INC. -> Tim Kaine",7000.0,2,5,Tim Kaine,Democrat,VA,sen,1,2023-03-24,2025-10-22,2024-05-10,2025-10-09,https://www.kaine.senate.gov/press-releases/warner-kaine-colleagues-urge-major-utility-companies-to-prevent-penalties-service-shutoffs-for-federal-workers-during-shutdown,1951,K000384
"VISA, INC. -> Veronica Escobar",7000.0,2,7,Veronica Escobar,Democrat,TX,rep,1,2022-05-24,2025-06-20,2025-07-15,2025-09-12,https://escobar.house.gov/news/documentsingle.aspx?DocumentID=2945,2204,E000299
"VISA, INC. -> Henry C. ""Hank"" Johnson, Jr.",7000.0,2,7,"Henry C. ""Hank"" Johnson, Jr.",Democrat,GA,rep,1,2022-03-30,2024-11-01,2022-09-15,2025-05-07,https://hankjohnson.house.gov/media-center/press-releases/subcommittee-ranking-member-johnsons-opening-statement-hearing,2204,J000288
"VISA, INC. -> Pete Ricketts",7000.0,9,4,Pete Ricketts,Republican,NE,sen,1,2024-05-20,2025-05-23,2024-05-01,2026-02-26,https://www.ricketts.senate.gov/news/press-releases/video-ricketts-republicans-are-working-to-end-the-schumer-shutdown-pay-on-duty-federal-officers/,2204,R000618
LEAGUE OF CONSERVATION VOTERS -> Jared Huffman,6568.530000000001,10,9,Jared Huffman,Democrat,CA,rep,1,2022-06-07,2025-09-29,2023-01-24,2025-04-22,https://huffman.house.gov/media-center/press-releases/reps-huffman-pallone-and-castor-introduce-bills-to-permanently-protect-the-pacific-and-atlantic-oceans-from-offshore-drilling,1195,H001068
340B HEALTH -> Dusty Johnson,6500.0,2,3,Dusty Johnson,Republican,SD,rep,1,2022-10-05,2024-08-02,2023-04-06,2025-03-18,https://dustyjohnson.house.gov/media/press-releases/johnson-spanberger-introduce-bipartisan-bill-protect-340b-program-prevent,4,J000301
"AMAZON.COM SERVICES, INC. -> Gus M. Bilirakis",6500.0,2,4,Gus M. Bilirakis,Republican,FL,rep,1,2022-09-26,2025-09-22,2022-11-17,2022-12-29,https://bilirakis.house.gov/media/press-releases/two-more-bilirakis-bills-become-law-1,125,B001257
AMERICAN ACADEMY OF OPHTHALMOLOGY -> Marc A. Veasey,6500.0,2,3,Marc A. Veasey,Democrat,TX,rep,1,2022-06-08,2025-06-18,2024-05-14,2025-03-31,https://veasey.house.gov/media-center/press-releases/veasey-and-bilirakis-introduce-bill-address-childrens-vision-and-eye,138,V000131
BOEING COMPANY -> Nick LaLota,6500.0,2,6,Nick LaLota,Republican,NY,rep,1,2025-02-27,2025-09-25,2023-05-01,2023-06-30,https://lalota.house.gov/media/press-releases/new-defense-contracts,406,L000598
"BWX TECHNOLOGIES, INC. -> Todd Young",6500.0,2,3,Todd Young,Republican,IN,sen,1,2022-04-20,2024-07-31,2025-10-17,2025-12-17,https://www.young.senate.gov/newsroom/press-releases/young-votes-for-annual-defense-bill-to-support-our-military-keep-america-secure/,436,Y000064
"HUMANA, INC. -> Maria Elvira Salazar",6500.0,4,4,Maria Elvira Salazar,Republican,FL,rep,1,2022-09-26,2024-06-19,2023-06-13,2024-09-12,https://salazar.house.gov/media/press-releases/mas-de-100-articulos-excelentes-la-ley-dignidad-de-la-congresista-salazar,1030,S000168
INTEL CORPORATION -> Mark R. Warner,6500.0,71,2,Mark R. Warner,Democrat,VA,sen,1,2022-12-13,2024-08-22,2022-02-22,2026-02-20,https://www.warner.senate.gov/public/index.cfm/pressreleases?ID=FF08D9A6-ADEB-4495-A92C-7B551ED5A06E,1081,W000805
NATIONAL RETAIL FEDERATION -> Lance Gooden,6500.0,2,5,Lance Gooden,Republican,TX,rep,1,2022-10-12,2025-03-04,2023-06-07,2026-01-13,https://gooden.house.gov/press-releases?ID=EFBA6FA6-8C48-47DE-BD44-1883E9F1FF30,1423,G000589
SAILDRONE INC. -> Tommy Tuberville,6500.0,2,4,Tommy Tuberville,Republican,AL,sen,1,2022-09-23,2025-02-20,2024-09-13,2025-04-08,https://www.tuberville.senate.gov/newsroom/press-releases/tuberville-questions-top-defense-nominees-on-recruiting-and-readiness/,1765,T000278
"VISA, INC. -> John Barrasso",6500.0,4,3,John Barrasso,Republican,WY,sen,1,2022-09-28,2024-12-09,2023-11-07,2026-03-25,https://www.barrasso.senate.gov/newsroom-news-releases-the-senate-should-sanction-the-lawless-icc/,2204,B001261
"VISA, INC. -> Jim Banks",6500.0,8,5,Jim Banks,Republican,IN,sen,1,2024-06-11,2025-08-20,2025-04-09,2026-02-25,https://www.banks.senate.gov/news/press-releases/senator-banks-urges-trump-administration-agencies-to-reclaim-taxpayer-benefits-distributed-to-sponsored-immigrants/,2204,B001299
"VISA, INC. -> John R. Curtis",6500.0,3,6,John R. Curtis,Republican,UT,sen,1,2022-09-28,2025-05-13,2025-01-30,2025-03-07,https://www.curtis.senate.gov/press-releases/curtis-rosen-introduce-bill-to-counter-hezbollahs-influence-in-latin-america,2204,C001114
"VISA, INC. -> Madeleine Dean",6500.0,2,6,Madeleine Dean,Democrat,PA,rep,1,2022-03-24,2025-12-18,2022-09-02,2023-12-06,https://dean.house.gov/2023/12/bicameral-letter-urging-bank-ceos,2204,D000631
"VISA, INC. -> Vicente Gonzalez",6500.0,2,4,Vicente Gonzalez,Democrat,TX,rep,1,2023-12-11,2025-08-20,2023-07-19,2024-06-18,https://gonzalez.house.gov/media/press-releases/congressman-gonzalezs-statement-president-bidens-actions-support-dreamers-and,2204,G000581
WALMART INC. -> Salud O. Carbajal,6500.0,2,4,Salud O. Carbajal,Democrat,CA,rep,1,2022-10-26,2025-09-29,2024-03-04,2025-09-11,https://carbajal.house.gov/news/documentsingle.aspx?DocumentID=3343,2222,C001112
XCEL ENERGY INC -> Kevin Cramer,6500.0,2,3,Kevin Cramer,Republican,ND,sen,1,2023-02-10,2024-06-07,2023-10-13,2024-03-15,https://www.cramer.senate.gov/news/press-releases/senator-cramer-unds-energy-and-environmental-research-center-receives-more-than-4-million-for-hydrogen-cell-technology,2273,C001096
"AMAZON.COM SERVICES, INC. -> Ted Cruz",6250.0,3,3,Ted Cruz,Republican,TX,sen,1,2023-05-08,2025-11-17,2022-11-14,2025-04-29,https://www.cruz.senate.gov/newsroom/press-releases/wtas-bipartisan-bicameral-take-it-down-act-to-criminalize-the-spread-of-deepfake-revenge-porn-heads-to-president-trumps-desk,125,C001098
BOEING COMPANY -> Chrissy Houlahan,6250.0,2,7,Chrissy Houlahan,Democrat,PA,rep,1,2022-03-15,2025-11-24,2025-07-17,2025-09-26,https://houlahan.house.gov/news/documentsingle.aspx?DocumentID=4770,406,H001085
"AMAZON.COM SERVICES, INC. -> Angie Craig",6200.0,2,2,Angie Craig,Democrat,MN,rep,1,2022-03-09,2023-06-05,2023-01-31,2023-02-07,https://craig.house.gov/media/press-releases/rep-angie-craig-urges-amazon-support-shakopee-workforce-requests-additional,125,C001119
LEAGUE OF CONSERVATION VOTERS -> Sean Casten,6068.530000000001,4,9,Sean Casten,Democrat,IL,rep,1,2022-03-03,2025-12-17,2022-03-14,2025-04-22,https://casten.house.gov/media/press-releases/on-earth-day-casten-schatz-introduce-legislation-to-address-the-costs-and-financial-risks-of-climate-change,1195,C001117
"AMAZON.COM SERVICES, INC. -> Maria Elvira Salazar",6000.0,2,4,Maria Elvira Salazar,Republican,FL,rep,1,2022-06-06,2023-09-25,2025-04-28,2025-05-19,https://salazar.house.gov/media/press-releases/take-it-down-act-passes-house-and-heads-presidents-desk,125,S000168
"AMAZON.COM SERVICES, INC. -> Bennie G. Thompson",6000.0,2,4,Bennie G. Thompson,Democrat,MS,rep,1,2023-04-17,2025-04-22,2024-02-06,2025-10-24,https://benniethompson.house.gov/media/press-releases/thompson-demands-tech-giants-mega-corporations-crypto-companies-answer,125,T000193
"AMERICAN AIRLINES INC (FORMERLY REPORTED AS ""AMERICAN AIRLINES"") -> Sharice Davids",6000.0,3,6,Sharice Davids,Democrat,KS,rep,1,2022-03-08,2025-12-19,2025-03-03,2026-01-29,https://davids.house.gov/media/press-releases/one-year-anniversary-ict-dca-plane-collision-davids-honors-victims-and,141,D000629
"AMERICAN AIRLINES INC (FORMERLY REPORTED AS ""AMERICAN AIRLINES"") -> Ron Estes",6000.0,2,3,Ron Estes,Republican,KS,rep,1,2022-09-09,2024-03-12,2025-02-03,2026-02-24,https://estes.house.gov/news/documentsingle.aspx?DocumentID=7342,141,E000298
AMERICAN COUNCIL OF LIFE INSURERS -> Jimmy Panetta,6000.0,2,3,Jimmy Panetta,Democrat,CA,rep,1,2022-03-28,2022-03-28,2024-12-18,2025-11-26,https://panetta.house.gov/media/press-releases/reps-panetta-lahood-reintroduce-bipartisan-legislation-simplify-retirement,168,P000613
AMERICAN VETERINARY MEDICAL ASSOCIATION -> Cindy Hyde-Smith,6000.0,2,3,Cindy Hyde-Smith,Republican,MS,sen,1,2024-06-07,2025-06-10,2025-08-05,2025-08-06,https://www.hydesmith.senate.gov/senate-veterinary-medicine-caucus-expands-address-critical-issues-animal-and-public-health,227,H001079
BOEING COMPANY -> John Garamendi,6000.0,2,5,John Garamendi,Democrat,CA,rep,1,2022-05-12,2025-11-28,2025-08-19,2026-03-11,https://garamendi.house.gov/media/press-releases/rep-garamendi-sen-warren-agree-trump-defense-contractors-must-be-held,406,G000559
"CHEVRON U.S.A., INC. -> Chuck Grassley",6000.0,3,3,Chuck Grassley,Republican,IA,sen,1,2022-05-10,2022-11-08,2024-06-28,2025-01-22,https://www.grassley.senate.gov/news/news-releases/grassley-statement-on-supreme-court-decision-to-overturn-the-chevron-doctrine,503,G000386
"CHEVRON U.S.A., INC. -> Dan Sullivan",6000.0,3,2,Dan Sullivan,Republican,AK,sen,1,2025-03-10,2025-03-25,2024-06-28,2026-01-13,https://www.sullivan.senate.gov/newsroom/press-releases/sullivan-celebrates-supreme-court-decision-ending-chevron-deference,503,S001198
CTIA-THE WIRELESS ASSOCIATION -> John Barrasso,6000.0,2,3,John Barrasso,Republican,WY,sen,1,2022-09-21,2024-09-24,2023-09-20,2023-12-13,https://www.barrasso.senate.gov/newsroom-news-releases-barrasso-sinema-introduce-bill-to-increase-access-to-broadband-on-federal-land/,662,B001261
"CUMMINS, INC. -> John B. Larson",6000.0,2,6,John B. Larson,Democrat,CT,rep,1,2022-03-30,2025-07-22,2025-10-03,2025-10-06,https://larson.house.gov/media-center/press-releases/larson-statement-uaw-local-379-strike-cummins-jacobs-vehicle-systems,665,L000557
ELANCO ANIMAL HEALTH INCORPORATED -> Todd Young,6000.0,4,3,Todd Young,Republican,IN,sen,1,2023-04-02,2025-11-12,2023-08-22,2026-03-05,https://www.young.senate.gov/newsroom/press-releases/young-op-ed-chips-act-tech-hubs-will-open-the-floodgates-for-9000-jobs-in-indiana/,749,Y000064
EXPERIAN NORTH AMERICA -> Chris Van Hollen,6000.0,2,2,Chris Van Hollen,Democrat,MD,sen,1,2022-08-09,2023-12-20,2023-05-09,2023-11-08,https://www.vanhollen.senate.gov/news/press-releases/van-hollen-reed-offer-consumer-credit-control-act-to-put-consumers-in-charge-of-credit-report-sharing-and-shoot-down-unwanted-trigger-leads,823,V000128
GENERAL MOTORS COMPANY -> Bernie Moreno,6000.0,2,3,Bernie Moreno,Republican,OH,sen,1,2024-12-04,2025-06-25,2025-02-25,2025-12-03,https://www.moreno.senate.gov/press-releases/moreno-unveils-new-bill-to-provide-historic-investment-in-american-auto-workers-freedom-for-consumers,923,M001242
NATIONAL FOOTBALL LEAGUE -> Jerry Moran,6000.0,2,2,Jerry Moran,Republican,KS,sen,1,2022-03-11,2023-06-20,2023-02-14,2023-02-16,https://www.moran.senate.gov/public/index.cfm/news-releases?ID=DA8F44BA-2594-49D8-B18A-82A96C9AE7BB,1408,M000934
NUCOR CORPORATION -> Steve Cohen,6000.0,2,4,Steve Cohen,Democrat,TN,rep,1,2022-08-02,2025-06-30,2024-06-26,2024-07-24,https://cohen.house.gov/media-center/press-releases/congressman-cohen-secures-authorizations-tn-9-infrastructure-and,1499,C001068
NUCOR CORPORATION -> Bill Cassidy,6000.0,2,4,Bill Cassidy,Republican,LA,sen,1,2022-05-27,2025-06-30,2024-09-30,2024-10-08,https://www.cassidy.senate.gov/newsroom/press-releases/media-advisory-cassidy-releases-agenda-for-upcoming-energy-security-summit-in-baton-rouge/,1499,C001075
NUCOR CORPORATION -> James C. Justice,6000.0,2,2,James C. Justice,Republican,WV,sen,1,2024-03-29,2024-09-30,2026-01-19,2026-01-20,https://www.justice.senate.gov/press-releases/senator-justice-visits-nucor-steel-celebrates-american-manufacturing-strength,1499,J000312
"PRUDENTIAL FINANCIAL, INC. -> Joyce Beatty",6000.0,2,3,Joyce Beatty,Democrat,OH,rep,1,2022-04-26,2023-06-04,2024-01-17,2024-06-12,https://beatty.house.gov/media-center/press-releases/beatty-meeks-vargas-and-horsford-lead-letter-advocating-for-small-business-credit-and-affordable-mortgages,1659,B001281
"THE GOLDMAN SACHS GROUP, INC. -> Bill Foster",6000.0,3,5,Bill Foster,Democrat,IL,rep,1,2022-05-31,2023-12-13,2023-12-05,2025-10-14,https://foster.house.gov/media/press-releases/foster-statement-hres-894,2023,F000454
VERIZON COMMUNICATIONS INC. AND VARIOUS SUBSIDIARIES -> Sharice Davids,6000.0,4,4,Sharice Davids,Democrat,KS,rep,1,2022-09-15,2024-09-26,2025-03-03,2025-10-07,https://davids.house.gov/media/press-releases/watch-davids-presses-aviation-experts-air-traffic-controller-shortages-safety,2194,D000629
"VISA, INC. -> Deborah K. Ross",6000.0,15,4,Deborah K. Ross,Democrat,NC,rep,1,2023-10-06,2025-06-20,2022-03-18,2025-09-19,https://ross.house.gov/2025/9/ross-padilla-miller-meeks-paul-colleagues-introduce-bipartisan-bicameral-bill-to-protect-documented-dreamers,2204,R000305
LEAGUE OF CONSERVATION VOTERS -> Michael F. Bennet,5869.35,3,12,Michael F. Bennet,Democrat,CO,sen,1,2022-03-02,2022-09-26,2024-06-25,2025-05-07,https://www.bennet.senate.gov/2025/05/07/bennet-padilla-salinas-lofgren-reintroduce-legislation-to-provide-disaster-relief-for-farm-workers/,1195,B001267
"APPLIED MATERIALS, INC. -> Charles E. Schumer",5800.0,11,1,Charles E. Schumer,Democrat,NY,sen,1,2022-02-02,2022-02-02,2022-01-13,2025-07-14,https://www.schumer.senate.gov/newsroom/press-releases/schumer-this-is-it-after-years-of-advocacy-albany-nanotech-selected-as-americas-first-national-semiconductor-technology-center_-created-by-his-chips-and-science-law,255,S000148
WALGREEN COMPANY -> Janice D. Schakowsky,5750.0,2,3,Janice D. Schakowsky,Democrat,IL,rep,1,2022-03-02,2024-02-21,2022-05-06,2022-11-17,https://schakowsky.house.gov/media/press-releases/schakowsky-durbin-call-passage-bipartisan-inform-consumers-act,2220,S001145
"NATIONAL SHOOTING SPORTS FOUNDATION, INC. -> Carol D. Miller",5671.24,2,10,Carol D. Miller,Republican,WV,rep,1,2022-04-26,2025-07-25,2022-06-07,2025-01-09,https://miller.house.gov/media/press-releases/miller-stefanik-hudson-introduce-legislation-promote-gun-safety,1426,M001205
LEAGUE OF CONSERVATION VOTERS -> Jason Crow,5630.0,2,7,Jason Crow,Democrat,CO,rep,1,2022-05-18,2025-06-12,2022-03-24,2022-04-06,https://crow.house.gov/media/press-releases/reps-crow-bush-sen-sanders-introduce-bill-activating-defense-production-act-to-jumpstart-transition-to-clean-energy,1195,C001121
LEAGUE OF CONSERVATION VOTERS -> Paul Tonko,5562.51,5,8,Paul Tonko,Democrat,NY,rep,1,2022-01-20,2025-04-25,2022-07-14,2025-09-29,https://tonko.house.gov/news/documentsingle.aspx?DocumentID=4461,1195,T000469
AMERICAN VETERINARY MEDICAL ASSOCIATION -> Mike Crapo,5500.0,2,2,Mike Crapo,Republican,ID,sen,1,2022-05-12,2022-09-23,2023-09-18,2024-03-21,https://www.crapo.senate.gov/media/newsreleases/crapo-stabenow-lead-bipartisan-bill-to-help-address-shortage-of-veterinarians-in-rural-america,227,C000880
BANK OF AMERICA CORPORATION -> Sean Casten,5500.0,3,3,Sean Casten,Democrat,IL,rep,1,2023-06-09,2024-04-30,2024-06-14,2025-05-15,https://casten.house.gov/media/press-releases/casten-warren-lawmakers-urge-financial-regulators-to-stop-obstruction-of-efforts-to-tackle-climate-related-financial-risks,338,C001117
ELANCO ANIMAL HEALTH INCORPORATED -> Jim Banks,5500.0,2,3,Jim Banks,Republican,IN,sen,1,2025-03-04,2025-07-30,2025-06-10,2025-07-24,https://www.banks.senate.gov/news/press-releases/senator-banks-praises-selection-of-indianapolis-for-usda-hub/,749,B001299
"ELEVANCE HEALTH, INC. (FORMERLY REPORTED AS ANTHEM, INC.) -> Debbie Wasserman Schultz",5500.0,2,4,Debbie Wasserman Schultz,Democrat,FL,rep,1,2022-03-17,2025-05-01,2023-11-07,2024-03-28,https://wassermanschultz.house.gov/news/documentsingle.aspx?DocumentID=3162,757,W000797
NATIONAL RETAIL FEDERATION -> Chuck Grassley,5500.0,6,4,Chuck Grassley,Republican,IA,sen,1,2022-03-22,2024-03-14,2024-07-26,2025-07-21,https://www.grassley.senate.gov/news/news-releases/support-grows-for-grassleys-combating-organized-retail-crime-act,1423,G000386
NORFOLK SOUTHERN CORPORATION -> Kweisi Mfume,5500.0,3,3,Kweisi Mfume,Democrat,MD,rep,1,2022-08-23,2024-04-17,2023-03-27,2023-05-12,https://mfume.house.gov/media/press-releases/congressman-mfume-sent-april-letter-to-epa-administrator-adamantly-opposing-norfolk-southern-s-resurrected-contaminated-water-plan-for-baltimore,1478,M000687
"VISA, INC. -> Ted Cruz",5500.0,21,3,Ted Cruz,Republican,TX,sen,1,2024-09-26,2025-03-17,2022-01-26,2026-01-16,https://www.cruz.senate.gov/newsroom/press-releases/sens-cruz-introduces-legislation-to-block-biden-administration-from-allowing-iranian-president-into-us,2204,C001098
LEAGUE OF CONSERVATION VOTERS -> Haley M. Stevens,5079.71,2,8,Haley M. Stevens,Democrat,MI,rep,1,2022-09-21,2025-09-18,2024-10-10,2025-08-06,https://stevens.house.gov/media/press-releases/rep-haley-stevens-d-mi-introduces-new-bill-m1-concourse-pontiac-mi-remediate,1195,S001215
"AIR PRODUCTS AND CHEMICALS, INC. -> Bill Cassidy",5000.0,2,1,Bill Cassidy,Republican,LA,sen,1,2025-10-14,2025-10-14,2024-09-30,2024-10-08,https://www.cassidy.senate.gov/newsroom/press-releases/media-advisory-cassidy-releases-agenda-for-upcoming-energy-security-summit-in-baton-rouge/,66,C001075
ALZHEIMER'S ASSOCIATION -> Darin LaHood,5000.0,4,1,Darin LaHood,Republican,IL,rep,1,2024-09-10,2024-09-10,2023-02-06,2024-03-18,https://lahood.house.gov/2024/3/lahood-tonko-carter-barrag-n-introduce-bill-providing-alzheimer-s-and-dementia-education-resources-to-primary-care-physicians,119,L000585
ALZHEIMER'S ASSOCIATION -> Maxine Waters,5000.0,2,1,Maxine Waters,Democrat,CA,rep,1,2024-10-15,2024-10-15,2025-11-26,2025-11-26,https://waters.house.gov/media-center/press-releases/congresswoman-maxine-waters-joins-los-angeles-walk-to-end-alzheimer-s,119,W000187
"AMAZON.COM SERVICES, INC. -> Tom Cotton",5000.0,4,2,Tom Cotton,Republican,AR,sen,1,2025-03-28,2025-08-06,2024-04-15,2025-04-02,https://www.cotton.senate.gov/news/press-releases/cotton-to-biden-investigate-and-ban-temu,125,C001095
"AMAZON.COM SERVICES, INC. -> Jimmy Gomez",5000.0,2,5,Jimmy Gomez,Democrat,CA,rep,1,2022-06-24,2024-07-08,2022-11-17,2023-04-18,https://gomez.house.gov/news/documentsingle.aspx?DocumentID=2778,125,G000585
AMERICAN ASSOCIATION OF NURSE PRACTITIONERS -> Joe Courtney,5000.0,5,1,Joe Courtney,Democrat,CT,rep,1,2025-12-16,2025-12-16,2022-06-07,2025-05-01,https://courtney.house.gov/media-center/press-releases/reps-courtney-walberg-lead-bicameral-bipartisan-bill-improve-health,149,C001069
AMERICAN ASSOCIATION OF NURSE PRACTITIONERS -> Jeff Merkley,5000.0,2,1,Jeff Merkley,Democrat,OR,sen,1,2025-12-16,2025-12-16,2025-12-12,2026-03-02,https://www.merkley.senate.gov/merkley-wicker-kiggans-bonamici-lead-bipartisan-bicameral-effort-to-oppose-new-limits-on-student-loans-for-nurses/,149,M001176
AMERICAN ISRAEL PUBLIC AFFAIRS COMMITTEE -> Thomas R. Suozzi,5000.0,2,1,Thomas R. Suozzi,Democrat,NY,rep,1,2024-05-10,2024-05-10,2024-12-02,2024-12-03,https://suozzi.house.gov/media/press-releases/suozzi-statement-announcement-death-omer-neutra,194,S001201
AMERICAN LAND TITLE ASSOCIATION -> Robert Menendez,5000.0,4,2,Robert Menendez,Democrat,NJ,rep,1,2022-09-07,2023-05-17,2025-06-27,2026-03-25,https://menendez.house.gov/media/press-releases/menendez-y-el-caucus-hispano-del-congreso-organizan-una-mesa-redonda-sobre-los,197,M001226
"ANDURIL INDUSTRIES, INC. -> Roger F. Wicker",5000.0,2,4,Roger F. Wicker,Republican,MS,sen,1,2023-09-28,2025-03-24,2026-02-24,2026-03-24,https://www.wicker.senate.gov/2026/3/chairman-wicker-leads-sasc-hearing-on-low-cost-munitions,238,W000437
"APPLIED MATERIALS, INC. -> Mark R. Warner",5000.0,2,2,Mark R. Warner,Democrat,VA,sen,1,2024-06-20,2025-09-08,2023-10-23,2024-08-14,https://www.warner.senate.gov/public/index.cfm/pressreleases?ID=D6914459-0F78-4A5A-A301-223CABDD591A,255,W000805
ASIAN AMERICAN HOTEL OWNERS ASSOCIATION -> Russell Fry,5000.0,6,1,Russell Fry,Republican,SC,rep,1,2023-05-01,2023-05-01,2024-01-30,2026-01-23,https://fry.house.gov/news/documentsingle.aspx?DocumentID=781,283,F000478
ASTRAZENECA PHARMACEUTICALS LP -> Charles E. Schumer,5000.0,3,1,Charles E. Schumer,Democrat,NY,sen,1,2022-10-25,2022-10-25,2024-01-22,2024-02-19,https://www.schumer.senate.gov/newsroom/press-releases/schumer-many-upstate-ny-doctors-are-facing-shortages-of-new-rsv-immunization-for-kids-and-with-recent-cold-weather-increasing-risk-for-respiratory-viruses-says-we-need-action-now-schumer-launches-two-pronged-plan-to-push-feds-and-manufacturers-to-get-all-hands-on-deck-to-address-shortage-and-deliver-more-doses-for-wny-pediatricians-and-families-to-combat-rsv,307,S000148
BAXTER HEALTHCARE CORPORATION -> Charles E. Schumer,5000.0,5,4,Charles E. Schumer,Democrat,NY,sen,1,2022-07-27,2025-06-05,2022-08-11,2024-04-02,https://www.schumer.senate.gov/newsroom/press-releases/schumer-xylazine-a-deadly-skin-rotting-zombie-drug-often-mixed-w-fentanyl-is-on-the-doorstep-of-rochester-and-the-finger-lakes-already-fueling-a-horrific-wave-of-overdoses_deaths-across-upstate-ny-senator-will-launch-three-pronged-plan-to-cut-off-supply-aid-local-law-enforcement--bolster-addiction-services-to-combat-overdose-epidemic,347,S000148
BOEING COMPANY -> Tammy Baldwin,5000.0,2,3,Tammy Baldwin,Democrat,WI,sen,1,2023-03-27,2024-07-30,2022-12-09,2023-05-31,https://www.baldwin.senate.gov/news/press-releases/senators-baldwin-duckworth-lead-bill-to-ensure-seat-size-other-real-life-conditions-are-considered-in-federal-aircraft-emergency-evacuation-standards,406,B001230
BOEING COMPANY -> Tim Scott,5000.0,3,1,Tim Scott,Republican,SC,sen,1,2025-05-02,2025-05-02,2022-03-10,2025-05-05,https://www.scott.senate.gov/media-center/press-releases/sens-scott-cantwell-reintroduce-aviation-workforce-development-act/,406,S001184
BOEING COMPANY -> Greg Stanton,5000.0,2,5,Greg Stanton,Democrat,AZ,rep,1,2022-03-29,2025-09-25,2025-12-10,2026-02-23,https://stanton.house.gov/2026/2/stanton-slams-trump-s-tariffs-on-the-lead-with-jake-tapper,406,S001211
CENTER FOR SPORTFISHING POLICY (FKA CENTER FOR COASTAL CONSERVATION) -> John H. Rutherford,5000.0,4,2,John H. Rutherford,Republican,FL,rep,1,2025-03-03,2025-03-03,2022-12-01,2025-01-16,https://rutherford.house.gov/media/press-releases/rutherfords-red-snapper-act-approved-natural-resources-committee,478,R000609
"CHEVRON U.S.A., INC. -> Mike Rounds",5000.0,4,1,Mike Rounds,Republican,SD,sen,1,2025-09-02,2025-09-02,2024-06-28,2025-02-12,https://www.rounds.senate.gov/newsroom/press-releases/rounds-submits-inquiry-on-federal-overregulation-of-ag-producers-and-landowners-in-rural-states,503,R000605
CORNING INCORPORATED -> Andy Barr,5000.0,2,1,Andy Barr,Republican,KY,rep,1,2023-04-18,2023-04-18,2025-08-06,2026-02-11,https://barr.house.gov/press-releases?ID=3B2805DB-E02A-4426-A906-07F77213D4DF,628,B001282
CORNING INCORPORATED -> Kirsten E. Gillibrand,5000.0,3,2,Kirsten E. Gillibrand,Democrat,NY,sen,1,2025-04-02,2025-10-20,2024-07-12,2026-02-04,https://www.gillibrand.senate.gov/news/press/release/schumer-gillibrand-announce-1-million-for-corning-museum-of-glass-to-expand-programs-to-school-children-boost-education-initiatives/,628,G000555
CVS HEALTH (AND SUBSIDIARIES) -> Mike Kelly,5000.0,2,2,Mike Kelly,Republican,PA,rep,1,2025-03-24,2025-03-24,2024-07-09,2026-01-22,https://kelly.house.gov/media/press-releases/what-they-are-saying-overwhelming-support-rep-kellys-prior-authorization,668,K000376
"EBAY, INC. -> Carol D. Miller",5000.0,4,2,Carol D. Miller,Republican,WV,rep,1,2023-07-21,2025-03-25,2024-09-11,2025-03-05,https://miller.house.gov/media/press-releases/millers-saving-gig-economy-taxpayers-act-passes-ways-and-means-committee,736,M001205
"ENTERGY SERVICES, LLC -> Ted Cruz",5000.0,2,2,Ted Cruz,Republican,TX,sen,1,2023-06-06,2023-11-27,2023-06-07,2024-01-19,https://www.cruz.senate.gov/newsroom/press-releases/sens-cruz-hagerty-bipartisan-group-of-senators-demand-biden-administration-address-harmful-side-effects-of-impractical-doe-rule,785,C001098
EVERYTOWN FOR GUN SAFETY ACTION FUND -> Lucy McBath,5000.0,9,1,Lucy McBath,Democrat,GA,rep,1,2024-05-14,2024-05-14,2022-06-09,2026-02-12,https://mcbath.house.gov/press-releases?ID=CAB7D1CE-D62F-4F4D-B700-07912E7AB7C8,814,M001208
FAIR ISAAC CORPORATION (DBA FICO) -> Tom Emmer,5000.0,2,2,Tom Emmer,Republican,MN,rep,1,2024-03-08,2024-06-11,2023-05-25,2023-06-23,https://emmer.house.gov/media-center/press-releases/emmer-condemns-biden-administration-rule-punishing-middle-class-homebuyers,826,E000294
GENERAL DYNAMICS CORPORATION -> Todd Young,5000.0,2,3,Todd Young,Republican,IN,sen,1,2022-02-01,2025-11-10,2024-12-19,2025-04-30,https://www.young.senate.gov/newsroom/press-releases/young-kelly-introduce-ships-for-america-act-to-revitalize-u-s-shipbuilding-and-commercial-maritime-industries/,919,Y000064
GENERAL MOTORS COMPANY -> David Schweikert,5000.0,4,1,David Schweikert,Republican,AZ,rep,1,2024-04-05,2024-04-05,2023-03-14,2024-12-17,https://schweikert.house.gov/2024/12/17/schweikert-legislation-expanding-affordable-pumped-storage-hydropower-in-arizona-heads-to-presidents-desk/,923,S001183
GENERAL MOTORS COMPANY -> Michael R. Turner,5000.0,7,1,Michael R. Turner,Republican,OH,rep,1,2023-06-20,2023-06-20,2022-03-09,2025-02-13,https://turner.house.gov/2025/2/rep-turner-reintroduces-bill-to-restore-delphi-salaried-retirees-pensions,923,T000463
HILTON WORLDWIDE -> Brian Schatz,5000.0,2,2,Brian Schatz,Democrat,HI,sen,1,2022-11-03,2025-05-15,2024-05-23,2025-05-07,https://www.schatz.senate.gov/news/press-releases/hawaii-congressional-delegation-introduces-bill-to-strengthen-protect-health-care-for-seniors-in-hawaii,1013,S001194
INTEL CORPORATION -> Elise M. Stefanik,5000.0,4,1,Elise M. Stefanik,Republican,NY,rep,1,2022-09-21,2022-09-21,2024-04-25,2025-07-17,https://stefanik.house.gov/2025/7/stefanik-votes-to-pass-rescissions-package-fulfilling-promise-to-defund-npr,1081,S001196
JETBLUE AIRWAYS CORPORATION -> Tammy Duckworth,5000.0,2,3,Tammy Duckworth,Democrat,IL,sen,1,2024-07-11,2025-10-29,2024-05-01,2024-12-12,https://www.duckworth.senate.gov/news/press-releases/duckworths-aviation-safety-subcommittee-emphasizes-urgent-need-to-improve-air-traffic-control-systems-to-prevent-near-misses-and-protect-flying-public,1124,D000622
"KOCH GOVERNMENT AFFAIRS (FORMERLY KOCH COMPANIES PUBLIC SECTOR, LLC) -> Ted Cruz",5000.0,2,1,Ted Cruz,Republican,TX,sen,1,2025-04-14,2025-04-14,2023-05-16,2025-11-17,https://www.cruz.senate.gov/newsroom/press-releases/sen-cruzs-service-academy-board-finalizes-texas-military-academy-recommendations,1163,C001098
"KOCH GOVERNMENT AFFAIRS (FORMERLY KOCH COMPANIES PUBLIC SECTOR, LLC) -> Neal P. Dunn",5000.0,2,2,Neal P. Dunn,Republican,FL,rep,1,2022-06-20,2022-07-14,2023-09-18,2023-09-19,https://dunn.house.gov/news/documentsingle.aspx?DocumentID=413,1163,D000628
"MICRON TECHNOLOGY, INC. -> Mark R. Warner",5000.0,3,2,Mark R. Warner,Democrat,VA,sen,1,2024-10-17,2025-08-28,2022-04-07,2024-12-10,https://www.warner.senate.gov/public/index.cfm/pressreleases?ID=CF834B06-D299-4BBF-B928-FD9650E21E1E,1317,W000805
MICROSOFT CORPORATION -> Vern Buchanan,5000.0,2,1,Vern Buchanan,Republican,FL,rep,1,2025-07-13,2025-07-13,2024-09-11,2026-03-04,https://buchanan.house.gov/2026/3/buchanan-soto-introduce-bipartisan-bicameral-legislation-to-combat-ai-enabled-impersonation-scams,1318,B001260
MICROSOFT CORPORATION -> Chuck Grassley,5000.0,3,1,Chuck Grassley,Republican,IA,sen,1,2022-03-29,2022-03-29,2024-02-21,2025-11-12,https://www.grassley.senate.gov/news/news-releases/grassley-johnson-press-for-full-disclosure-of-jack-smith-subpoenas,1318,G000386
MOLSON COORS BEVERAGE COMPANY USA LLC (FORMERLY KNOWN AS MILLERCOORS LLC) -> Harriet M. Hageman,5000.0,9,5,Harriet M. Hageman,Republican,WY,rep,1,2023-09-26,2024-09-17,2023-06-23,2026-01-30,https://hageman.house.gov/media/press-releases/wyoming-delegation-joins-colleagues-demanding-answers-doj-illegal-aliens,1330,H001096
NATIONAL AIR TRAFFIC CONTROLLERS ASSOCIATION -> Richard J. Durbin,5000.0,3,1,Richard J. Durbin,Democrat,IL,sen,1,2025-06-11,2025-06-11,2025-03-25,2026-03-06,https://www.durbin.senate.gov/newsroom/press-releases/durbin-meets-with-illinois-air-traffic-controllers-as-they-continue-to-work-without-pay-during-shutdown,1362,D000563
NATIONAL AIR TRAFFIC CONTROLLERS ASSOCIATION -> John Hoeven,5000.0,8,1,John Hoeven,Republican,ND,sen,1,2025-04-07,2025-04-07,2024-05-03,2025-05-08,https://www.hoeven.senate.gov/news/news-releases/hoeven-with-terminal-expansion-hector-international-to-be-the-best-airport-from-minneapolis-to-seattle,1362,H001061
NATIONAL FOOTBALL LEAGUE -> Mike Kelly,5000.0,5,2,Mike Kelly,Republican,PA,rep,1,2022-05-16,2023-12-22,2022-12-08,2025-12-16,https://kelly.house.gov/media/press-releases/us-house-floor-rep-kelly-pays-tribute-late-pittsburgh-steelers-rb-franco,1408,K000376
NATIONAL FOOTBALL LEAGUE -> Gary C. Peters,5000.0,6,1,Gary C. Peters,Democrat,MI,sen,1,2024-03-28,2024-03-28,2023-05-25,2025-12-18,https://www.peters.senate.gov/newsroom/press-releases/what-they-are-saying-peters-johnson-sinema-and-hoeven-bipartisan-bill-to-help-protect-communities-from-threats-posed-by-unmanned-aircraft-systems-will-mitigate-security-risks-for-large-crowds_critical-infrastructure,1408,P000595
NATIONAL FOOTBALL LEAGUE -> Jack Reed,5000.0,2,1,Jack Reed,Democrat,RI,sen,1,2025-12-23,2025-12-23,2024-02-19,2024-12-12,https://www.reed.senate.gov/news/releases/reed-sullivan-and-colleagues-ask-college-football-playoffs-to-preserve-army-navy-games-time-honored-tradition,1408,R000122
NATIONAL FOOTBALL LEAGUE -> Frederica S. Wilson,5000.0,5,2,Frederica S. Wilson,Democrat,FL,rep,1,2024-05-02,2025-05-13,2022-11-28,2024-07-17,https://wilson.house.gov/media/press-releases/wilson-passes-the-commission-on-the-social-status-of-black-men-and-boys-act,1408,W000808
NATIONAL MINING ASSOCIATION -> Juan Ciscomani,5000.0,3,1,Juan Ciscomani,Republican,AZ,rep,1,2024-09-20,2024-09-20,2024-05-21,2026-03-03,https://ciscomani.house.gov/media/press-releases/congressman-ciscomanis-critical-mineral-legislation-passes-house,1416,C001133
NATIONAL PORK PRODUCERS COUNCIL -> John Boozman,5000.0,2,2,John Boozman,Republican,AR,sen,1,2022-03-31,2022-04-28,2023-02-13,2025-07-22,https://www.boozman.senate.gov/public/index.cfm/press-releases?ID=3D513B19-5548-4B79-9EE1-B3D24F9B50D0,1418,B001236
NATIONAL PORK PRODUCERS COUNCIL -> John Hoeven,5000.0,2,1,John Hoeven,Republican,ND,sen,1,2022-05-26,2022-05-26,2023-09-22,2025-03-11,https://www.hoeven.senate.gov/news/news-releases/hoeven-klobuchar-reintroduce-legislation-to-update-usda-loan-limits-improve-producer-access-to-credit,1418,H001061
NATIONAL PORK PRODUCERS COUNCIL -> Dan Newhouse,5000.0,2,2,Dan Newhouse,Republican,WA,rep,1,2022-03-24,2022-07-14,2022-09-29,2025-02-06,https://newhouse.house.gov/media-center/press-releases/newhouse-strengthens-market-access-farmers-bipartisan-legislation,1418,N000189
NATIONAL RETAIL FEDERATION -> Dusty Johnson,5000.0,4,5,Dusty Johnson,Republican,SD,rep,1,2022-09-12,2025-03-04,2022-03-17,2024-03-21,https://dustyjohnson.house.gov/media/press-releases/johnsons-ship-it-act-gains-industry-support,1423,J000301
"NATIONAL SHOOTING SPORTS FOUNDATION, INC. -> Shelley Moore Capito",5000.0,2,2,Shelley Moore Capito,Republican,WV,sen,1,2023-05-30,2024-06-10,2023-11-20,2024-05-15,https://www.capito.senate.gov/news/press-releases/capito-colleagues-introduce-resolution-to-block-unconstitutional-biden-atf-rule,1426,C001047
"NATIONAL SHOOTING SPORTS FOUNDATION, INC. -> Tom Cotton",5000.0,3,1,Tom Cotton,Republican,AR,sen,1,2025-11-20,2025-11-20,2024-05-15,2025-04-01,https://www.cotton.senate.gov/news/press-releases/cotton-colleagues-reintroduce-bill-to-repeal-tax-on-certain-firearm-purchases,1426,C001095
"NATIONAL SHOOTING SPORTS FOUNDATION, INC. -> Kevin Cramer",5000.0,4,1,Kevin Cramer,Republican,ND,sen,1,2023-03-07,2023-03-07,2024-01-16,2025-02-05,https://www.cramer.senate.gov/news/press-releases/senator-cramer-introduces-legislation-to-allow-interstate-firearm-sales,1426,C001096
"NATIONAL SHOOTING SPORTS FOUNDATION, INC. -> Steve Daines",5000.0,3,2,Steve Daines,Republican,MT,sen,1,2025-02-07,2025-06-11,2024-05-23,2025-01-16,https://www.daines.senate.gov/2025/01/16/daines-leads-bill-to-defend-firearm-businesses-and-the-second-amendment/,1426,D000618
"NATIONAL SHOOTING SPORTS FOUNDATION, INC. -> Lindsey Graham",5000.0,4,1,Lindsey Graham,Republican,SC,sen,1,2025-06-18,2025-06-18,2023-03-16,2025-01-10,https://www.lgraham.senate.gov/public/index.cfm/press-releases?ID=CAC2CB13-E3FD-435B-B33C-79D48224C7C4,1426,G000359
"NATIONAL SHOOTING SPORTS FOUNDATION, INC. -> Cindy Hyde-Smith",5000.0,8,1,Cindy Hyde-Smith,Republican,MS,sen,1,2025-06-18,2025-06-18,2025-02-24,2026-03-12,https://www.hydesmith.senate.gov/hyde-smith-teams-risch-restore-fairness-firearms-small-businesses,1426,H001079
"NATIONAL SHOOTING SPORTS FOUNDATION, INC. -> Dan Sullivan",5000.0,2,1,Dan Sullivan,Republican,AK,sen,1,2025-06-18,2025-06-18,2023-02-03,2023-11-20,https://www.sullivan.senate.gov/newsroom/press-releases/sullivan-colleagues-demand-answers-on-biden-administrations-unprecedented-pause-of-firearms-export-licenses,1426,S001198
"NATIONAL SHOOTING SPORTS FOUNDATION, INC. -> Thom Tillis",5000.0,4,1,Thom Tillis,Republican,NC,sen,1,2025-06-18,2025-06-18,2023-02-02,2025-10-30,https://www.tillis.senate.gov/2025/10/tillis-introduces-discussion-draft-on-legislation-to-ban-politically-motivated-de-banking,1426,T000476
NORFOLK SOUTHERN CORPORATION -> Ted Cruz,5000.0,5,1,Ted Cruz,Republican,TX,sen,1,2025-03-18,2025-03-18,2023-02-23,2023-05-12,https://www.cruz.senate.gov/newsroom/press-releases/sen-cruz-secures-new-groundbreaking-commitment-from-norfolk-southern-to-reimburse-east-palestine-homeowners,1478,C001098
NORFOLK SOUTHERN CORPORATION -> Charles E. Schumer,5000.0,9,1,Charles E. Schumer,Democrat,NY,sen,1,2022-10-06,2022-10-06,2023-03-06,2025-08-07,https://www.schumer.senate.gov/newsroom/press-releases/schumer-train-cars-carrying-hazardous-materials-regularly-run-through-western-ny-with-norfolk-southern-running-through-the-heart-of-wyoming-county-in-wake-of-national-rail-accidents-senator-says-spotlight-turns-to-wny-and-launches-push-for-bipartisan-bill-to-strengthen-rail-reforms-increase-transparency-and-keep-communities-safe,1478,S000148
NORTHROP GRUMMAN CORPORATION -> George Whitesides,5000.0,2,2,George Whitesides,Democrat,CA,rep,1,2025-03-26,2025-09-29,2025-07-16,2025-12-22,https://whitesides.house.gov/2025/12/22/rep-whitesides-returns-over-15-million-to-constituents-in-2025/,1485,W000830
"NOVO NORDISK, INC. -> Ruben Gallego",5000.0,2,1,Ruben Gallego,Democrat,AZ,sen,1,2025-12-09,2025-12-09,2025-06-06,2025-11-18,https://www.gallego.senate.gov/news/press-releases/gallego-supports-bipartisan-legislation-to-combat-obesity-epidemic/,1493,G000574
"NRG ENERGY, INC. -> John Cornyn",5000.0,2,1,John Cornyn,Republican,TX,sen,1,2024-02-15,2024-02-15,2026-03-05,2026-03-20,https://www.cornyn.senate.gov/news/cornyn-houston-to-receive-nearly-10m-to-enhance-public-transportation-for-fifa-world-cup/,1496,C001056
SAFARI CLUB INTERNATIONAL -> Lisa Murkowski,5000.0,2,1,Lisa Murkowski,Republican,AK,sen,1,2024-03-21,2024-03-21,2022-09-30,2023-09-28,https://www.murkowski.senate.gov/press/release/senator-murkowski-secures-win-for-sportsmen-and-gun-owners,1761,M001153
"SAMSUNG ELECTRONICS AMERICA, INC. -> Lloyd Doggett",5000.0,2,3,Lloyd Doggett,Democrat,TX,rep,1,2024-04-09,2025-08-15,2023-05-19,2024-12-20,https://doggett.house.gov/media/press-releases/rep-doggett-reacts-samsung-receiving-billions-chips-science-act-funds,1770,D000399
SPACE EXPLORATION TECHNOLOGIES CORPORATION -> Valerie P. Foushee,5000.0,4,2,Valerie P. Foushee,Democrat,NC,rep,1,2023-07-26,2024-04-23,2025-02-06,2025-05-06,https://foushee.house.gov/media/press-releases/hasc-sst-democrats-demand-answers-on-potential-spacex-musk-conflicts-of-interest-and-alleged-chinese-investment-cover-ups,1895,F000477
"THE GOLDMAN SACHS GROUP, INC. -> John Cornyn",5000.0,4,2,John Cornyn,Republican,TX,sen,1,2022-10-26,2022-10-26,2025-02-25,2025-12-08,https://www.cornyn.senate.gov/news/cornyn-texas-gop-colleagues-urge-president-trump-to-move-nasa-headquarters-to-houston/,2023,C001056
"THE GOLDMAN SACHS GROUP, INC. -> Katherine M. Clark",5000.0,3,4,Katherine M. Clark,Democrat,MA,rep,1,2022-09-28,2025-06-05,2023-04-11,2024-06-12,https://katherineclark.house.gov/press-releases?ID=FD5122BD-71F5-449C-BC2E-B1484A37D8CC,2023,C001101
"THE GOLDMAN SACHS GROUP, INC. -> Sean Casten",5000.0,24,4,Sean Casten,Democrat,IL,rep,1,2022-09-28,2023-12-13,2022-09-21,2026-02-04,https://casten.house.gov/media/press-releases/casten-williams-call-for-disaster-supplemental-updated-fema-flood-maps-flood-mitigation-reform,2023,C001117
"THE GOLDMAN SACHS GROUP, INC. -> Brian K. Fitzpatrick",5000.0,3,1,Brian K. Fitzpatrick,Republican,PA,rep,1,2022-09-28,2022-09-28,2023-05-30,2025-01-27,https://fitzpatrick.house.gov/2025/1/fitzpatrick-leads-bipartisan-effort-to-bolster-holocaust-education,2023,F000466
"THE GOLDMAN SACHS GROUP, INC. -> Patty Murray",5000.0,5,2,Patty Murray,Democrat,WA,sen,1,2022-03-31,2022-05-31,2025-09-02,2026-03-12,https://www.murray.senate.gov/murray-ocasio-cortez-introduce-the-fair-wages-for-home-care-workers-act-pushing-back-against-the-trump-administration-to-protect-wages-and-overtime-for-home-care-workers/,2023,M001111
"THE GOLDMAN SACHS GROUP, INC. -> Maria Elvira Salazar",5000.0,11,1,Maria Elvira Salazar,Republican,FL,rep,1,2022-09-28,2022-09-28,2023-08-04,2025-10-15,https://salazar.house.gov/media/press-releases/salazars-forgotten-heroes-holocaust-congressional-gold-medal-act-secures-over,2023,S000168
"TRANSPORT WORKERS UNION OF AMERICA, AFL-CIO -> Richard Blumenthal",5000.0,2,1,Richard Blumenthal,Democrat,CT,sen,1,2022-09-15,2022-09-15,2025-06-10,2025-09-16,https://www.blumenthal.senate.gov/newsroom/press/release/blumenthal-cosponsors-bill-to-protect-striking-workers,2088,B001277
"TRANSPORT WORKERS UNION OF AMERICA, AFL-CIO -> Robert C. ""Bobby"" Scott",5000.0,2,1,"Robert C. ""Bobby"" Scott",Democrat,VA,rep,1,2022-09-15,2022-09-15,2025-03-05,2025-12-10,https://bobbyscott.house.gov/media-center/press-releases/house-labor-leaders-introduce-bill-protect-workers-and-level-playing,2088,S000185
"VISA, INC. -> Mazie K. Hirono",5000.0,27,3,Mazie K. Hirono,Democrat,HI,sen,1,2024-07-11,2025-08-20,2023-03-14,2025-12-11,https://www.hirono.senate.gov/news/press-releases/video-on-senate-floor-hirono-condemns-republicans-anti-immigrant-proposal-calls-for-bipartisan-comprehensive-immigration-reform,2204,H001042
"VISA, INC. -> Gwen Moore",5000.0,7,2,Gwen Moore,Democrat,WI,rep,1,2022-07-19,2023-06-21,2023-05-11,2025-08-01,https://gwenmoore.house.gov/news/documentsingle.aspx?DocumentID=5718,2204,M001160
WALMART INC. -> Tim Scott,5000.0,2,3,Tim Scott,Republican,SC,sen,1,2025-03-20,2025-12-02,2022-06-17,2024-07-31,https://www.scott.senate.gov/media-center/press-releases/sen-scott-emphasizes-importance-of-local-solutions-in-transportation-infrastructure/,2222,S001184
WALMART INC. -> Eric Sorensen,5000.0,2,2,Eric Sorensen,Democrat,IL,rep,1,2025-02-07,2025-05-05,2024-03-26,2024-04-12,https://sorensen.house.gov/media/press-releases/sorensen-releases-statement-death-jason-jenkins,2222,S001225
WELLS FARGO & COMPANY -> Charles E. Schumer,5000.0,4,1,Charles E. Schumer,Democrat,NY,sen,1,2022-03-23,2022-03-23,2022-05-11,2025-03-31,https://www.schumer.senate.gov/newsroom/press-releases/schumer-reveals-this-week-congress-will-take-final-vote-to-raise-junk-bank-feesstarting-with-overdraft-feesfrom-5-to-35-costing-consumers-hundreds-chairs-of-house-finance-and-senate-banking-want-to-erase-rule-that-finally-capped-most-overdraft-fees-at-5-without-the-public-knowing-senator-says-more-fees-will-follow-if-house-vote-passes-urges-gop-not-to-raise-all-customers-bank-fees,2236,S000148
AMERICAN EXPRESS COMPANY -> Richard Hudson,4500.0,2,2,Richard Hudson,Republican,NC,rep,1,2025-07-15,2025-12-02,2024-02-23,2025-02-11,https://hudson.house.gov/press-releases/reps-hudson-moore-barr-introduce-legislation-to-stop-unconstitutional-tracking-of,173,H001067
AMERICAN PUBLIC POWER ASSOCIATION -> Dan Newhouse,4500.0,2,3,Dan Newhouse,Republican,WA,rep,1,2023-02-17,2025-12-17,2025-03-12,2025-03-12,https://newhouse.house.gov/media-center/press-releases/what-they-are-saying-industry-groups-applaud-newhouse-effort-protect,209,N000189
"CHEVRON U.S.A., INC. -> Ronny Jackson",4500.0,2,3,Ronny Jackson,Republican,TX,rep,1,2022-02-08,2024-09-23,2024-05-16,2025-01-09,https://jackson.house.gov/news/documentsingle.aspx?DocumentID=2250,503,J000304
CSX CORPORATION -> Kweisi Mfume,4500.0,3,2,Kweisi Mfume,Democrat,MD,rep,1,2024-03-14,2025-02-14,2023-10-02,2024-12-19,https://mfume.house.gov/media/press-releases/mfume-cardin-van-hollen-moore-announce-more-than-20-million-to-advance-critical-maryland-rail-projects,658,M000687
EVERYTOWN FOR GUN SAFETY ACTION FUND -> James E. Clyburn,4500.0,2,2,James E. Clyburn,Democrat,SC,rep,1,2022-10-27,2024-10-03,2023-09-15,2025-06-16,https://clyburn.house.gov/congressman-clyburn-and-bicameral-coalition-introduce-disarm-hate-act/,814,C000537
KPMG LLP -> Kevin Hern,4500.0,2,3,Kevin Hern,Republican,OK,rep,1,2024-05-22,2025-09-22,2024-01-03,2025-01-03,https://hern.house.gov/news/documentsingle.aspx?DocumentID=890,1171,H001082
MOLSON COORS BEVERAGE COMPANY USA LLC (FORMERLY KNOWN AS MILLERCOORS LLC) -> Marc A. Veasey,4500.0,2,2,Marc A. Veasey,Democrat,TX,rep,1,2023-03-29,2024-09-17,2024-12-11,2025-06-12,https://veasey.house.gov/media-center/press-releases/reps-watson-coleman-veasey-wagner-and-miller-meeks-send-letter,1330,V000131
NATIONAL BUSINESS AVIATION ASSOCIATION INC -> Steve Cohen,4500.0,2,3,Steve Cohen,Democrat,TN,rep,1,2023-09-27,2024-09-24,2024-07-10,2025-06-04,https://cohen.house.gov/media-center/press-releases/congressman-cohen-says-faa-reauthorization-act-mandates-immediate,1390,C001068
NATIONAL FOOTBALL LEAGUE -> Jimmy Panetta,4500.0,2,1,Jimmy Panetta,Democrat,CA,rep,1,2024-10-21,2024-10-21,2023-03-14,2025-07-02,https://panetta.house.gov/media/press-releases/rep-jimmy-panetta-authors-and-introduces-bipartisan-bill-rename-san-jose-va,1408,P000613
THE KROGER CO. -> Adrian Smith,4500.0,2,3,Adrian Smith,Republican,NE,rep,1,2023-04-07,2025-01-31,2023-03-23,2025-05-02,https://adriansmith.house.gov/media/press-releases/smith-schneider-harshbarger-matsui-reintroduce-bipartisan-bill-expand-seniors,2034,S001172
"VISA, INC. -> Ashley Hinson",4500.0,3,3,Ashley Hinson,Republican,IA,rep,1,2024-09-18,2025-08-28,2024-01-18,2025-03-18,https://hinson.house.gov/media/press-releases/hinson-washington-times-pull-federal-funding-universities-wont-protect-jewish,2204,H001091
"VISA, INC. -> Zoe Lofgren",4500.0,8,3,Zoe Lofgren,Democrat,CA,rep,1,2022-03-30,2023-02-24,2022-04-04,2026-01-13,https://lofgren.house.gov/media/press-releases/vietnam-caucus-co-chairs-introduce-bipartisan-legislation-hold-vietnamese-0,2204,L000397
"VISA, INC. -> Lloyd Smucker",4500.0,3,4,Lloyd Smucker,Republican,PA,rep,1,2022-04-26,2024-10-24,2022-07-05,2025-09-23,https://smucker.house.gov/media/press-releases/smucker-advocates-behalf-local-family,2204,S001199
WALMART INC. -> Jennifer L. McClellan,4500.0,2,3,Jennifer L. McClellan,Democrat,VA,rep,1,2023-03-30,2024-05-07,2024-06-28,2025-10-23,https://mcclellan.house.gov/media/press-releases/mcclellan-scott-connolly-beyer-spanberger-and-wexton-introduce-gun-violence,2222,M001227
WALMART INC. -> Brian Schatz,4500.0,2,2,Brian Schatz,Democrat,HI,sen,1,2022-06-27,2024-06-27,2025-04-07,2025-09-03,https://www.schatz.senate.gov/news/press-releases/schatz-trumps-economic-policies-takeovers-of-american-cities-the-stuff-of-authoritarians-throughout-history,2222,S001194
BAXTER HEALTHCARE CORPORATION -> Roger F. Wicker,4250.0,2,4,Roger F. Wicker,Republican,MS,sen,1,2023-03-13,2024-05-15,2025-11-20,2025-12-19,https://www.wicker.senate.gov/2025/12/wicker-hyde-smith-congratulate-kruger-and-leary-confirmed-to-be-u-s-attorneys-for-mississippi,347,W000437
LEAGUE OF CONSERVATION VOTERS -> Melanie A. Stansbury,4165.0,2,7,Melanie A. Stansbury,Democrat,NM,rep,1,2022-06-12,2025-04-25,2024-12-06,2025-11-07,https://stansbury.house.gov/media/press-releases/polluters-will-pay-under-new-legislation,1195,S001218
LEAGUE OF CONSERVATION VOTERS -> Maxwell Frost,4056.25,2,6,Maxwell Frost,Democrat,FL,rep,1,2022-06-23,2025-02-13,2024-12-06,2025-07-22,https://frost.house.gov/media/press-releases/frost-and-cherfilus-mccormick-reintroduce-bill-to-prevent-radioactive-materials-from-being-used-to-build-roads_the-no-radioactive-roads-act,1195,F000476
"ALZHEIMER'S ASSOCIATION -> Earl L. ""Buddy"" Carter",4000.0,3,4,"Earl L. ""Buddy"" Carter",Republican,GA,rep,1,2024-03-12,2025-04-29,2024-03-18,2025-07-17,https://buddycarter.house.gov/news/documentsingle.aspx?DocumentID=15803,119,C001103
AMERICA'S ESSENTIAL HOSPITALS -> Yvette D. Clarke,4000.0,5,2,Yvette D. Clarke,Democrat,NY,rep,1,2023-09-05,2025-03-31,2023-04-19,2026-02-11,https://clarke.house.gov/clarke-leads-bipartisan-letter-to-house-leadership-to-delay-pending-cuts-to-medicaid-disproportionate-share-hospital-payments/,133,C001067
AMERICAN ACADEMY OF OPHTHALMOLOGY -> Brian Babin,4000.0,2,4,Brian Babin,Republican,TX,rep,1,2022-10-19,2024-06-18,2023-03-03,2025-03-11,https://babin.house.gov/news/documentsingle.aspx?DocumentID=9304,138,B001291
AMERICAN EXPRESS COMPANY -> Madeleine Dean,4000.0,2,2,Madeleine Dean,Democrat,PA,rep,1,2024-04-16,2025-06-03,2022-09-02,2023-12-06,https://dean.house.gov/2023/12/bicameral-letter-urging-bank-ceos,173,D000631
AMERICAN FOREST & PAPER ASSOCIATION -> James Comer,4000.0,2,4,James Comer,Republican,KY,rep,1,2022-06-30,2025-09-25,2022-02-08,2022-03-08,https://comer.house.gov/2022/3/senate-passes-ranking-member-comer-and-chair-maloney-s-postal-service-reform-act,179,C001108
AMERICAN HOTEL & LODGING ASSOCIATION -> David G. Valadao,4000.0,3,2,David G. Valadao,Republican,CA,rep,1,2024-09-18,2025-05-06,2026-01-22,2026-03-27,https://valadao.house.gov/news/documentsingle.aspx?DocumentID=3641,190,V000129
AMERICAN VETERINARY MEDICAL ASSOCIATION -> Margaret Wood Hassan,4000.0,2,3,Margaret Wood Hassan,Democrat,NH,sen,1,2022-03-11,2022-09-23,2023-03-28,2024-03-06,https://www.hassan.senate.gov/news/press-releases/senator-hassan-congressman-pappas-introduce-bipartisan-legislation-to-crack-down-on-deadly-xylazine,227,H001076
BRISTOL-MYERS SQUIBB COMPANY -> Yvette D. Clarke,4000.0,2,4,Yvette D. Clarke,Democrat,NY,rep,1,2022-06-23,2025-11-13,2022-03-10,2022-03-16,https://clarke.house.gov/ten-clarke-community-projects-secure-funding-as-house-passes-fy22-omnibus-appropriations-bill/,425,C001067
CONOCOPHILLIPS -> Lisa Murkowski,4000.0,14,2,Lisa Murkowski,Republican,AK,sen,1,2022-03-08,2025-02-25,2022-07-08,2024-02-15,https://www.murkowski.senate.gov/press/release/murkowski-willow-project-reapproval-significant-for-alaska,602,M001153
"MOLINA HEALTHCARE, INC. -> Tammy Duckworth",4000.0,2,2,Tammy Duckworth,Democrat,IL,sen,1,2022-07-22,2024-09-26,2024-03-28,2025-10-14,https://www.duckworth.senate.gov/news/press-releases/duckworth-durbin-send-letters-urging-medicaid-health-insurance-companies-in-illinois-to-address-lead-poisoning-risk-to-children,1329,D000622
NATIONAL MINING ASSOCIATION -> Andy Barr,4000.0,2,3,Andy Barr,Republican,KY,rep,1,2022-07-07,2024-10-21,2023-04-21,2023-06-21,https://barr.house.gov/press-releases?ID=9DB5373C-A4BF-4964-8283-6B186252CDF7,1416,B001282
NATIONAL RETAIL FEDERATION -> Zoe Lofgren,4000.0,3,4,Zoe Lofgren,Democrat,CA,rep,1,2023-03-09,2025-03-04,2023-06-07,2026-01-16,https://lofgren.house.gov/media/press-releases/reps-lofgren-lee-introduce-bipartisan-bill-protect-main-street-businesses,1423,L000397
"NATIONAL SHOOTING SPORTS FOUNDATION, INC. -> Andrew S. Clyde",4000.0,2,4,Andrew S. Clyde,Republican,GA,rep,1,2022-04-12,2025-04-29,2023-12-13,2024-05-16,https://clyde.house.gov/news/documentsingle.aspx?DocumentID=1476,1426,C001116
"NATIONAL SHOOTING SPORTS FOUNDATION, INC. -> Glenn Grothman",4000.0,2,3,Glenn Grothman,Republican,WI,rep,1,2022-04-21,2025-05-09,2023-08-16,2024-06-05,https://grothman.house.gov/news/documentsingle.aspx?DocumentID=4063,1426,G000576
"NOVO NORDISK, INC. -> Jeanne Shaheen",4000.0,8,2,Jeanne Shaheen,Democrat,NH,sen,1,2023-12-07,2024-09-09,2023-03-14,2024-04-17,https://www.shaheen.senate.gov/news/press/shaheen-warnock-warren-demand-answers-from-novo-nordisk-for-discontinuing-insulin-before-lowering-the-price,1493,S001181
"THE GOLDMAN SACHS GROUP, INC. -> Emanuel Cleaver",4000.0,5,4,Emanuel Cleaver,Democrat,MO,rep,1,2022-03-31,2023-12-13,2025-03-28,2026-02-13,https://cleaver.house.gov/media-center/press-releases/reps-cleaver-scott-and-williams-oppose-trump-administration-efforts,2023,C001061
"THE GOLDMAN SACHS GROUP, INC. -> Hakeem S. Jeffries",4000.0,2,3,Hakeem S. Jeffries,Democrat,NY,rep,1,2022-08-22,2024-11-01,2025-02-28,2025-03-31,https://jeffries.house.gov/2025/03/31/house-democrats-defend-congresss-article-i-powers-slam-unlawful-and-dangerous-shuttering-of-usaid/,2023,J000294
"THE GOLDMAN SACHS GROUP, INC. -> Terri A. Sewell",4000.0,4,3,Terri A. Sewell,Democrat,AL,rep,1,2022-03-31,2023-09-25,2024-03-13,2025-10-21,https://sewell.house.gov/2025/7/rep-sewell-cosponsors-constitutional-amendment-to-reverse-disastrous-supreme-court-ruling-on-presidential-immunity,2023,S001185
"UNITED STATES STEEL CORPORATION -> Eric A. ""Rick"" Crawford",4000.0,5,3,"Eric A. ""Rick"" Crawford",Republican,AR,rep,1,2025-03-26,2025-12-17,2022-01-11,2025-08-11,https://crawford.house.gov/media/press-releases/steel-caucus-leaders-statement-on-explosion-at-us-steel-clairton,2149,C001087
"VISA, INC. -> Aaron Bean",4000.0,2,4,Aaron Bean,Republican,FL,rep,1,2023-09-27,2025-05-13,2023-11-15,2024-08-12,https://bean.house.gov/media/press-releases/congressman-bean-joins-roundtable-nassau-county-travel-business-leaders-impact,2204,B001314
"VISA, INC. -> Greg Stanton",4000.0,10,4,Greg Stanton,Democrat,AZ,rep,1,2023-12-05,2025-04-29,2022-08-15,2025-08-25,https://stanton.house.gov/2025/8/new-dems-unveil-new-plan-to-secure-the-border-and-reform-the-immigration-system,2204,S001211
WALMART INC. -> Martin Heinrich,4000.0,2,2,Martin Heinrich,Democrat,NM,sen,1,2023-08-02,2023-12-08,2026-03-12,2026-03-12,https://www.heinrich.senate.gov/newsroom/press-releases/heinrich-leads-legislation-to-refund-working-families-for-trumps-unlawful-tariffs,2222,H001046
LEAGUE OF CONSERVATION VOTERS -> Deborah K. Ross,3575.0,3,4,Deborah K. Ross,Democrat,NC,rep,1,2022-05-06,2025-12-17,2023-07-26,2024-02-23,https://ross.house.gov/2024/2/ross-schakowsky-matsui-sewell-gallego-reiterate-call-on-leadership-to-advance-appropriations-bills-free-of-poison-pill-riders,1195,R000305
"ALASKA AIRLINES, INC. -> Tammy Duckworth",3500.0,16,2,Tammy Duckworth,Democrat,IL,sen,1,2024-08-12,2025-12-17,2024-01-25,2025-06-11,https://www.duckworth.senate.gov/news/press-releases/duckworths-aviation-safety-subcommittee-emphasizes-urgent-need-to-improve-air-traffic-control-systems-to-prevent-near-misses-and-protect-flying-public,77,D000622
AMERICA'S ESSENTIAL HOSPITALS -> Doris O. Matsui,3500.0,6,2,Doris O. Matsui,Democrat,CA,rep,1,2025-03-10,2025-05-27,2024-03-12,2025-07-22,https://matsui.house.gov/media/press-releases/matsui-welch-reintroduce-legislation-protect-340b-drug-pricing-program,133,M001163
AMERICA'S ESSENTIAL HOSPITALS -> Ron Wyden,3500.0,2,2,Ron Wyden,Democrat,OR,sen,1,2023-09-05,2024-03-12,2024-04-16,2024-06-16,https://www.wyden.senate.gov/news/press-releases/wyden-senate-democrats-release-legislation-to-stop-labor-and-delivery-unit-closures-in-rural-and-underserved-communities,133,W000779
AMERICAN CLEAN POWER ASSOCIATION -> Kathy Castor,3500.0,2,3,Kathy Castor,Democrat,FL,rep,1,2022-06-30,2025-10-29,2024-03-13,2025-04-08,https://castor.house.gov/news/documentsingle.aspx?DocumentID=404887,161,C001066
AMERICAN VETERINARY MEDICAL ASSOCIATION -> Ronny Jackson,3500.0,3,3,Ronny Jackson,Republican,TX,rep,1,2022-09-23,2024-03-01,2023-05-19,2025-06-11,https://jackson.house.gov/news/documentsingle.aspx?DocumentID=676,227,J000304
"CITIGROUP WASHINGTON, INC. -> Dan Sullivan",3500.0,2,1,Dan Sullivan,Republican,AK,sen,1,2025-05-07,2025-05-07,2023-05-17,2026-03-13,https://www.sullivan.senate.gov/newsroom/press-releases/sullivan-recognizes-olivia-klupar-as-alaskan-of-the-week,532,S001198
"EBAY, INC. -> Gus M. Bilirakis",3500.0,2,2,Gus M. Bilirakis,Republican,FL,rep,1,2022-07-11,2023-11-02,2022-11-17,2022-12-29,https://bilirakis.house.gov/media/press-releases/two-more-bilirakis-bills-become-law-1,736,B001257
"EBAY, INC. -> Janice D. Schakowsky",3500.0,4,2,Janice D. Schakowsky,Democrat,IL,rep,1,2022-06-06,2023-07-20,2022-03-16,2023-08-22,https://schakowsky.house.gov/media/press-releases/schakowsky-durbin-call-passage-bipartisan-inform-consumers-act,736,S001145
EXELON BUSINESS SERVICES LLC (FORMERLY KNOWN AS CONSTELLATION ENERGY GROUP) -> Carol D. Miller,3500.0,2,2,Carol D. Miller,Republican,WV,rep,1,2025-04-06,2025-08-15,2025-04-10,2025-06-19,https://miller.house.gov/media/press-releases/miller-schneider-introduce-resilience-act-2025,819,M001205
"INTUIT, INC. AND AFFILIATES (FORMERLY INTUIT, INC.) -> Mark R. Warner",3500.0,2,3,Mark R. Warner,Democrat,VA,sen,1,2022-11-03,2025-07-31,2024-05-14,2024-08-07,https://www.warner.senate.gov/public/index.cfm/pressreleases?ID=E4C382BD-E6B4-4330-84A5-5382791B8FC8,1096,W000805
"LIVE NATION ENTERTAINMENT, INC. -> Marsha Blackburn",3500.0,6,3,Marsha Blackburn,Republican,TN,sen,1,2023-03-17,2024-10-22,2024-08-21,2026-01-28,https://www.blackburn.senate.gov/2026/1/general/technology/video-blackburn-grills-live-nation-representative-on-turning-a-blind-eye-to-scalpers-ripping-off-americans,1220,B001243
MICROSOFT CORPORATION -> Stacey E. Plaskett,3500.0,2,3,Stacey E. Plaskett,Democrat,VI,rep,1,2022-05-31,2024-12-18,2024-04-11,2024-06-26,https://plaskett.house.gov/news/documentsingle.aspx?DocumentID=4500,1318,P000610
NATIONAL AIR TRAFFIC CONTROLLERS ASSOCIATION -> Tammy Duckworth,3500.0,5,2,Tammy Duckworth,Democrat,IL,sen,1,2025-04-08,2025-12-22,2024-12-12,2026-03-06,https://www.duckworth.senate.gov/news/press-releases/duckworths-aviation-safety-subcommittee-emphasizes-urgent-need-to-improve-air-traffic-control-systems-to-prevent-near-misses-and-protect-flying-public,1362,D000622
"NATIONAL SHOOTING SPORTS FOUNDATION, INC. -> Tony Wied",3500.0,2,2,Tony Wied,Republican,WI,rep,1,2024-09-24,2025-07-25,2025-07-17,2025-08-04,https://wied.house.gov/media/press-releases/wied-risch-honor-small-business-firearm-manufacturers,1426,W000829
NATIONAL VENTURE CAPITAL ASSOCIATION -> David Kustoff,3500.0,2,2,David Kustoff,Republican,TN,rep,1,2022-05-12,2023-03-21,2023-04-20,2025-02-12,https://kustoff.house.gov/media/press-releases/congressman-kustoff-introduces-small-business-investment-act-0,1430,K000392
NOVARTIS CORPORATION -> Jim Banks,3500.0,2,2,Jim Banks,Republican,IN,sen,1,2024-09-30,2025-03-28,2025-04-29,2025-05-08,https://www.banks.senate.gov/news/press-releases/senator-jim-banks-statement-on-president-trumps-first-100-days/,1491,B001299
"NUCLEAR ENERGY INSTITUTE, INC. -> Mark R. Warner",3500.0,2,3,Mark R. Warner,Democrat,VA,sen,1,2023-11-15,2025-06-17,2024-04-11,2025-12-02,https://www.warner.senate.gov/public/index.cfm/pressreleases?ID=C36817D4-EF9D-4DF2-BEB0-51C073DE0683,1498,W000805
"THE GOLDMAN SACHS GROUP, INC. -> Joyce Beatty",3500.0,2,2,Joyce Beatty,Democrat,OH,rep,1,2023-06-20,2023-12-13,2025-01-31,2025-02-04,https://beatty.house.gov/media-center/press-releases/beatty-reintroduces-bill-affirming-black-history-in-american-education,2023,B001281
"THE GOLDMAN SACHS GROUP, INC. -> Steny H. Hoyer",3500.0,4,2,Steny H. Hoyer,Democrat,MD,rep,1,2022-10-26,2023-12-13,2025-01-28,2026-01-15,https://hoyer.house.gov/media/press-releases/hoyer-kaine-murkowski-van-hollen-lead-colleagues-urging-administration-follow,2023,H000874
"THE GOLDMAN SACHS GROUP, INC. -> Raja Krishnamoorthi",3500.0,4,2,Raja Krishnamoorthi,Democrat,IL,rep,1,2022-09-28,2023-06-20,2023-07-28,2025-12-01,https://krishnamoorthi.house.gov/media/press-releases/krishnamoorthi-and-ramirez-lead-12-house-members-demanding-answers-trump,2023,K000391
UNIVERSITY OF PITTSBURGH MEDICAL CENTER -> John Joyce,3500.0,2,5,John Joyce,Republican,PA,rep,1,2022-07-18,2025-03-19,2022-04-06,2022-09-29,https://johnjoyce.house.gov/media/press-releases/dr-joyce-announces-100000-grant-help-fight-drug-crisis,2168,J000302
VERIZON COMMUNICATIONS INC. AND VARIOUS SUBSIDIARIES -> Ron Wyden,3500.0,6,2,Ron Wyden,Democrat,OR,sen,1,2022-09-15,2023-12-12,2024-04-18,2025-07-29,https://www.wyden.senate.gov/news/press-releases/wyden-reveals-which-phone-companies-protect-privacy-by-telling-customers-about-government-surveillance,2194,W000779
"VISA, INC. -> Ann Wagner",3500.0,3,2,Ann Wagner,Republican,MO,rep,1,2024-05-13,2025-12-18,2022-09-01,2025-02-11,https://wagner.house.gov/media-center/press-releases/wagner-united-states-must-deny-entrance-russian-foreign-minister-and,2204,W000812
WALMART INC. -> Chuck Edwards,3500.0,25,2,Chuck Edwards,Republican,NC,rep,1,2024-09-27,2025-06-24,2024-09-29,2024-10-28,https://edwards.house.gov/media/press-releases/hurricane-recovery-update-29,2222,E000246
"CENTERPOINT ENERGY, INC. -> Ted Cruz",3300.0,5,1,Ted Cruz,Republican,TX,sen,1,2024-06-26,2024-06-26,2024-01-19,2025-01-03,https://www.cruz.senate.gov/newsroom/press-releases/sen-cruz-on-delivering-for-the-lone-star-state,480,C001098
"NATIONAL SHOOTING SPORTS FOUNDATION, INC. -> Ashley Hinson",3131.58,3,5,Ashley Hinson,Republican,IA,rep,1,2022-09-19,2025-05-09,2024-10-04,2025-04-01,https://hinson.house.gov/media/press-releases/hinson-supports-bill-extending-concealed-carry-beyond-state-borders,1426,H001091
LEAGUE OF CONSERVATION VOTERS -> Mazie K. Hirono,3018.53,6,4,Mazie K. Hirono,Democrat,HI,sen,1,2022-06-16,2023-07-27,2024-02-06,2025-08-06,https://www.hirono.senate.gov/news/press-releases/hirono-leads-colleagues-in-introducing-legislation-to-give-workers-time-off-to-vote,1195,H001042
"AIRBNB, INC. -> Marsha Blackburn",3000.0,4,2,Marsha Blackburn,Republican,TN,sen,1,2024-09-10,2024-10-30,2024-08-21,2025-05-16,https://www.blackburn.senate.gov/2025/5/general/blackburn-hickenlooper-music-tourism-bill-passes-senate-unanimously,68,B001243
"ALASKA AIRLINES, INC. -> Lisa Murkowski",3000.0,3,2,Lisa Murkowski,Republican,AK,sen,1,2024-03-20,2024-08-12,2024-08-16,2026-03-23,https://www.murkowski.senate.gov/press/release/murkowski-speaks-out-against-save-america-act-on-senate-floor,77,M001153
"AMAZON.COM SERVICES, INC. -> Tammy Duckworth",3000.0,2,2,Tammy Duckworth,Democrat,IL,sen,1,2022-09-15,2025-05-19,2025-11-21,2026-03-12,https://www.duckworth.senate.gov/news/press-releases/duckworth-gillibrand-demand-trump-administration-protect-our-children-from-risky-age-inappropriate-ai-toys,125,D000622
"AMAZON.COM SERVICES, INC. -> Blake D. Moore",3000.0,2,2,Blake D. Moore,Republican,UT,rep,1,2022-04-15,2024-06-20,2025-08-08,2025-12-10,https://blakemoore.house.gov/media/press-releases/representatives-moore-schneider-introduce-bipartisan-bill-targeting-counterfeit-imports,125,M001213
"AMAZON.COM SERVICES, INC. -> Pete Ricketts",3000.0,2,2,Pete Ricketts,Republican,NE,sen,1,2023-11-20,2025-12-12,2024-10-24,2025-01-19,https://www.ricketts.senate.gov/news/press-releases/ricketts-cotton-statement-on-tiktok-being-removed-from-app-stores/,125,R000618
AMERICAN GAMING ASSOCIATION -> Guy Reschenthaler,3000.0,3,3,Guy Reschenthaler,Republican,PA,rep,1,2023-05-10,2025-03-17,2022-03-04,2024-02-05,https://reschenthaler.house.gov/media/press-releases/reschenthaler-titus-urge-irs-to-raise-tax-threshold-on-slot-winnings,183,R000610
CSX CORPORATION -> Robin L. Kelly,3000.0,2,2,Robin L. Kelly,Democrat,IL,rep,1,2023-09-29,2024-06-26,2023-04-19,2024-03-28,https://robinkelly.house.gov/media-center/press-releases/rep-robin-kelly-secures-6905444-chicagos-south-suburbs,658,K000385
"CUMMINS, INC. -> Mike Crapo",3000.0,5,3,Mike Crapo,Republican,ID,sen,1,2022-07-07,2024-07-15,2024-09-12,2025-12-05,https://www.crapo.senate.gov/media/newsreleases/crapo-welcomes-spring-2025-interns,665,C000880
CVS HEALTH (AND SUBSIDIARIES) -> Janice D. Schakowsky,3000.0,2,2,Janice D. Schakowsky,Democrat,IL,rep,1,2022-10-24,2024-05-14,2022-05-06,2022-11-17,https://schakowsky.house.gov/media/press-releases/schakowsky-durbin-call-passage-bipartisan-inform-consumers-act,668,S001145
INTEL CORPORATION -> Bernie Moreno,3000.0,2,2,Bernie Moreno,Republican,OH,sen,1,2024-07-31,2024-11-14,2025-09-26,2025-09-29,https://www.moreno.senate.gov/press-releases/moreno-bill-to-designate-english-as-u-s-official-language-copy-2,1081,M001242
"LIVE NATION ENTERTAINMENT, INC. -> Sydney Kamlager-Dove",3000.0,3,4,Sydney Kamlager-Dove,Democrat,CA,rep,1,2023-12-20,2025-05-23,2024-10-16,2025-08-02,https://kamlager-dove.house.gov/media/press-releases/kamlager-dove-secures-1-million-fund-construction-sola-impacts-new-tech,1220,K000400
MICROSOFT CORPORATION -> Salud O. Carbajal,3000.0,2,2,Salud O. Carbajal,Democrat,CA,rep,1,2024-11-04,2025-04-07,2023-04-19,2024-03-04,https://carbajal.house.gov/news/documentsingle.aspx?DocumentID=1831,1318,C001112
NATIONAL FOOTBALL LEAGUE -> Summer L. Lee,3000.0,3,2,Summer L. Lee,Democrat,PA,rep,1,2024-12-31,2025-12-17,2023-12-07,2025-07-24,https://summerlee.house.gov/newsroom/press-releases/rep-summer-lee-celebrates-cross-governmental-collaboration-from-governor-shapiro-county-executive-innamorato-mayor-gainey-and-local-leaders-coming-together-to-make-record-investments-in-improvements-to-downtown-pittsburgh,1408,L000602
"NATIONAL SHOOTING SPORTS FOUNDATION, INC. -> Dusty Johnson",3000.0,5,3,Dusty Johnson,Republican,SD,rep,1,2022-04-06,2024-03-19,2022-09-13,2025-03-11,https://dustyjohnson.house.gov/media/press-releases/johnson-strengthens-second-amendment-rights-active-duty-military-rv-ers,1426,J000301
"NUCLEAR ENERGY INSTITUTE, INC. -> Ruben Gallego",3000.0,2,2,Ruben Gallego,Democrat,AZ,sen,1,2022-09-12,2024-07-25,2026-02-10,2026-02-17,https://www.gallego.senate.gov/news/press-releases/what-are-they-saying-gallego-risch-nuclear-bill-is-critical-to-meet-growing-energy-demands/,1498,G000574
"PFIZER, INC. -> Ruben Gallego",3000.0,2,2,Ruben Gallego,Democrat,AZ,sen,1,2025-05-30,2025-09-23,2025-10-03,2025-11-18,https://www.gallego.senate.gov/news/press-releases/gallego-presses-pfizer-on-secret-trump-drug-pricing-deal/,1596,G000574
"SAMSUNG ELECTRONICS AMERICA, INC. -> Ted Cruz",3000.0,4,1,Ted Cruz,Republican,TX,sen,1,2025-09-22,2025-09-22,2024-01-12,2024-09-25,https://www.cruz.senate.gov/newsroom/press-releases/sen-cruz-applauds-major-investment-in-texas-semiconductor-industry,1770,C001098
"THE GOLDMAN SACHS GROUP, INC. -> Yvette D. Clarke",3000.0,10,3,Yvette D. Clarke,Democrat,NY,rep,1,2022-08-22,2023-12-13,2023-05-12,2026-02-11,https://clarke.house.gov/rep-clarke-hosts-press-conference-to-urge-the-administration-to-protect-black-immigrant-community-during-the-lame-duck-session/,2023,C001067
"THE GOLDMAN SACHS GROUP, INC. -> Tom Emmer",3000.0,2,2,Tom Emmer,Republican,MN,rep,1,2022-06-29,2023-12-13,2023-09-27,2026-01-20,https://emmer.house.gov/media-center/press-releases/whip-emmer-introduces-scam-act-to-denaturalize-fraudsters-terrorists-felons,2023,E000294
"THE GOLDMAN SACHS GROUP, INC. -> Robin L. Kelly",3000.0,6,3,Robin L. Kelly,Democrat,IL,rep,1,2022-03-31,2023-03-24,2022-06-29,2026-01-27,https://robinkelly.house.gov/media-center/press-releases/reps-kelly-casten-introduce-bill-end-flow-illegal-guns-illinois,2023,K000385
"THE GOLDMAN SACHS GROUP, INC. -> Grace Meng",3000.0,13,3,Grace Meng,Democrat,NY,rep,1,2022-08-22,2023-03-24,2023-02-10,2025-12-16,https://meng.house.gov/media-center/press-releases/reps-meng-salazar-and-senators-hassan-johnson-lead-colleagues,2023,M001188
"VISA, INC. -> Monica De La Cruz",3000.0,4,3,Monica De La Cruz,Republican,TX,rep,1,2023-12-05,2024-09-26,2025-04-16,2026-02-12,https://delacruz.house.gov/news/documentsingle.aspx?DocumentID=3569,2204,D000594
"VISA, INC. -> Beth Van Duyne",3000.0,6,3,Beth Van Duyne,Republican,TX,rep,1,2023-09-27,2024-10-24,2022-07-29,2025-04-30,https://vanduyne.house.gov/2025/4/reps-van-duyne-and-cloud-introduce-legislation-to-mandate-citizen-verification-in-order-to-receive-taxpayer-backed-small-business-administration-sba-loans,2204,V000134
WALMART INC. -> Ruben Gallego,3000.0,2,2,Ruben Gallego,Democrat,AZ,sen,1,2025-03-28,2025-06-24,2025-05-15,2026-03-20,https://www.gallego.senate.gov/news/press-releases/senator-gallego-whip-clark-and-congressional-dads-caucus-chair-rep-gomez-hold-press-conference-on-trumps-baby-tax/,2222,G000574
NATIONAL AIR TRAFFIC CONTROLLERS ASSOCIATION -> Jeanne Shaheen,2775.0,5,2,Jeanne Shaheen,Democrat,NH,sen,1,2024-08-15,2025-05-13,2023-06-14,2026-02-13,https://www.shaheen.senate.gov/news/press/shaheen-speaks-out-against-trump-nominee-russell-vought-calling-him-unfit-and-unqualified-to-serve-as-omb-director,1362,S001181
LEAGUE OF CONSERVATION VOTERS -> Tammy Duckworth,2708.0,5,2,Tammy Duckworth,Democrat,IL,sen,1,2022-05-02,2022-06-23,2024-02-06,2025-04-05,https://www.duckworth.senate.gov/news/press-releases/in-meeting-with-environmental-groups-duckworth-recommits-to-defending-and-promoting-environmental-justice-as-trump-slashes-epa,1195,D000622
SOLAR ENERGY INDUSTRIES ASSOCIATION -> Susie Lee,2625.0,5,2,Susie Lee,Democrat,NV,rep,1,2022-05-31,2024-06-22,2022-05-18,2026-02-13,https://susielee.house.gov/media/press-releases/rep-susie-lee-leads-letter-president-biden-urging-administration-expedite-solar,1876,L000590
ALZHEIMER'S ASSOCIATION -> Vern Buchanan,2500.0,10,1,Vern Buchanan,Republican,FL,rep,1,2025-06-04,2025-06-04,2022-10-04,2026-03-24,https://buchanan.house.gov/2026/3/leading-alzheimer-s-advocates-urge-support-for-buchanan-s-asap-act,119,B001260
ALZHEIMER'S ASSOCIATION -> Margaret Wood Hassan,2500.0,2,1,Margaret Wood Hassan,Democrat,NH,sen,1,2025-08-28,2025-08-28,2022-10-31,2026-01-31,https://www.hassan.senate.gov/news/press-releases/senator-hassan-recognizes-steven-fiore-of-atkinson-as-octobers-granite-stater-of-the-month,119,H001076
"AMAZON.COM SERVICES, INC. -> Ted Budd",2500.0,2,1,Ted Budd,Republican,NC,sen,1,2025-09-29,2025-09-29,2024-05-23,2024-06-18,https://www.budd.senate.gov/2024/06/18/budd-leads-21-senators-to-demand-answers-after-suspected-isis-terrorists-at-southern-border-were-released-into-u-s/,125,B001305
"AMAZON.COM SERVICES, INC. -> Bill Cassidy",2500.0,6,1,Bill Cassidy,Republican,LA,sen,1,2025-03-17,2025-03-17,2024-09-30,2025-04-23,https://www.cassidy.senate.gov/newsroom/press-releases/media-advisory-cassidy-releases-agenda-for-upcoming-energy-security-summit-in-baton-rouge/,125,C001075
"AMAZON.COM SERVICES, INC. -> Chris Van Hollen",2500.0,4,1,Chris Van Hollen,Democrat,MD,sen,1,2025-09-09,2025-09-09,2024-01-10,2026-03-06,https://www.vanhollen.senate.gov/news/press-releases/van-hollen-joins-murphy-bipartisan-group-of-34-senators-in-pressing-amazon-for-answers-on-the-mistreatment-of-delivery-drivers,125,V000128
AMERICAN ASSOCIATION OF NURSE PRACTITIONERS -> Shelley Moore Capito,2500.0,2,1,Shelley Moore Capito,Republican,WV,sen,1,2024-09-24,2024-09-24,2023-12-13,2025-02-27,https://www.capito.senate.gov/news/press-releases/senators-capito-klobuchar-introduce-legislation-to-increase-cardiovascular-and-pulmonary-care-access,149,C001047
AMERICAN CEMENT ASSOCIATION (FORMERLY KNOWN AS PORTLAND CEMENT ASSOCIATION) -> Bill Cassidy,2500.0,2,1,Bill Cassidy,Republican,LA,sen,1,2025-08-11,2025-08-11,2025-03-28,2025-04-08,https://www.cassidy.senate.gov/newsroom/press-releases/what-they-are-saying-trump-cabinet-voices-support-for-cassidys-trade-manufacturing-bill-to-hold-china-accountable/,158,C001075
AMERICAN COUNCIL OF LIFE INSURERS -> Margaret Wood Hassan,2500.0,2,1,Margaret Wood Hassan,Democrat,NH,sen,1,2022-02-24,2022-02-24,2023-09-15,2025-04-01,https://www.hassan.senate.gov/news/press-releases/senators-hassan-and-marshall-reintroduce-bipartisan-bill-to-expand-affordable-dental-care,168,H001076
AMERICAN EXPLORATION & PRODUCTION COUNCIL -> Ted Cruz,2500.0,2,1,Ted Cruz,Republican,TX,sen,1,2023-10-03,2023-10-03,2024-05-28,2024-07-12,https://www.cruz.senate.gov/newsroom/press-releases/sen-cruz-introduces-bill-countering-new-biden-administration-rule-blocking-oil-and-gas-production,172,C001098
AMERICAN LAND TITLE ASSOCIATION -> J. Luis Correa,2500.0,4,2,J. Luis Correa,Democrat,CA,rep,1,2022-04-20,2022-04-20,2023-11-13,2025-09-16,https://correa.house.gov/news/press-releases/correa-real-estate-caucus-co-chairs-introduce-saving-the-american-dream-act,197,C001110
BOEING COMPANY -> Zoe Lofgren,2500.0,2,1,Zoe Lofgren,Democrat,CA,rep,1,2024-02-27,2024-02-27,2026-02-20,2026-03-25,https://lofgren.house.gov/media/press-releases/ranking-member-lofgrens-opening-statement-future-iss-hearing,406,L000397
"CENTER FOR SPORTFISHING POLICY (FKA CENTER FOR COASTAL CONSERVATION) -> Earl L. ""Buddy"" Carter",2500.0,3,1,"Earl L. ""Buddy"" Carter",Republican,GA,rep,1,2023-07-17,2023-07-17,2023-06-27,2024-06-27,https://buddycarter.house.gov/news/documentsingle.aspx?DocumentID=12929,478,C001103
"CHEVRON U.S.A., INC. -> Harriet M. Hageman",2500.0,4,2,Harriet M. Hageman,Republican,WY,rep,1,2023-11-26,2024-07-23,2023-06-15,2025-06-06,https://hageman.house.gov/media/press-releases/hageman-reintroduces-legislation-slow-administrative-state,503,H001096
"COINBASE, INC. -> Mike Flood",2500.0,2,1,Mike Flood,Republican,NE,rep,1,2024-06-27,2024-06-27,2023-07-11,2023-07-14,https://flood.house.gov/media/press-releases/congressman-flood-announces-flyover-fintech-panel-how-lack-clarity-affects,582,F000474
CVS HEALTH (AND SUBSIDIARIES) -> Richard Blumenthal,2500.0,9,1,Richard Blumenthal,Democrat,CT,sen,1,2022-09-29,2022-09-29,2023-05-17,2025-04-03,https://www.blumenthal.senate.gov/newsroom/press/release/senator-blumenthal-week-in-review-09/22/202309/29/2023,668,B001277
"DELL TECHNOLOGIES, INC. -> Tom Cole",2500.0,2,1,Tom Cole,Republican,OK,rep,1,2025-03-20,2025-03-20,2023-12-12,2024-06-07,https://cole.house.gov/media/press-releases/cole-announces-military-academy-appointees,689,C001053
"DELL TECHNOLOGIES, INC. -> Bryan Steil",2500.0,2,1,Bryan Steil,Republican,WI,rep,1,2024-05-10,2024-05-10,2022-08-18,2023-07-11,https://steil.house.gov/media/press-releases/steil-seeks-nominations-for-wisconsin-s-first-congressional-district-s-health-care-worker-of-the-year-award-1,689,S001213
DELOITTE LLP -> Chuck Grassley,2500.0,4,1,Chuck Grassley,Republican,IA,sen,1,2025-04-23,2025-04-23,2024-04-02,2025-09-25,https://www.grassley.senate.gov/news/news-releases/penn-wharton-hearing-witness-dem-tax-proposals-wont-solve-our-fiscal-challenges,690,G000386
"EDWARD D. JONES & CO., L.P. -> Maria Elvira Salazar",2500.0,2,1,Maria Elvira Salazar,Republican,FL,rep,1,2024-09-24,2024-09-24,2024-10-30,2024-10-30,https://salazar.house.gov/media/press-releases/salazar-and-pettersen-introduce-legislation-improve-retirement-security-family,744,S000168
"ELEVANCE HEALTH, INC. (FORMERLY REPORTED AS ANTHEM, INC.) -> Richard Blumenthal",2500.0,3,1,Richard Blumenthal,Democrat,CT,sen,1,2022-03-30,2022-03-30,2023-07-14,2025-10-29,https://www.blumenthal.senate.gov/newsroom/press/release/senator-blumenthal-week-in-review-07/07/202307/14/2023,757,B001277
"ELEVANCE HEALTH, INC. (FORMERLY REPORTED AS ANTHEM, INC.) -> Tim Scott",2500.0,2,1,Tim Scott,Republican,SC,sen,1,2025-05-01,2025-05-01,2022-03-03,2023-12-08,https://www.scott.senate.gov/media-center/press-releases/sens-scott-grassley-risch-lead-colleagues-in-demanding-doj-address-ccp-influence-on-college-campuses/,757,S001184
"ELEVANCE HEALTH, INC. (FORMERLY REPORTED AS ANTHEM, INC.) -> David G. Valadao",2500.0,2,1,David G. Valadao,Republican,CA,rep,1,2025-07-30,2025-07-30,2024-10-28,2026-01-12,https://valadao.house.gov/news/documentsingle.aspx?DocumentID=3435,757,V000129
"ENTERGY SERVICES, LLC -> Charles E. Schumer",2500.0,2,1,Charles E. Schumer,Democrat,NY,sen,1,2023-10-04,2023-10-04,2022-03-07,2023-01-18,https://www.schumer.senate.gov/newsroom/press-releases/schumer-reveals-indian-points-surrounding-communities-facing-millions-in-post-shutdown-economic-loss-yet-lifeline-federal-program-still-isnt-permanent-schumer-launches-effort-to-fully-authorize-the-nuclear-closure-communities-program-and-provide-a-new-infusion-of-funds-to-help-recover-from-the-closure-of-indian-point-,785,S000148
EVERYTOWN FOR GUN SAFETY ACTION FUND -> Mazie K. Hirono,2500.0,7,1,Mazie K. Hirono,Democrat,HI,sen,1,2024-08-29,2024-08-29,2023-06-21,2025-04-09,https://www.hirono.senate.gov/news/press-releases/hirono-colleagues-urge-president-biden-to-take-executive-action-to-address-gun-violence-epidemic-limit-sale-of-assault-weapons,814,H001042
EVERYTOWN FOR GUN SAFETY ACTION FUND -> Martin Heinrich,2500.0,9,1,Martin Heinrich,Democrat,NM,sen,1,2024-08-29,2024-08-29,2024-02-15,2025-12-12,https://www.heinrich.senate.gov/newsroom/press-releases/readout-heinrich-announces-gosafe-legislation-to-save-lives-protect-communities-from-gun-violence,814,H001046
"EVERYTOWN FOR GUN SAFETY ACTION FUND -> Angus S. King, Jr.",2500.0,3,1,"Angus S. King, Jr.",Independent,ME,sen,1,2024-10-29,2024-10-29,2023-11-30,2025-03-14,https://www.king.senate.gov/newsroom/press-releases/king-sheehy-lead-bipartisan-legislation-to-combat-veteran-suicide,814,K000383
EVERYTOWN FOR GUN SAFETY ACTION FUND -> Tim Kaine,2500.0,5,1,Tim Kaine,Democrat,VA,sen,1,2024-09-26,2024-09-26,2023-11-16,2025-05-01,https://www.kaine.senate.gov/press-releases/warner-kaine-colleagues-reintroduce-assault-weapons-ban,814,K000384
EVERYTOWN FOR GUN SAFETY ACTION FUND -> Mike Thompson,2500.0,12,1,Mike Thompson,Democrat,CA,rep,1,2024-10-22,2024-10-22,2022-10-20,2025-08-12,https://mikethompson.house.gov/newsroom/press-releases/thompson-titus-kildee-mark-new-action-ban-bump-stocks,814,T000460
FAIR ISAAC CORPORATION (DBA FICO) -> Ruben Gallego,2500.0,2,1,Ruben Gallego,Democrat,AZ,sen,1,2025-09-23,2025-09-23,2025-04-14,2025-04-17,https://www.gallego.senate.gov/news/press-releases/senator-gallego-meets-with-slovakian-leaders-expresses-concerns-over-democracy-and-ukraine/,826,G000574
GENERAL MOTORS COMPANY -> Marcy Kaptur,2500.0,3,2,Marcy Kaptur,Democrat,OH,rep,1,2025-03-05,2025-04-16,2022-07-27,2025-03-27,https://kaptur.house.gov/media-center/press-releases/kaptur-votes-restore-retirement-benefits-5000-ohio-delphi-retirees,923,K000009
INTEL CORPORATION -> Nancy Mace,2500.0,2,2,Nancy Mace,Republican,SC,rep,1,2022-09-29,2023-06-05,2024-07-11,2025-01-09,https://mace.house.gov/media/press-releases/statement-congresswoman-nancy-mace-us-intel-hostages,1081,M000194
INTEL CORPORATION -> Dan Sullivan,2500.0,5,2,Dan Sullivan,Republican,AK,sen,1,2023-06-16,2024-09-25,2022-04-19,2024-04-11,https://www.sullivan.senate.gov/newsroom/press-releases/sullivan-warns-bidens-defense-cuts-could-put-us-in-dangerous-territory-and-below-3-of-gdp,1081,S001198
INTEL CORPORATION -> Chris Van Hollen,2500.0,3,1,Chris Van Hollen,Democrat,MD,sen,1,2022-09-30,2022-09-30,2023-04-27,2025-11-12,https://www.vanhollen.senate.gov/news/press-releases/van-hollen-wasserman-schultz-lead-over-120-members-in-filing-amicus-brief-urging-court-to-uphold-temporary-protected-status-for-venezuela,1081,V000128
"MICRON TECHNOLOGY, INC. -> Kirsten E. Gillibrand",2500.0,2,1,Kirsten E. Gillibrand,Democrat,NY,sen,1,2024-10-17,2024-10-17,2024-07-15,2026-02-04,https://www.gillibrand.senate.gov/news/press/release/schumer-gillibrand-mannion-announce-850000-in-federal-funding-for-syracuse-international-airport-to-replace-baggage-claim-equipment/,1317,G000555
"MICRON TECHNOLOGY, INC. -> Tim Kaine",2500.0,2,1,Tim Kaine,Democrat,VA,sen,1,2024-10-17,2024-10-17,2024-12-10,2024-12-31,https://www.kaine.senate.gov/press-releases/video-kaine-celebrates-legislative-accomplishments-for-virginia-from-2024,1317,K000384
"MICROSOFT CORPORATION -> Donald S. Beyer, Jr.",2500.0,4,1,"Donald S. Beyer, Jr.",Democrat,VA,rep,1,2023-12-18,2023-12-18,2023-05-12,2024-01-10,https://beyer.house.gov/news/documentsingle.aspx?DocumentID=6066,1318,B001292
MOLSON COORS BEVERAGE COMPANY USA LLC (FORMERLY KNOWN AS MILLERCOORS LLC) -> John Boozman,2500.0,8,1,John Boozman,Republican,AR,sen,1,2023-06-01,2023-06-01,2023-02-28,2026-02-04,https://www.boozman.senate.gov/public/index.cfm/press-releases?ID=F2A14823-AA67-464B-8AAC-3A7B976927B9,1330,B001236
MOLSON COORS BEVERAGE COMPANY USA LLC (FORMERLY KNOWN AS MILLERCOORS LLC) -> Tim Kaine,2500.0,10,1,Tim Kaine,Democrat,VA,sen,1,2024-07-08,2024-07-08,2024-03-23,2026-02-04,https://www.kaine.senate.gov/press-releases/wexton-and-kaine-applaud-inclusion-of-gabriella-miller-kids-first-research-act-20-in-government-funding-bill,1330,K000384
MOLSON COORS BEVERAGE COMPANY USA LLC (FORMERLY KNOWN AS MILLERCOORS LLC) -> Bradley Scott Schneider,2500.0,6,1,Bradley Scott Schneider,Democrat,IL,rep,1,2024-05-23,2024-05-23,2022-06-29,2025-12-17,https://schneider.house.gov/media/press-releases/schneider-steel-lee-lead-bipartisan-push-extension-expiring-telehealth,1330,S001190
MORGAN STANLEY & CO. LLC -> Sean Casten,2500.0,4,1,Sean Casten,Democrat,IL,rep,1,2024-09-18,2024-09-18,2022-09-21,2025-05-15,https://casten.house.gov/media/press-releases/casten-statement-responses-wells-fargo-jpmorgan-regarding-sfof-sponsorship,1337,C001117
NATIONAL AIR TRAFFIC CONTROLLERS ASSOCIATION -> Steve Cohen,2500.0,2,1,Steve Cohen,Democrat,TN,rep,1,2025-05-14,2025-05-14,2025-03-04,2025-09-18,https://cohen.house.gov/media-center/press-releases/congressmen-cohen-and-carson-introduce-aviation-funding-stability-act,1362,C001068
NATIONAL FOOTBALL LEAGUE -> Emanuel Cleaver,2500.0,2,1,Emanuel Cleaver,Democrat,MO,rep,1,2024-03-11,2024-03-11,2023-02-16,2024-03-04,https://cleaver.house.gov/media-center/press-releases/reps-cleaver-graves-davids-alford-introduce-resolution-honoring-kansas,1408,C001061
NATIONAL FOOTBALL LEAGUE -> Sam Graves,2500.0,2,1,Sam Graves,Republican,MO,rep,1,2022-06-27,2022-06-27,2023-02-16,2024-03-05,https://graves.house.gov/media/press-releases/reps-graves-cleaver-davids-alford-introduce-resolution-honoring-kansas-city,1408,G000546
NATIONAL FOOTBALL LEAGUE -> Daniel S. Goldman,2500.0,3,1,Daniel S. Goldman,Democrat,NY,rep,1,2025-11-21,2025-11-21,2023-11-21,2025-08-21,https://goldman.house.gov/media/press-releases/reps-goldman-nadler-introduce-house-resolution-condemning-345-park-avenue-mass,1408,G000599
NATIONAL FOOTBALL LEAGUE -> Chrissy Houlahan,2500.0,2,1,Chrissy Houlahan,Democrat,PA,rep,1,2025-03-13,2025-03-13,2023-06-26,2023-06-26,https://houlahan.house.gov/news/documentsingle.aspx?DocumentID=3387,1408,H001085
NATIONAL MINING ASSOCIATION -> John Boozman,2500.0,3,4,John Boozman,Republican,AR,sen,1,2022-05-10,2022-08-31,2023-02-08,2025-02-11,https://www.boozman.senate.gov/public/index.cfm/press-releases?ID=AFA71732-4991-4553-975E-573DAF3B74C8,1416,B001236
NATIONAL MINING ASSOCIATION -> Jim Costa,2500.0,4,2,Jim Costa,Democrat,CA,rep,1,2022-07-15,2022-07-15,2022-06-23,2024-03-22,https://costa.house.gov/media/press-releases/costa-owens-reintroduce-bipartisan-mining-schools-act,1416,C001059
NATIONAL PORK PRODUCERS COUNCIL -> Deb Fischer,2500.0,3,1,Deb Fischer,Republican,NE,sen,1,2023-05-04,2023-05-04,2023-06-20,2025-05-20,https://www.fischer.senate.gov/public/index.cfm/news?ID=6E95E077-0EF0-4F1E-B165-F9919E046181,1418,F000463
"NATIONAL SHOOTING SPORTS FOUNDATION, INC. -> Rand Paul",2500.0,2,1,Rand Paul,Republican,KY,sen,1,2022-05-09,2022-05-09,2023-02-01,2023-11-21,https://www.paul.senate.gov/dr-rand-paul-joins-effort-to-demand-answers-over-biden-administrations-unprecedented-pause-of-firearms-export-licenses/,1426,P000603
"NATIONAL SHOOTING SPORTS FOUNDATION, INC. -> Tim Scott",2500.0,2,1,Tim Scott,Republican,SC,sen,1,2022-06-13,2022-06-13,2023-02-07,2025-08-08,https://www.scott.senate.gov/media-center/press-releases/senator-scott-applauds-president-trumps-executive-order-to-combat-debanking/,1426,S001184
"NATIONAL SHOOTING SPORTS FOUNDATION, INC. -> Todd Young",2500.0,4,1,Todd Young,Republican,IN,sen,1,2022-09-26,2022-09-26,2023-02-01,2025-01-14,https://www.young.senate.gov/newsroom/press-releases/young-colleagues-reintroduce-concealed-carry-reciprocity-bill/,1426,Y000064
NORFOLK SOUTHERN CORPORATION -> Eleanor Holmes Norton,2500.0,2,1,Eleanor Holmes Norton,Democrat,DC,rep,1,2022-11-03,2022-11-03,2024-02-05,2025-11-17,https://norton.house.gov/media/press-releases/norton-introduces-bill-establish-grant-program-mitigate-harmful-effects-train,1478,N000147
"NOVO NORDISK, INC. -> John W. Hickenlooper",2500.0,2,1,John W. Hickenlooper,Democrat,CO,sen,1,2025-06-03,2025-06-03,2025-12-15,2026-03-13,https://www.hickenlooper.senate.gov/press_releases/hickenlooper-democratic-colleagues-demand-answers-from-big-pharma-on-backroom-deals-with-trump-admin/,1493,H000273
"NUCLEAR ENERGY INSTITUTE, INC. -> Charles E. Schumer",2500.0,2,1,Charles E. Schumer,Democrat,NY,sen,1,2022-09-12,2022-09-12,2022-03-07,2023-01-18,https://www.schumer.senate.gov/newsroom/press-releases/schumer-reveals-indian-points-surrounding-communities-facing-millions-in-post-shutdown-economic-loss-yet-lifeline-federal-program-still-isnt-permanent-schumer-launches-effort-to-fully-authorize-the-nuclear-closure-communities-program-and-provide-a-new-infusion-of-funds-to-help-recover-from-the-closure-of-indian-point-,1498,S000148
"OPENAI OPCO, LLC -> Mark R. Warner",2500.0,7,1,Mark R. Warner,Democrat,VA,sen,1,2025-03-17,2025-03-17,2023-04-26,2026-03-25,https://www.warner.senate.gov/public/index.cfm/pressreleases?ID=D22487BB-AE27-4384-B1FE-8EA78901B0FD,1528,W000805
"PFIZER, INC. -> Richard Blumenthal",2500.0,2,1,Richard Blumenthal,Democrat,CT,sen,1,2022-09-20,2022-09-20,2025-06-26,2025-09-08,https://www.blumenthal.senate.gov/newsroom/press/release/blumenthal-slams-kennedy-for-reckless-cuts-to-lifesaving-vaccine-research,1596,B001277
"PRUDENTIAL FINANCIAL, INC. -> Jerry Moran",2500.0,2,2,Jerry Moran,Republican,KS,sen,1,2022-06-09,2022-06-09,2024-01-23,2025-06-13,https://www.moran.senate.gov/public/index.cfm/news-releases?ID=C7F7E32B-5835-432F-88D1-DD98A41249C7,1659,M000934
"RECORDING INDUSTRY ASSOCIATION OF AMERICA INC -> Henry C. ""Hank"" Johnson, Jr.",2500.0,2,3,"Henry C. ""Hank"" Johnson, Jr.",Democrat,GA,rep,1,2022-03-17,2024-09-23,2022-07-27,2025-07-24,https://hankjohnson.house.gov/media-center/press-releases/reps-hank-johnson-and-sydney-kamlager-dove-introduce-bill-protect,1698,J000288
"SANOFI US SERVICES INC (FORMERLY KNOWN AS GENZYME CORPORATION) -> Frank Pallone, Jr.",2500.0,2,2,"Frank Pallone, Jr.",Democrat,NJ,rep,1,2022-11-07,2025-09-25,2024-08-26,2024-09-16,https://pallone.house.gov/media/press-releases/pallone-highlights-medicare-drug-price-negotiations-highlights-legislation,1781,P000034
SEMI (FKA SEMICONDUCTOR EQUIPMENT AND MATERIALS INTERNATIONAL) -> Mike Crapo,2500.0,2,1,Mike Crapo,Republican,ID,sen,1,2022-06-07,2022-06-07,2022-10-05,2024-07-03,https://www.crapo.senate.gov/media/newsreleases/senate-republicans-demand-administration-end-its-war-on-us-oil-and-gas,1812,C000880
SPECIALTY EQUIPMENT MARKET ASSOCIATION -> Mike Crapo,2500.0,2,1,Mike Crapo,Republican,ID,sen,1,2024-06-06,2024-06-06,2023-10-19,2023-10-20,https://www.crapo.senate.gov/media/newsreleases/industry-support-for-legislation-to-rescind-biden-ev-mandate-grows,1899,C000880
"THE GOLDMAN SACHS GROUP, INC. -> Alma S. Adams",2500.0,4,3,Alma S. Adams,Democrat,NC,rep,1,2022-10-14,2023-08-30,2023-04-13,2025-02-06,https://adams.house.gov/media-center/press-releases/reps-adams-underwood-sen-booker-introduce-black-maternal-health-week-1,2023,A000370
"THE GOLDMAN SACHS GROUP, INC. -> Haley M. Stevens",2500.0,3,2,Haley M. Stevens,Democrat,MI,rep,1,2022-05-31,2025-06-26,2023-10-17,2025-12-05,https://stevens.house.gov/media/press-releases/stevens-co-leads-reintroduction-holocaust-education-bill-house,2023,S001215
"THE GOLDMAN SACHS GROUP, INC. -> Claudia Tenney",2500.0,6,2,Claudia Tenney,Republican,NY,rep,1,2022-09-28,2023-06-28,2024-01-17,2026-01-29,https://tenney.house.gov/media/press-releases/reps-tenney-sherman-lead-bipartisan-letter-urging-eu-designate-irgc-terrorist,2023,T000478
"THE GOLDMAN SACHS GROUP, INC. -> Chris Van Hollen",2500.0,30,1,Chris Van Hollen,Democrat,MD,sen,1,2022-03-31,2022-03-31,2023-05-08,2026-03-03,https://www.vanhollen.senate.gov/news/press-releases/van-hollen-wasserman-schultz-lead-over-120-members-in-filing-amicus-brief-urging-court-to-uphold-temporary-protected-status-for-venezuela,2023,V000128
"TRANSPORT WORKERS UNION OF AMERICA, AFL-CIO -> Mazie K. Hirono",2500.0,5,2,Mazie K. Hirono,Democrat,HI,sen,1,2024-03-22,2024-06-20,2024-03-12,2025-10-03,https://www.hirono.senate.gov/news/press-releases/photos-and-video-hirono-norcross-introduce-legislation-to-strengthen-rights-of-public-sector-workers-to-join-unions-bargain-collectively,2088,H001042
UNION PACIFIC CORPORATION -> Kevin Cramer,2500.0,25,1,Kevin Cramer,Republican,ND,sen,1,2024-09-18,2024-09-18,2023-06-16,2023-12-15,https://www.cramer.senate.gov/news/press-releases/12/15/2023/sen-cramer-rail-companies-issue-status-reports-on-grain-car-backlog,2136,C001096
"VISA, INC. -> Kat Cammack",2500.0,2,2,Kat Cammack,Republican,FL,rep,1,2024-06-27,2025-08-20,2022-09-09,2022-09-15,https://cammack.house.gov/media/press-releases/rep-cammack-joins-rep-stefanik-colleagues-sending-letter-ceos-visa-amex,2204,C001039
"VISA, INC. -> Lisa C. McClain",2500.0,4,1,Lisa C. McClain,Republican,MI,rep,1,2025-08-20,2025-08-20,2022-02-23,2024-09-25,https://mcclain.house.gov/2024/9/mcclain-bill-to-sanction-xi-and-ccp-passes-house,2204,M001136
"VISA, INC. -> Claudia Tenney",2500.0,4,2,Claudia Tenney,Republican,NY,rep,1,2023-10-24,2024-02-20,2023-06-09,2025-09-19,https://tenney.house.gov/media/press-releases/reps-tenney-gottheimer-lead-letter-urging-european-allies-initiate-snapback,2204,T000478
BOEING COMPANY -> Margaret Wood Hassan,2250.0,2,3,Margaret Wood Hassan,Democrat,NH,sen,1,2022-02-16,2022-12-06,2024-04-17,2024-06-18,https://www.hassan.senate.gov/news/press-releases/senator-hassan-to-boeing-ceo-you-talk-about-safety-but-there-are-still-product-failures,406,H001076
"THE BUSINESS ROUNDTABLE, INC. -> Shelley Moore Capito",2250.0,4,5,Shelley Moore Capito,Republican,WV,sen,1,2022-09-28,2025-09-22,2023-11-13,2026-01-28,https://www.capito.senate.gov/news/press-releases/what-they-are-saying-support-grows-for-capito-sinema-bill-reversing-harmful-change-in-tax-code,2008,C001047
LEAGUE OF CONSERVATION VOTERS -> Tim Kaine,2068.5299999999997,2,4,Tim Kaine,Democrat,VA,sen,1,2023-03-01,2024-06-03,2025-02-19,2025-05-30,https://www.kaine.senate.gov/press-releases/photos/video-kaine-heinrich-and-environmental-leaders-hold-press-conference-on-trumps-war-on-affordable-american-made-energy,1195,K000384
"LEAGUE OF CONSERVATION VOTERS -> Donald S. Beyer, Jr.",2018.53,3,3,"Donald S. Beyer, Jr.",Democrat,VA,rep,1,2023-07-27,2025-12-17,2023-07-27,2026-02-26,https://beyer.house.gov/news/documentsingle.aspx?DocumentID=8993,1195,B001292
LEAGUE OF CONSERVATION VOTERS -> Veronica Escobar,2018.53,3,5,Veronica Escobar,Democrat,TX,rep,1,2022-02-10,2023-07-27,2022-04-07,2025-07-09,https://escobar.house.gov/news/documentsingle.aspx?DocumentID=880,1195,E000299
"ALASKA AIRLINES, INC. -> Norma J. Torres",2000.0,3,2,Norma J. Torres,Democrat,CA,rep,1,2024-03-20,2025-02-25,2024-01-06,2024-04-26,https://torres.house.gov/media-center/press-releases/southern-california-congresswoman-torres-presses-boeing-answers-safety,77,T000474
"ALBERTSONS COMPANIES, INC. -> Bill Cassidy",2000.0,3,2,Bill Cassidy,Republican,LA,sen,1,2024-03-01,2024-03-01,2024-10-24,2025-11-07,https://www.cassidy.senate.gov/newsroom/press-releases/cassidy-kennedy-raise-concerns-on-foreign-imported-radioactive-shrimp-advocate-for-gulf-shrimp/,79,C001075
"AMAZON.COM SERVICES, INC. -> Susie Lee",2000.0,2,2,Susie Lee,Democrat,NV,rep,1,2025-02-18,2025-05-19,2024-02-26,2024-03-06,https://susielee.house.gov/media/press-releases/congresswoman-lee-small-business-owners-tour-amazons-enterprise-warehouse,125,L000590
"AMAZON.COM SERVICES, INC. -> Morgan Luttrell",2000.0,2,2,Morgan Luttrell,Republican,TX,rep,1,2023-10-24,2025-06-04,2024-07-15,2025-03-06,https://luttrell.house.gov/media/press-releases/luttrell-introduces-legislation-strengthening-military-base-security-after,125,L000603
AMERICAN EXPLORATION & PRODUCTION COUNCIL -> Dan Sullivan,2000.0,2,1,Dan Sullivan,Republican,AK,sen,1,2023-12-21,2023-12-21,2022-08-02,2025-10-30,https://www.sullivan.senate.gov/newsroom/press-releases/senate-rescinds-biden-era-lock-up-of-alaskas-national-petroleum-reserve,172,S001198
AMERICAN VETERINARY MEDICAL ASSOCIATION -> Claudia Tenney,2000.0,2,2,Claudia Tenney,Republican,NY,rep,1,2025-03-25,2025-09-18,2024-09-10,2025-03-20,https://tenney.house.gov/media/press-releases/congresswoman-tenney-reintroduces-paw-act,227,T000478
BOEING COMPANY -> Steve Daines,2000.0,3,1,Steve Daines,Republican,MT,sen,1,2025-06-17,2025-06-17,2025-03-17,2026-02-06,https://www.daines.senate.gov/2026/02/06/daines-on-fox-business-president-trump-leads-with-peace-through-strength/,406,D000618
BOEING COMPANY -> Norma J. Torres,2000.0,3,2,Norma J. Torres,Democrat,CA,rep,1,2023-06-27,2023-10-31,2024-01-06,2024-04-26,https://torres.house.gov/media-center/press-releases/southern-california-congresswoman-torres-presses-boeing-answers-safety,406,T000474
"CHEVRON U.S.A., INC. -> Kat Cammack",2000.0,2,2,Kat Cammack,Republican,FL,rep,1,2023-05-30,2024-10-28,2024-06-28,2024-09-18,https://cammack.house.gov/media/press-releases/rep-kat-cammack-sen-rand-paul-introduce-regulations-executive-need-scrutiny,503,C001039
CORN REFINERS ASSOCIATION -> Dusty Johnson,2000.0,2,2,Dusty Johnson,Republican,SD,rep,1,2024-03-06,2024-03-06,2022-03-30,2025-03-19,https://dustyjohnson.house.gov/media/press-releases/johnson-panetta-lead-bipartisan-group-urging-biden-admin-prioritize,627,J000301
"CUMMINS, INC. -> Chuck Grassley",2000.0,2,2,Chuck Grassley,Republican,IA,sen,1,2022-03-03,2023-10-17,2025-01-03,2025-01-03,https://www.grassley.senate.gov/news/news-releases/qanda-looking-ahead-to-2025,665,G000386
ERICSSON INC. -> Roger F. Wicker,2000.0,2,2,Roger F. Wicker,Republican,MS,sen,1,2023-02-02,2024-07-10,2024-01-23,2024-07-12,https://www.wicker.senate.gov/2024/7/senator-wicker-hosted-top-pentagon-officials-in-vicksburg,807,W000437
EVERYTOWN FOR GUN SAFETY ACTION FUND -> Judy Chu,2000.0,2,2,Judy Chu,Democrat,CA,rep,1,2022-11-02,2024-09-26,2023-07-21,2026-01-21,https://chu.house.gov/media-center/press-releases/six-months-tragedy-monterey-park-rep-chu-joins-sen-gillibrand-announce,814,C001080
EVERYTOWN FOR GUN SAFETY ACTION FUND -> Jason Crow,2000.0,4,2,Jason Crow,Democrat,CO,rep,1,2022-10-28,2024-09-26,2022-05-18,2025-06-06,https://crow.house.gov/media/press-releases/reps-crow-schiff-evans-reintroduce-the-equal-access-to-justice-for-victims-of-gun-violence-act,814,C001121
EVERYTOWN FOR GUN SAFETY ACTION FUND -> Veronica Escobar,2000.0,3,2,Veronica Escobar,Democrat,TX,rep,1,2022-10-26,2024-09-19,2022-01-19,2025-11-21,https://escobar.house.gov/news/documentsingle.aspx?DocumentID=839,814,E000299
EVERYTOWN FOR GUN SAFETY ACTION FUND -> Maxwell Frost,2000.0,5,2,Maxwell Frost,Democrat,FL,rep,1,2022-11-01,2024-10-08,2023-06-16,2024-03-25,https://frost.house.gov/media/press-releases/in-fight-against-gun-violence-rep-maxwell-frost-introduces-the-destroy-zombie-guns-act,814,F000476
EVERYTOWN FOR GUN SAFETY ACTION FUND -> Jahana Hayes,2000.0,3,2,Jahana Hayes,Democrat,CT,rep,1,2022-10-28,2024-10-11,2022-07-30,2024-08-02,https://hayes.house.gov/press-releases?ID=460ABEE0-AB56-44DB-AE87-438FDC473646,814,H001081
EVERYTOWN FOR GUN SAFETY ACTION FUND -> Robin L. Kelly,2000.0,12,2,Robin L. Kelly,Democrat,IL,rep,1,2022-09-27,2024-10-03,2023-02-17,2026-02-11,https://robinkelly.house.gov/media-center/press-releases/reps-robin-kelly-rashida-tlaib-rosa-delauro-and-maxwell-frost-introduce,814,K000385
EVERYTOWN FOR GUN SAFETY ACTION FUND -> Mike Levin,2000.0,2,2,Mike Levin,Democrat,CA,rep,1,2022-10-28,2024-08-29,2022-06-24,2024-06-28,https://levin.house.gov/media/press-releases/rep-mike-levin-honors-nikki-faddick-as-june-2024-constituent-of-the-month,814,L000593
EVERYTOWN FOR GUN SAFETY ACTION FUND -> Bradley Scott Schneider,2000.0,5,2,Bradley Scott Schneider,Democrat,IL,rep,1,2022-09-27,2024-09-26,2022-05-27,2023-02-02,https://schneider.house.gov/media/press-releases/schneider-torres-re-introduce-multiple-firearm-sales-reporting-modernization,814,S001190
EXELON BUSINESS SERVICES LLC (FORMERLY KNOWN AS CONSTELLATION ENERGY GROUP) -> Chris Van Hollen,2000.0,2,2,Chris Van Hollen,Democrat,MD,sen,1,2025-03-03,2025-09-24,2025-04-01,2025-10-08,https://www.vanhollen.senate.gov/news/press-releases/van-hollen-colleagues-urge-major-utility-companies-against-imposing-penalties-service-shutoffs-on-federal-workers-amid-shutdown,819,V000128
INTEL CORPORATION -> Mark Kelly,2000.0,2,2,Mark Kelly,Democrat,AZ,sen,1,2022-10-10,2023-09-25,2025-06-21,2025-06-27,https://www.kelly.senate.gov/newsroom/press-releases/kelly-statement-on-us-strikes-on-iranian-nuclear-sites/,1081,K000377
JETBLUE AIRWAYS CORPORATION -> Adriano Espaillat,2000.0,2,2,Adriano Espaillat,Democrat,NY,rep,1,2022-03-31,2025-05-13,2022-08-03,2023-12-08,https://espaillat.house.gov/media/press-releases/representatives-espaillat-maloney-lead-congressional-effort-protect-aviation,1124,E000297
"JOHNSON & JOHNSON SERVICES, INC. -> Doris O. Matsui",2000.0,4,2,Doris O. Matsui,Democrat,CA,rep,1,2022-01-21,2023-06-14,2024-09-11,2025-09-09,https://matsui.house.gov/media/press-releases/matsui-spanberger-and-colleagues-lead-successful-bipartisan-effort-prevent,1134,M001163
LOCKHEED MARTIN CORPORATION -> Marc A. Veasey,2000.0,3,2,Marc A. Veasey,Democrat,TX,rep,1,2022-03-16,2024-04-25,2022-07-14,2025-03-29,https://veasey.house.gov/media-center/press-releases/rep-veasey-votes-to-honor-texas-servicemembers-strengthen-national,1227,V000131
MICROSOFT CORPORATION -> Elise M. Stefanik,2000.0,2,2,Elise M. Stefanik,Republican,NY,rep,1,2023-09-28,2024-09-25,2025-07-31,2025-12-10,https://stefanik.house.gov/2025/7/stefanik-moolenaar-demand-harvard-s-full-disclosure-of-financial-institutional-ties-to-chinese-communist-party,1318,S001196
"MOLSON COORS BEVERAGE COMPANY USA LLC (FORMERLY KNOWN AS MILLERCOORS LLC) -> Sanford D. Bishop, Jr.",2000.0,18,2,"Sanford D. Bishop, Jr.",Democrat,GA,rep,1,2022-10-11,2024-09-17,2022-01-14,2024-09-10,https://bishop.house.gov/media-center/press-releases/representatives-bishop-scott-and-senators-ossoff-warnock-introduce-bipartisan-bicameral-bill-to-establish-ocmulgee-mounds-as-georgia-s-first-national-park-preserve,1330,B000490
MOLSON COORS BEVERAGE COMPANY USA LLC (FORMERLY KNOWN AS MILLERCOORS LLC) -> John Barrasso,2000.0,3,1,John Barrasso,Republican,WY,sen,1,2025-12-23,2025-12-23,2023-02-28,2025-07-25,https://www.barrasso.senate.gov/newsroom-news-releases-wyoming-delegation-joins-colleagues-demanding-answers-from-doj-on-illegal-aliens-registering-to-vote/,1330,B001261
MOLSON COORS BEVERAGE COMPANY USA LLC (FORMERLY KNOWN AS MILLERCOORS LLC) -> John Cornyn,2000.0,3,1,John Cornyn,Republican,TX,sen,1,2025-12-23,2025-12-23,2024-04-22,2024-10-02,https://www.cornyn.senate.gov/news/cornyn-introduces-bill-to-hold-biden-admin-accountable-for-taxpayer-funded-abortions-at-the-va/,1330,C001056
MOLSON COORS BEVERAGE COMPANY USA LLC (FORMERLY KNOWN AS MILLERCOORS LLC) -> Joe Neguse,2000.0,3,2,Joe Neguse,Democrat,CO,rep,1,2023-06-14,2025-06-18,2022-07-12,2024-07-18,https://neguse.house.gov/media/press-releases/rep-neguse-introduces-bipartisan-orbits-act-bill-clear-space-junk-protect,1330,N000191
"NASDAQ, INC. -> Sean Casten",2000.0,2,2,Sean Casten,Democrat,IL,rep,1,2025-02-21,2025-11-25,2025-04-30,2025-09-17,https://casten.house.gov/media/press-releases/casten-merkley-demand-sec-oversight-of-ccp-linked-billionaire-who-invested-75m-into-trumps-wlf,1358,C001117
NATIONAL BUSINESS AVIATION ASSOCIATION INC -> Sean Casten,2000.0,6,2,Sean Casten,Democrat,IL,rep,1,2025-07-16,2025-09-16,2024-05-07,2025-09-08,https://casten.house.gov/media/press-releases/castens-bipartisan-pilot-mental-health-bill-passes-house,1390,C001117
NATIONAL FOOTBALL LEAGUE -> Judy Chu,2000.0,2,1,Judy Chu,Democrat,CA,rep,1,2025-12-30,2025-12-30,2024-05-08,2025-03-25,https://chu.house.gov/media-center/press-releases/reps-chu-davis-colleagues-champion-bill-prevent-intentional-misuse-cash,1408,C001080
NATIONAL FOOTBALL LEAGUE -> Doris O. Matsui,2000.0,3,1,Doris O. Matsui,Democrat,CA,rep,1,2025-12-30,2025-12-30,2023-09-14,2024-02-08,https://matsui.house.gov/media/in-the-news/communications-daily-sports-inexorable-move-streaming-seen-leaving-mvpds-lurch,1408,M001163
NATIONAL FOOTBALL LEAGUE -> Paul Tonko,2000.0,2,1,Paul Tonko,Democrat,NY,rep,1,2025-12-30,2025-12-30,2024-09-13,2025-10-30,https://tonko.house.gov/news/documentsingle.aspx?DocumentID=4478,1408,T000469
NATIONAL MINING ASSOCIATION -> Shelley Moore Capito,2000.0,2,2,Shelley Moore Capito,Republican,WV,sen,1,2023-02-14,2023-05-22,2023-10-02,2024-06-05,https://www.capito.senate.gov/news/press-releases/capito-introduces-resolution-to-block-bidens-plan-to-shutter-american-power-plants,1416,C001047
NATIONAL MINING ASSOCIATION -> Susie Lee,2000.0,4,1,Susie Lee,Democrat,NV,rep,1,2022-06-03,2022-06-03,2024-12-10,2026-03-03,https://susielee.house.gov/media/press-releases/signed-law-congresswoman-lees-bipartisan-bill-clean-toxic-abandoned-hardrock,1416,L000590
NORFOLK SOUTHERN CORPORATION -> John Garamendi,2000.0,3,1,John Garamendi,Democrat,CA,rep,1,2023-11-09,2023-11-09,2025-02-03,2026-02-04,https://garamendi.house.gov/media/press-releases/garamendi-deluzio-and-rulli-introduce-bipartisan-railway-safety-bill-second,1478,G000559
RECORDING INDUSTRY ASSOCIATION OF AMERICA INC -> Madeleine Dean,2000.0,2,1,Madeleine Dean,Democrat,PA,rep,1,2024-09-23,2024-09-23,2024-09-12,2026-01-22,https://dean.house.gov/2026/1/ean-moran-introduce-bipartisan-bill-to-protect-creators-from-unauthorized-ai-training,1698,D000631
"TELADOC HEALTH, INC. -> Doris O. Matsui",2000.0,2,2,Doris O. Matsui,Democrat,CA,rep,1,2022-01-14,2024-10-14,2023-05-16,2025-06-10,https://matsui.house.gov/media/press-releases/matsui-johnson-reintroduce-bill-eliminate-barrier-telemental-health-services,1975,M001163
"THE GOLDMAN SACHS GROUP, INC. -> Shontel M. Brown",2000.0,9,2,Shontel M. Brown,Democrat,OH,rep,1,2022-09-28,2023-12-13,2024-03-13,2025-12-04,https://shontelbrown.house.gov/media/press-releases/over-500-attend-congresswoman-browns-small-business-expo-warrensville-heights,2023,B001313
"THE GOLDMAN SACHS GROUP, INC. -> Jasmine Crockett",2000.0,2,2,Jasmine Crockett,Democrat,TX,rep,1,2023-06-20,2023-09-25,2023-06-14,2024-03-26,https://crockett.house.gov/media/press-releases/league-her-own-congresswoman-jasmine-crockett-will-be-first-black-female,2023,C001130
"THE GOLDMAN SACHS GROUP, INC. -> Adriano Espaillat",2000.0,14,2,Adriano Espaillat,Democrat,NY,rep,1,2022-08-22,2022-10-26,2023-04-17,2025-08-06,https://espaillat.house.gov/media/press-releases/statement-congressman-adriano-espaillat-and-congressman-dan-goldman-judiciary,2023,E000297
"THE GOLDMAN SACHS GROUP, INC. -> Jahana Hayes",2000.0,8,2,Jahana Hayes,Democrat,CT,rep,1,2022-10-26,2023-09-25,2023-09-27,2025-11-20,https://hayes.house.gov/press-releases?ID=CA9BE053-A1D1-4C70-83C1-820D5F7A2C7A,2023,H001081
"THE GOLDMAN SACHS GROUP, INC. -> Brittany Pettersen",2000.0,2,1,Brittany Pettersen,Democrat,CO,rep,1,2023-12-13,2023-12-13,2023-05-25,2025-06-23,https://pettersen.house.gov/news/documentsingle.aspx?DocumentID=193,2023,P000620
"THE GOLDMAN SACHS GROUP, INC. -> Mike Quigley",2000.0,2,2,Mike Quigley,Democrat,IL,rep,1,2022-06-29,2022-10-26,2024-02-23,2024-09-11,https://quigley.house.gov/media-center/press-releases/ukraine-caucus-co-chairs-introduce-resolution-commemorating-two-years,2023,Q000023
"THE GOLDMAN SACHS GROUP, INC. -> Steve Scalise",2000.0,3,2,Steve Scalise,Republican,LA,rep,1,2022-09-26,2022-09-26,2025-04-29,2025-12-23,https://scalise.house.gov/press-releases/Scalises-End-of-Year-Recap-One-Year-of-Republicans-Delivering-on-our-Promises,2023,S001176
"THE GOLDMAN SACHS GROUP, INC. -> Juan Vargas",2000.0,4,2,Juan Vargas,Democrat,CA,rep,1,2022-09-28,2023-09-25,2024-02-01,2025-12-10,https://vargas.house.gov/media/press-releases/vargas-casten-and-whitehouse-lead-65-colleagues-in-letter-to-appropriations-leadership-opposing-anti-sustainable-investing-riders,2023,V000130
"THE GOLDMAN SACHS GROUP, INC. -> Marc A. Veasey",2000.0,2,1,Marc A. Veasey,Democrat,TX,rep,1,2022-09-28,2022-09-28,2023-07-21,2025-09-18,https://veasey.house.gov/media-center/press-releases/congressmembers-veasey-pettersen-introduce-resolution-condemning,2023,V000131
"THE GOLDMAN SACHS GROUP, INC. -> Debbie Wasserman Schultz",2000.0,16,2,Debbie Wasserman Schultz,Democrat,FL,rep,1,2022-05-31,2023-12-13,2023-05-18,2026-01-09,https://wassermanschultz.house.gov/news/documentsingle.aspx?DocumentID=3453,2023,W000797
"VISA, INC. -> John B. Larson",2000.0,4,2,John B. Larson,Democrat,CT,rep,1,2023-12-05,2024-04-09,2025-07-23,2025-12-04,https://larson.house.gov/media-center/press-releases/larson-condemns-illegal-trump-deployment-texas-troops-chicago-streets,2204,L000557
"VISA, INC. -> Sam T. Liccardo",2000.0,2,2,Sam T. Liccardo,Democrat,CA,rep,1,2024-10-10,2025-04-29,2025-07-24,2025-10-21,https://liccardo.house.gov/media/press-releases/liccardo-obernolte-lead-bipartisan-effort-keep-innovation-america,2204,L000607
"VISA, INC. -> Robert Menendez",2000.0,2,1,Robert Menendez,Democrat,NJ,rep,1,2022-06-07,2022-06-07,2023-10-30,2023-10-30,https://menendez.house.gov/media/press-releases/office-congressman-rob-menendez-successfully-closes-1000th-constituent-case,2204,M001226
"VISA, INC. -> Emilia Strong Sykes",2000.0,3,1,Emilia Strong Sykes,Democrat,OH,rep,1,2024-03-19,2024-03-19,2023-09-12,2026-01-14,https://sykes.house.gov/media/press-releases/rep-sykes-votes-favor-legislation-sanction-irans-missile-and-drone-program,2204,S001223
XCEL ENERGY INC -> Scott H. Peters,2000.0,2,2,Scott H. Peters,Democrat,CA,rep,1,2024-09-06,2025-06-09,2025-01-16,2025-01-23,https://scottpeters.house.gov/press-releases/reps-peters-and-westerman-reintroduce-landmark-fire-prevention-and-protection-bill-the-fix-our-forests-act,2273,P000608
LEAGUE OF CONSERVATION VOTERS -> Jamie Raskin,1675.0,3,5,Jamie Raskin,Democrat,MD,rep,1,2022-03-03,2025-06-25,2023-12-08,2024-09-12,https://raskin.house.gov/2024/9/whitehouse-merkley-raskin-beyer-62-lawmakers-urge-biden-administration-to-finalize-strict-clean-hydrogen-tax-credit-rules,1195,R000606
"LEAGUE OF CONSERVATION VOTERS -> Frank Pallone, Jr.",1575.0,6,2,"Frank Pallone, Jr.",Democrat,NJ,rep,1,2022-03-03,2025-06-27,2022-08-30,2025-04-22,https://pallone.house.gov/media/press-releases/pallone-trump-republicans-want-completely-eliminate-womens-access-health-care,1195,P000034
AMERICAN EXPRESS COMPANY -> Richard Blumenthal,1500.0,4,1,Richard Blumenthal,Democrat,CT,sen,1,2023-09-18,2023-09-18,2023-05-12,2025-10-07,https://www.blumenthal.senate.gov/newsroom/press/release/video-bondi-hides-from-blumenthal-questions-about-doj-coddling-of-corporate-interests,173,B001277
"ARDELYX, INC. -> Suzan K. DelBene",1500.0,2,2,Suzan K. DelBene,Democrat,WA,rep,1,2024-05-01,2025-03-06,2024-12-04,2026-03-17,https://delbene.house.gov/news/documentsingle.aspx?DocumentID=4282,266,D000617
CAREFIRST BLUECROSS BLUESHIELD (FORMERLY KNOWN AS CAREFIRST BLUECROSS MAN CO LLC -> Kweisi Mfume,1500.0,2,1,Kweisi Mfume,Democrat,MD,rep,1,2024-03-20,2024-03-20,2022-10-20,2022-10-26,https://mfume.house.gov/media/press-releases/congressman-mfume-maryland-congressional-delegation-members-welcome-johns-hopkins-carefirst-contract-resolution,463,M000687
INTEL CORPORATION -> Katie Boyd Britt,1500.0,2,2,Katie Boyd Britt,Republican,AL,sen,1,2022-06-08,2022-07-27,2025-05-09,2025-09-16,https://www.britt.senate.gov/news/press-releases/u-s-senator-katie-britt-questions-fbi-director-kash-patel-on-political-violence-dobbs-decision-leak-sextortion-and-violent-crime-in-senate-judiciary-hearing/,1081,B001319
"SALTCHUK RESOURCES, INC. -> Todd Young",1500.0,2,1,Todd Young,Republican,IN,sen,1,2025-09-25,2025-09-25,2024-12-19,2025-04-30,https://www.young.senate.gov/newsroom/press-releases/young-kelly-introduce-ships-for-america-act-to-revitalize-u-s-shipbuilding-and-commercial-maritime-industries/,1769,Y000064
"T-MOBILE USA, INC. -> Chuck Grassley",1500.0,2,1,Chuck Grassley,Republican,IA,sen,1,2022-02-24,2022-02-24,2025-10-14,2026-02-10,https://www.grassley.senate.gov/news/news-releases/grassley-demands-telecommunications-companies-federal-entities-turn-over-all-records-provided-to-jack-smith,1951,G000386
"THE GOLDMAN SACHS GROUP, INC. -> Gabe Amo",1500.0,16,3,Gabe Amo,Democrat,RI,rep,1,2023-09-05,2023-12-13,2023-11-21,2026-03-12,https://amo.house.gov/press-release/vice-ranking-member-amo-leads-125-democrats-calling-on-secretary-rubio-to-provide-robust-american-leadership-to-feed-palestinian-civilians,2023,A000380
"THE GOLDMAN SACHS GROUP, INC. -> Brad Sherman",1500.0,12,1,Brad Sherman,Democrat,CA,rep,1,2023-09-25,2023-09-25,2022-01-21,2026-02-26,https://sherman.house.gov/media-center/press-releases/sherman-updates-valley-residents-on-inflation-ukraine-crisis-covid-19,2023,S000344
THE KROGER CO. -> Dan Sullivan,1500.0,3,1,Dan Sullivan,Republican,AK,sen,1,2025-12-19,2025-12-19,2023-09-25,2024-12-11,https://www.sullivan.senate.gov/newsroom/press-releases/sullivan-applauds-ftc-move-to-block-albertsons-kroger-merger,2034,S001198
"VISA, INC. -> Byron Donalds",1500.0,2,1,Byron Donalds,Republican,FL,rep,1,2022-10-28,2022-10-28,2024-05-08,2025-11-05,https://donalds.house.gov/news/documentsingle.aspx?DocumentID=2378,2204,D000032
"VISA, INC. -> Lizzie Fletcher",1500.0,2,1,Lizzie Fletcher,Democrat,TX,rep,1,2023-12-11,2023-12-11,2022-02-09,2024-09-11,https://fletcher.house.gov/news/documentsingle.aspx?DocumentID=5476,2204,F000468
"VISA, INC. -> Cynthia M. Lummis",1500.0,2,1,Cynthia M. Lummis,Republican,WY,sen,1,2023-10-30,2023-10-30,2025-06-27,2025-06-27,https://www.lummis.senate.gov/press-releases/lummis-staff-to-hold-remote-office-hours-in-crook-county-2/,2204,L000571
"THE GOLDMAN SACHS GROUP, INC. -> Mark R. Warner",1450.0,2,1,Mark R. Warner,Democrat,VA,sen,1,2022-01-21,2022-01-21,2023-09-29,2025-10-15,https://www.warner.senate.gov/public/index.cfm/pressreleases?ID=5C52FC70-A948-40DF-8A18-E464FDC5336F,2023,W000805
BAYCARE HEALTH SYSTEM -> Kathy Castor,1250.0,2,3,Kathy Castor,Democrat,FL,rep,1,2024-09-04,2025-08-19,2024-03-20,2025-07-23,https://castor.house.gov/news/documentsingle.aspx?DocumentID=404998,348,C001066
"THE GOLDMAN SACHS GROUP, INC. -> Lucy McBath",1250.0,7,2,Lucy McBath,Democrat,GA,rep,1,2022-05-23,2023-12-13,2023-05-09,2026-02-05,https://mcbath.house.gov/press-releases?ID=EFA0256A-408F-4B2B-B13E-8C900EE8427A,2023,M001208
LEAGUE OF CONSERVATION VOTERS -> Cory A. Booker,1100.0,6,3,Cory A. Booker,Democrat,NJ,sen,1,2022-10-04,2025-10-03,2023-04-24,2025-09-29,https://www.booker.senate.gov/news/press/booker-pallone-host-roundtable-to-discuss-legislation-to-permanently-ban-offshore-drilling-need-to-protect-marine-mammals,1195,B001288
LEAGUE OF CONSERVATION VOTERS -> Suzanne Bonamici,1098.56,3,4,Suzanne Bonamici,Democrat,OR,rep,1,2022-02-10,2024-05-22,2022-03-01,2023-11-01,https://bonamici.house.gov/media/press-releases/bonamici-torres-introduce-legislation-keep-pedestrians-vulnerable-road-users,1195,B001278
LEAGUE OF CONSERVATION VOTERS -> Yvette D. Clarke,1068.53,2,3,Yvette D. Clarke,Democrat,NY,rep,1,2023-07-27,2025-04-25,2023-03-01,2025-12-19,https://clarke.house.gov/reps-clarke-matsui-and-senators-markey-padilla-lead-letter-urging-strong-emissions-standards/,1195,C001067
LEAGUE OF CONSERVATION VOTERS -> Sydney Kamlager-Dove,1050.0,3,2,Sydney Kamlager-Dove,Democrat,CA,rep,1,2025-04-25,2025-07-09,2023-07-27,2024-10-17,https://kamlager-dove.house.gov/media/press-releases/kamlager-dove-ocasio-cortez-ross-introduce-clean-energy-now-acts,1195,K000400
LEAGUE OF CONSERVATION VOTERS -> Jack Reed,1050.0,2,2,Jack Reed,Democrat,RI,sen,1,2025-06-25,2025-10-03,2024-03-12,2025-08-08,https://www.reed.senate.gov/news/releases/reed-whitehouse-join-hirono-in-introducing-the-time-off-to-vote-act,1195,R000122
LEAGUE OF CONSERVATION VOTERS -> Chris Van Hollen,1037.5,7,2,Chris Van Hollen,Democrat,MD,sen,1,2022-03-21,2022-07-27,2023-07-27,2025-04-10,https://www.vanhollen.senate.gov/news/press-releases/van-hollen-sarbanes-colleagues-introduce-bipartisan-legislation-to-establish-chesapeake-national-recreation-area,1195,V000128
LEAGUE OF CONSERVATION VOTERS -> Bonnie Watson Coleman,1018.53,3,2,Bonnie Watson Coleman,Democrat,NJ,rep,1,2023-07-27,2024-05-16,2022-06-06,2024-02-23,https://watsoncoleman.house.gov/newsroom/press-releases/reps-watson-coleman-gallego-introduce-the-shade-act-to-combat-rising-temperatures-in-cities,1195,W000822
ALZHEIMER'S ASSOCIATION -> Mike Carey,1000.0,2,1,Mike Carey,Republican,OH,rep,1,2025-01-23,2025-01-23,2025-03-11,2025-08-18,https://carey.house.gov/2025/08/18/photos-carey-makes-stops-across-central-ohio/,119,C001126
"AMAZON.COM SERVICES, INC. -> Jared Huffman",1000.0,2,1,Jared Huffman,Democrat,CA,rep,1,2023-07-14,2023-07-14,2023-11-16,2026-02-11,https://huffman.house.gov/media-center/press-releases/ranking-member-huffman-blasts-gops-big-tech-handout,125,H001068
"AMAZON.COM SERVICES, INC. -> Donald Norcross",1000.0,11,1,Donald Norcross,Democrat,NJ,rep,1,2022-04-15,2022-04-15,2022-04-29,2025-07-31,https://norcross.house.gov/press-releases?ID=F21B3BE1-82BD-4756-ADE0-889298BE6FB1,125,N000188
"AMAZON.COM SERVICES, INC. -> Melanie A. Stansbury",1000.0,2,1,Melanie A. Stansbury,Democrat,NM,rep,1,2025-09-09,2025-09-09,2023-04-21,2024-10-24,https://stansbury.house.gov/media/press-releases/rep-stansbury-labor-caucus-urges-amazon-respect-its-employees-rights-and,125,S001218
AMERICAN ACADEMY OF PHYSICIAN ASSOCIATES -> Tracey Mann,1000.0,2,1,Tracey Mann,Republican,KS,rep,1,2025-11-18,2025-11-18,2025-03-28,2025-09-09,https://mann.house.gov/media/press-releases/reps-mann-tokuda-lead-bipartisan-coalition-members-strengthening-rural-health,140,M000871
"AMERICAN AIRLINES INC (FORMERLY REPORTED AS ""AMERICAN AIRLINES"") -> André Carson",1000.0,3,1,André Carson,Democrat,IN,rep,1,2025-07-14,2025-07-14,2025-09-18,2026-01-29,https://carson.house.gov/media/press-releases/statement-ti-leaders-and-kansas-members-anniversary-dca-midair-collision,141,C001072
"AMERICAN AIRLINES INC (FORMERLY REPORTED AS ""AMERICAN AIRLINES"") -> Tammy Duckworth",1000.0,12,1,Tammy Duckworth,Democrat,IL,sen,1,2025-10-30,2025-10-30,2023-12-15,2025-12-10,https://www.duckworth.senate.gov/news/press-releases/senates-faa-reauthorization-bill-includes-duckworth-baldwin-provision-to-help-improve-aircraft-evacuation-standards,141,D000622
"AMERICAN AIRLINES INC (FORMERLY REPORTED AS ""AMERICAN AIRLINES"") -> Sydney Kamlager-Dove",1000.0,2,1,Sydney Kamlager-Dove,Democrat,CA,rep,1,2024-01-03,2024-01-03,2024-02-06,2024-05-13,https://kamlager-dove.house.gov/media/press-releases/kamlager-dove-touts-new-training-program-partnership-between-american-airlines,141,K000400
AMERICAN GAMING ASSOCIATION -> Richard Blumenthal,1000.0,3,1,Richard Blumenthal,Democrat,CT,sen,1,2022-09-13,2022-09-13,2024-03-19,2025-10-23,https://www.blumenthal.senate.gov/newsroom/press/release/blumenthal-highlights-safe-bet-act-in-the-wake-of-latest-sports-betting-scandal,183,B001277
AMERICAN GAMING ASSOCIATION -> David G. Valadao,1000.0,4,1,David G. Valadao,Republican,CA,rep,1,2024-06-11,2024-06-11,2024-07-09,2026-03-27,https://valadao.house.gov/news/documentsingle.aspx?DocumentID=3641,183,V000129
AMERICAN GAS ASSOCIATION -> Dan Newhouse,1000.0,2,1,Dan Newhouse,Republican,WA,rep,1,2025-07-27,2025-07-27,2023-03-30,2023-06-05,https://newhouse.house.gov/media-center/press-releases/newhouse-passes-legislation-lower-energy-costs-save-gas-stoves,184,N000189
AMERICAN LAND TITLE ASSOCIATION -> Martin Heinrich,1000.0,2,1,Martin Heinrich,Democrat,NM,sen,1,2024-03-13,2024-03-13,2025-07-28,2026-02-11,https://www.heinrich.senate.gov/newsroom/in-the-news/senadores-democratas-denuncian-crueldad-en-el-trato-del-gobierno-a-menores-no-acompanados,197,H001046
AMERICAN LAND TITLE ASSOCIATION -> Maria Elvira Salazar,1000.0,11,1,Maria Elvira Salazar,Republican,FL,rep,1,2025-03-13,2025-03-13,2023-08-02,2026-02-24,https://salazar.house.gov/media/press-releases/representantes-salazar-y-castro-presionan-al-departamento-de-asuntos-de,197,S000168
"ANDURIL INDUSTRIES, INC. -> John Hoeven",1000.0,2,1,John Hoeven,Republican,ND,sen,1,2023-12-01,2023-12-01,2023-02-22,2024-07-01,https://www.hoeven.senate.gov/news/news-releases/hoeven-packet-digital-facility-places-north-dakota-at-the-center-of-navy-uas-supply-chain,238,H001061
BAXTER HEALTHCARE CORPORATION -> John Boozman,1000.0,2,1,John Boozman,Republican,AR,sen,1,2023-09-27,2023-09-27,2025-08-20,2026-02-06,https://www.boozman.senate.gov/public/index.cfm/press-releases?ID=CC737DCD-0AAB-4139-847A-EA5BCACC0036,347,B001236
BOEING COMPANY -> Michael Lawler,1000.0,2,1,Michael Lawler,Republican,NY,rep,1,2024-02-27,2024-02-27,2024-05-23,2025-08-21,https://lawler.house.gov/news/documentsingle.aspx?DocumentID=4661,406,L000599
CALISTA CORPORATION -> Dan Sullivan,1000.0,2,1,Dan Sullivan,Republican,AK,sen,1,2025-03-30,2025-03-30,2022-10-13,2025-10-31,https://www.sullivan.senate.gov/newsroom/press-releases/murkowski-sullivan-applaud-an-additional-1244-million-in-broadband-investment-for-western-and-southwestern-alaska,448,S001198
"CHEVRON U.S.A., INC. -> Lisa Murkowski",1000.0,4,1,Lisa Murkowski,Republican,AK,sen,1,2022-02-21,2022-02-21,2022-04-04,2024-07-03,https://www.murkowski.senate.gov/press/release/murkowski-welcomes-supreme-court-decision-to-rein-in-federal-administrative-state-in-loper-bright-enterprises-v-raimondo,503,M001153
COMPUTER & COMMUNICATIONS INDUSTRY ASSOCIATION -> Doris O. Matsui,1000.0,4,1,Doris O. Matsui,Democrat,CA,rep,1,2023-12-01,2023-12-01,2023-09-27,2025-03-19,https://matsui.house.gov/media/press-releases/matsui-seec-dingell-demand-epa-release-obligated-funds,598,M001163
"ELI LILLY AND COMPANY -> Frank Pallone, Jr.",1000.0,2,1,"Frank Pallone, Jr.",Democrat,NJ,rep,1,2025-10-06,2025-10-06,2024-08-26,2024-09-16,https://pallone.house.gov/media/press-releases/pallone-highlights-medicare-drug-price-negotiations-highlights-legislation,759,P000034
EVERYTOWN FOR GUN SAFETY ACTION FUND -> Richard Blumenthal,1000.0,13,1,Richard Blumenthal,Democrat,CT,sen,1,2022-10-26,2022-10-26,2023-05-18,2025-12-12,https://www.blumenthal.senate.gov/newsroom/press/release/senator-blumenthal-week-in-review-06/16/202306/23/2023,814,B001277
EVERYTOWN FOR GUN SAFETY ACTION FUND -> Diana DeGette,1000.0,4,1,Diana DeGette,Democrat,CO,rep,1,2022-10-27,2022-10-27,2022-12-14,2025-02-27,https://degette.house.gov/media-center/press-releases/degette-titus-schneider-hirono-and-blumenthal-reintroduce-bill-ban-high,814,D000197
EVERYTOWN FOR GUN SAFETY ACTION FUND -> Tammy Duckworth,1000.0,4,1,Tammy Duckworth,Democrat,IL,sen,1,2022-10-28,2022-10-28,2025-02-14,2025-12-16,https://www.duckworth.senate.gov/news/press-releases/duckworth-durbin-help-unveil-bill-to-raise-minimum-age-to-buy-assault-weapons,814,D000622
EVERYTOWN FOR GUN SAFETY ACTION FUND -> Madeleine Dean,1000.0,3,1,Madeleine Dean,Democrat,PA,rep,1,2022-10-28,2022-10-28,2022-09-02,2023-12-06,https://dean.house.gov/2023/12/bicameral-letter-urging-bank-ceos,814,D000631
EVERYTOWN FOR GUN SAFETY ACTION FUND -> Dwight Evans,1000.0,2,1,Dwight Evans,Democrat,PA,rep,1,2022-09-27,2022-09-27,2023-06-09,2025-06-06,https://evans.house.gov/media/press-releases/evans-co-leads-bill-restore-basic-right-victims-gun-violence,814,E000296
EVERYTOWN FOR GUN SAFETY ACTION FUND -> Adriano Espaillat,1000.0,2,1,Adriano Espaillat,Democrat,NY,rep,1,2024-10-25,2024-10-25,2022-06-09,2023-07-28,https://espaillat.house.gov/media/press-releases/representative-adriano-espaillat-votes-empower-communities-prevent-gun,814,E000297
EVERYTOWN FOR GUN SAFETY ACTION FUND -> Robert Garcia,1000.0,2,1,Robert Garcia,Democrat,CA,rep,1,2022-10-31,2022-10-31,2023-11-02,2025-06-27,https://robertgarcia.house.gov/media/press-releases/congressman-robert-garcia-and-senator-elizabeth-warren-reintroduce-ammo-act,814,G000598
EVERYTOWN FOR GUN SAFETY ACTION FUND -> Daniel S. Goldman,1000.0,7,1,Daniel S. Goldman,Democrat,NY,rep,1,2022-10-31,2022-10-31,2023-11-20,2025-07-11,https://goldman.house.gov/media/press-releases/rep-dan-goldman-introduces-bill-close-loopholes-allowing-pre-trial-defendants,814,G000599
EVERYTOWN FOR GUN SAFETY ACTION FUND -> Joe Neguse,1000.0,2,1,Joe Neguse,Democrat,CO,rep,1,2022-10-25,2022-10-25,2024-06-07,2025-06-10,https://neguse.house.gov/media/press-releases/rep-neguse-introduces-bill-keep-workers-public-safe-gun-violence,814,N000191
EVERYTOWN FOR GUN SAFETY ACTION FUND -> Alex Padilla,1000.0,2,1,Alex Padilla,Democrat,CA,sen,1,2022-09-27,2022-09-27,2025-06-26,2025-07-02,https://www.padilla.senate.gov/newsroom/press-releases/padilla-scanlon-announce-bicameral-legislation-to-crack-down-on-fraudulent-firearm-sales/,814,P000145
EVERYTOWN FOR GUN SAFETY ACTION FUND -> Mike Quigley,1000.0,3,1,Mike Quigley,Democrat,IL,rep,1,2022-10-27,2022-10-27,2022-02-08,2023-06-05,https://quigley.house.gov/media-center/press-releases/quigley-re-introduces-legislation-crack-down-illegal-gun-sales-0,814,Q000023
EVERYTOWN FOR GUN SAFETY ACTION FUND -> Eric Swalwell,1000.0,3,1,Eric Swalwell,Democrat,CA,rep,0,2022-09-28,2022-09-28,2022-02-25,2025-06-05,https://swalwell.house.gov/media-center/press-releases/swalwell-votes-protect-kids-passage-gun-safety-package,814,S001193
EVERYTOWN FOR GUN SAFETY ACTION FUND -> Brian Schatz,1000.0,2,1,Brian Schatz,Democrat,HI,sen,1,2022-10-28,2022-10-28,2023-03-17,2024-02-09,https://www.schatz.senate.gov/news/press-releases/schatz-introduces-new-bill-to-boost-federal-funding-to-help-states-keep-communities-safe-support-law-enforcement-reduce-gun-violence,814,S001194
EVERYTOWN FOR GUN SAFETY ACTION FUND -> Jill N. Tokuda,1000.0,2,1,Jill N. Tokuda,Democrat,HI,rep,1,2022-10-31,2022-10-31,2024-06-17,2025-12-18,https://tokuda.house.gov/media/press-releases/rep-tokuda-introduces-bill-to-support-law-enforcements-battle-against-zombie-guns,814,T000487
EVERYTOWN FOR GUN SAFETY ACTION FUND -> Chris Van Hollen,1000.0,6,1,Chris Van Hollen,Democrat,MD,sen,1,2022-09-27,2022-09-27,2023-08-14,2025-11-19,https://www.vanhollen.senate.gov/news/press-releases/van-hollen-joins-hirono-blumenthal-colleagues-in-introducing-bill-to-ban-high-capacity-gun-magazines,814,V000128
EVERYTOWN FOR GUN SAFETY ACTION FUND -> Ron Wyden,1000.0,5,1,Ron Wyden,Democrat,OR,sen,1,2022-09-27,2022-09-27,2023-09-15,2025-06-11,https://www.wyden.senate.gov/news/press-releases/wyden-merkley-colleagues-introduce-legislation-to-protect-domestic-abuse-survivors-from-gun-violence,814,W000779
GENERAL MOTORS COMPANY -> Claudia Tenney,1000.0,4,1,Claudia Tenney,Republican,NY,rep,1,2024-03-27,2024-03-27,2023-02-02,2023-11-13,https://tenney.house.gov/media/press-releases/congresswoman-tenney-releases-documentary-highlighting-stories-delphi-retirees,923,T000478
"HACKENSACK MERIDIAN HEALTH -> Frank Pallone, Jr.",1000.0,5,1,"Frank Pallone, Jr.",Democrat,NJ,rep,1,2025-10-17,2025-10-17,2023-06-14,2025-01-31,https://pallone.house.gov/media/press-releases/pallone-calls-action-protect-new-jerseyans-gas-station-heroin,976,P000034
INTEL CORPORATION -> Val T. Hoyle,1000.0,2,1,Val T. Hoyle,Democrat,OR,rep,1,2024-09-06,2024-09-06,2025-01-13,2025-01-14,https://hoyle.house.gov/media/press-releases/wyden-merkley-hoyle-welcome-53-million-chips-investment-in-hp-in-corvallis,1081,H001094
INTEL CORPORATION -> Elissa Slotkin,1000.0,4,1,Elissa Slotkin,Democrat,MI,sen,1,2024-10-05,2024-10-05,2026-03-05,2026-03-11,https://www.slotkin.senate.gov/2026/03/11/slotkin-joins-colleagues-urging-hhs-to-immediately-release-title-x-funding/,1081,S001208
INTEL CORPORATION -> Emilia Strong Sykes,1000.0,5,1,Emilia Strong Sykes,Democrat,OH,rep,1,2024-09-27,2024-09-27,2023-01-27,2024-07-02,https://sykes.house.gov/media/press-releases/rep-sykes-issues-response-state-union,1081,S001223
LEAGUE OF CONSERVATION VOTERS -> Gary C. Peters,1000.0,11,1,Gary C. Peters,Democrat,MI,sen,1,2022-04-27,2022-04-27,2022-09-30,2025-02-11,https://www.peters.senate.gov/newsroom/press-releases/senators-peters-and-stabenow-lead-bipartisan-legislation-to-extend-federal-funding-and-protections-for-the-great-lakes,1195,P000595
"LYFT, INC. -> John Thune",1000.0,7,1,John Thune,Republican,SD,sen,1,2024-04-12,2024-04-12,2023-04-20,2026-02-10,https://www.thune.senate.gov/public/index.cfm/press-releases?ID=EEEB598F-698D-4975-91B3-666E42FCF73D,1245,T000250
MOLSON COORS BEVERAGE COMPANY USA LLC (FORMERLY KNOWN AS MILLERCOORS LLC) -> Stephanie I. Bice,1000.0,3,1,Stephanie I. Bice,Republican,OK,rep,1,2024-01-11,2024-01-11,2023-03-09,2025-05-05,https://bice.house.gov/media/press-releases/icymi-rep-bice-houlahan-unveil-pivotal-paid-family-leave-legislation,1330,B000740
MOLSON COORS BEVERAGE COMPANY USA LLC (FORMERLY KNOWN AS MILLERCOORS LLC) -> Mike Crapo,1000.0,6,1,Mike Crapo,Republican,ID,sen,1,2025-06-18,2025-06-18,2022-08-22,2026-01-15,https://www.crapo.senate.gov/media/newsreleases/crapo-to-lead-news-conference-on-inflation-impacting-idahos-agriculture-industry,1330,C000880
MOLSON COORS BEVERAGE COMPANY USA LLC (FORMERLY KNOWN AS MILLERCOORS LLC) -> James Comer,1000.0,2,1,James Comer,Republican,KY,rep,1,2023-06-01,2023-06-01,2023-01-11,2023-01-12,https://comer.house.gov/2023/1/comer-on-hannity-biden-family-influence-peddling-is-a-national-security-risk,1330,C001108
MOLSON COORS BEVERAGE COMPANY USA LLC (FORMERLY KNOWN AS MILLERCOORS LLC) -> Steve Daines,1000.0,3,1,Steve Daines,Republican,MT,sen,1,2025-06-18,2025-06-18,2024-05-15,2025-11-05,https://www.daines.senate.gov/2025/11/05/daines-risch-murphy-shaheen-introduce-bill-to-increase-american-prosperity-repeal-outdated-jackson-vanik-trade-restrictions/,1330,D000618
MOLSON COORS BEVERAGE COMPANY USA LLC (FORMERLY KNOWN AS MILLERCOORS LLC) -> Glenn Grothman,1000.0,6,1,Glenn Grothman,Republican,WI,rep,1,2023-06-01,2023-06-01,2022-08-02,2026-01-14,https://grothman.house.gov/news/documentsingle.aspx?DocumentID=5008,1330,G000576
MOLSON COORS BEVERAGE COMPANY USA LLC (FORMERLY KNOWN AS MILLERCOORS LLC) -> Ashley Hinson,1000.0,18,1,Ashley Hinson,Republican,IA,rep,1,2025-12-12,2025-12-12,2022-04-04,2026-02-13,https://hinson.house.gov/media/press-releases/washington-examiner-hinson-seeks-fight-against-fearmongering-surrounding-birth,1330,H001091
MOLSON COORS BEVERAGE COMPANY USA LLC (FORMERLY KNOWN AS MILLERCOORS LLC) -> Gwen Moore,1000.0,3,1,Gwen Moore,Democrat,WI,rep,1,2025-12-12,2025-12-12,2022-09-20,2025-07-08,https://gwenmoore.house.gov/news/documentsingle.aspx?DocumentID=5701,1330,M001160
MOLSON COORS BEVERAGE COMPANY USA LLC (FORMERLY KNOWN AS MILLERCOORS LLC) -> Frank J. Mrvan,1000.0,3,1,Frank J. Mrvan,Democrat,IN,rep,1,2024-09-17,2024-09-17,2022-05-12,2024-07-12,https://mrvan.house.gov/media/press-releases/steel-caucus-advocates-trade-enforcement-agencies-house-appropriations,1330,M001214
MOLSON COORS BEVERAGE COMPANY USA LLC (FORMERLY KNOWN AS MILLERCOORS LLC) -> Scott H. Peters,1000.0,5,1,Scott H. Peters,Democrat,CA,rep,1,2024-09-17,2024-09-17,2022-09-28,2025-08-13,https://scottpeters.house.gov/press-releases/reps-peters-and-miller-meeks-sens-blumenthal-and-boozman-introduce-bipartisan-veterans-claims-education-act-of-2022,1330,P000608
MOLSON COORS BEVERAGE COMPANY USA LLC (FORMERLY KNOWN AS MILLERCOORS LLC) -> Steve Scalise,1000.0,14,1,Steve Scalise,Republican,LA,rep,1,2025-12-23,2025-12-23,2022-07-26,2025-12-17,https://scalise.house.gov/press-releases/scalise-highlights-house-gop-work-to-lower-costs-for-hardworking-americans,1330,S001176
NATIONAL BUSINESS AVIATION ASSOCIATION INC -> Ted Budd,1000.0,2,1,Ted Budd,Republican,NC,sen,1,2023-08-22,2023-08-22,2025-05-14,2026-02-13,https://www.budd.senate.gov/2026/02/13/budd-welch-lujan-curtis-introduce-bipartisan-bill-to-support-next-generation-of-aviation/,1390,B001305
NATIONAL MINING ASSOCIATION -> Blake D. Moore,1000.0,2,2,Blake D. Moore,Republican,UT,rep,1,2022-05-12,2022-05-12,2023-12-20,2025-02-26,https://blakemoore.house.gov/media/press-releases/congressmen-moore-lamborn-and-newhouse-co-lead-bill-protect-american-mining,1416,M001213
NATIONAL RETAIL FEDERATION -> Mike Crapo,1000.0,2,1,Mike Crapo,Republican,ID,sen,1,2023-10-17,2023-10-17,2022-03-23,2022-07-27,https://www.crapo.senate.gov/media/newsreleases/senators-introduce-employee-rights-act-of-2022,1423,C000880
"NUCLEAR ENERGY INSTITUTE, INC. -> Byron Donalds",1000.0,2,1,Byron Donalds,Republican,FL,rep,1,2022-09-12,2022-09-12,2022-07-29,2023-04-28,https://donalds.house.gov/news/documentsingle.aspx?DocumentID=716,1498,D000032
PHARMACEUTICAL RESEARCH AND MANUFACTURERS OF AMERICA -> Aaron Bean,1000.0,2,1,Aaron Bean,Republican,FL,rep,1,2023-12-06,2023-12-06,2026-02-02,2026-02-06,https://bean.house.gov/media/press-releases/media-advisory-thursday-congressman-bean-hosts-health-summit-dc-hospital,1605,B001314
RECORDING INDUSTRY ASSOCIATION OF AMERICA INC -> Judy Chu,1000.0,2,2,Judy Chu,Democrat,CA,rep,1,2022-09-22,2022-10-28,2025-01-27,2025-08-01,https://chu.house.gov/media-center/press-releases/rep-judy-chu-introduces-bipartisan-bicameral-bill-support-us-film-tv,1698,C001080
RECORDING INDUSTRY ASSOCIATION OF AMERICA INC -> Sydney Kamlager-Dove,1000.0,3,1,Sydney Kamlager-Dove,Democrat,CA,rep,1,2025-05-20,2025-05-20,2023-07-26,2025-07-25,https://kamlager-dove.house.gov/media/press-releases/kamlager-dove-remarks-press-conference-celebrating-50-years-hip-hop,1698,K000400
"RIO TINTO SERVICES, INC. -> Blake D. Moore",1000.0,3,1,Blake D. Moore,Republican,UT,rep,1,2025-12-03,2025-12-03,2022-07-29,2022-12-28,https://blakemoore.house.gov/media/press-releases/president-biden-signs-law-congressman-blake-moores-bill-help-save-great-salt,1732,M001213
RITE AID CORPORATION -> Janice D. Schakowsky,1000.0,3,1,Janice D. Schakowsky,Democrat,IL,rep,1,2022-03-28,2022-03-28,2022-05-06,2023-12-21,https://schakowsky.house.gov/media/press-releases/schakowsky-leads-innovation-data-commerce-subcommittee-members-call,1736,S001145
SAFARI CLUB INTERNATIONAL -> Lauren Boebert,1000.0,8,1,Lauren Boebert,Republican,CO,rep,1,2024-06-05,2024-06-05,2022-05-16,2025-04-09,https://boebert.house.gov/media/press-releases/reps-lauren-boebert-and-tom-tiffanys-gray-wolf-bill-receives-key-hearing-house,1761,B000825
SANOFI US SERVICES INC (FORMERLY KNOWN AS GENZYME CORPORATION) -> Margaret Wood Hassan,1000.0,2,1,Margaret Wood Hassan,Democrat,NH,sen,1,2025-06-10,2025-06-10,2023-05-10,2023-08-31,https://www.hassan.senate.gov/news/press-releases/senators-hassan-and-smith-urge-insulin-manufacturers-to-fulfill-their-commitment-to-lowering-insulin-costs,1781,H001076
SEMI (FKA SEMICONDUCTOR EQUIPMENT AND MATERIALS INTERNATIONAL) -> Doris O. Matsui,1000.0,2,1,Doris O. Matsui,Democrat,CA,rep,1,2022-06-27,2022-06-27,2023-04-12,2025-02-19,https://matsui.house.gov/media/in-the-news/new-york-times-kennedy-center-trump-inherits-tough-job-fund-raising,1812,M001163
"SUNRUN, INC. -> Juan Ciscomani",1000.0,2,1,Juan Ciscomani,Republican,AZ,rep,1,2025-03-13,2025-03-13,2023-10-23,2026-01-20,https://ciscomani.house.gov/media/press-releases/ciscomani-part-bipartisan-effort-cut-red-tape-residential-solar-other-home,1936,C001133
"T-MOBILE USA, INC. -> Rosa L. DeLauro",1000.0,2,1,Rosa L. DeLauro,Democrat,CT,rep,1,2024-10-23,2024-10-23,2025-01-22,2025-01-22,https://delauro.house.gov/media-center/press-releases/delauro-remarks-ways-and-means-member-day-expanded-monthly-child-tax-0,1951,D000216
THE CHEMOURS COMPANY -> Sarah McBride,1000.0,2,1,Sarah McBride,Democrat,DE,rep,1,2025-05-13,2025-05-13,2025-07-18,2026-02-09,https://mcbride.house.gov/media/press-releases/rep-mcbride-advances-5-million-delaware-innovation-and-chemours-house,2012,M001238
"THE GOLDMAN SACHS GROUP, INC. -> Judy Chu",1000.0,15,1,Judy Chu,Democrat,CA,rep,1,2022-09-28,2022-09-28,2023-04-28,2026-02-19,https://chu.house.gov/media-center/press-releases/reps-chu-nadler-lead-colleagues-urging-cms-increase-oversight,2023,C001080
"THE GOLDMAN SACHS GROUP, INC. -> Ted Cruz",1000.0,3,1,Ted Cruz,Republican,TX,sen,1,2024-04-10,2024-04-10,2025-04-16,2025-12-09,https://www.cruz.senate.gov/newsroom/press-releases/sens-cruz-cornyn-rep-pfluger-texas-delegation-members-urge-cms-to-prioritize-funding-for-texas-from-rural-health-transformation-program,2023,C001098
"THE GOLDMAN SACHS GROUP, INC. -> Veronica Escobar",1000.0,6,1,Veronica Escobar,Democrat,TX,rep,1,2022-06-29,2022-06-29,2025-03-10,2026-02-26,https://escobar.house.gov/news/documentsingle.aspx?DocumentID=3060,2023,E000299
"THE GOLDMAN SACHS GROUP, INC. -> Valerie P. Foushee",1000.0,4,1,Valerie P. Foushee,Democrat,NC,rep,1,2023-12-13,2023-12-13,2024-08-07,2026-03-13,https://foushee.house.gov/posts/reps-foushee-frost-beyer-introduce-legislation-to-establish-national-gun-violence-research-program,2023,F000477
"THE GOLDMAN SACHS GROUP, INC. -> Jimmy Gomez",1000.0,11,1,Jimmy Gomez,Democrat,CA,rep,1,2022-09-28,2022-09-28,2023-01-26,2026-02-02,https://gomez.house.gov/news/documentsingle.aspx?DocumentID=5950,2023,G000585
"THE GOLDMAN SACHS GROUP, INC. -> John B. Larson",1000.0,2,1,John B. Larson,Democrat,CT,rep,1,2022-10-26,2022-10-26,2025-04-04,2025-11-21,https://larson.house.gov/media-center/press-releases/larson-horsford-warren-introduce-bill-provide-economic-boost-seniors,2023,L000557
"THE GOLDMAN SACHS GROUP, INC. -> Kweisi Mfume",1000.0,5,1,Kweisi Mfume,Democrat,MD,rep,1,2023-09-25,2023-09-25,2023-07-12,2026-01-23,https://mfume.house.gov/media/press-releases/reps-mfume-watson-coleman-reintroduce-stop-online-ammunition-sales-act,2023,M000687
"THE GOLDMAN SACHS GROUP, INC. -> Robert Menendez",1000.0,9,1,Robert Menendez,Democrat,NJ,rep,1,2022-06-29,2022-06-29,2023-09-12,2026-03-11,https://menendez.house.gov/media/press-releases/six-months-after-hudson-river-crash-menendez-calls-epa-and-faa-address,2023,M001226
"THE GOLDMAN SACHS GROUP, INC. -> Joe Neguse",1000.0,7,1,Joe Neguse,Democrat,CO,rep,1,2022-10-26,2022-10-26,2025-07-30,2026-03-02,https://neguse.house.gov/media/press-releases/members-congress-seek-court-order-allowing-continued-oversight-ice-detention,2023,N000191
"THE GOLDMAN SACHS GROUP, INC. -> Scott H. Peters",1000.0,3,1,Scott H. Peters,Democrat,CA,rep,1,2022-09-28,2022-09-28,2023-11-08,2026-02-06,https://scottpeters.house.gov/press-releases/reps-peters-schneider-dozens-of-colleagues-sign-joint-statement-on-the-ongoing-hamas-israel-war,2023,P000608
"THE GOLDMAN SACHS GROUP, INC. -> Marilyn Strickland",1000.0,3,1,Marilyn Strickland,Democrat,WA,rep,1,2023-03-24,2023-03-24,2023-11-08,2025-03-19,https://strickland.house.gov/2025/03/19/strickland-leads-bipartisan-bill-for-intergenerational-caregiving/,2023,S001159
"THE GOLDMAN SACHS GROUP, INC. -> Bradley Scott Schneider",1000.0,17,1,Bradley Scott Schneider,Democrat,IL,rep,1,2023-12-13,2023-12-13,2023-02-02,2025-12-17,https://schneider.house.gov/media/press-releases/schneider-scholten-torres-torres-lead-statement-river-sea-and-ongoing-hamas,2023,S001190
"THE GOLDMAN SACHS GROUP, INC. -> Emilia Strong Sykes",1000.0,2,1,Emilia Strong Sykes,Democrat,OH,rep,1,2023-12-13,2023-12-13,2024-01-04,2025-02-03,https://sykes.house.gov/media/press-releases/sykes-bonamici-warren-introduce-bill-to-stop-crisis-pregnancy-centers-from-spreading-anti-abortion-disinformation,2023,S001223
"THE GOLDMAN SACHS GROUP, INC. -> Andrea Salinas",1000.0,5,1,Andrea Salinas,Democrat,OR,rep,1,2023-06-28,2023-06-28,2024-03-11,2025-10-24,https://salinas.house.gov/media/press-releases/salinas-reintroduces-legislation-provide-free-mental-health-visits-americans,2023,S001226
"THE GOLDMAN SACHS GROUP, INC. -> Frederica S. Wilson",1000.0,2,1,Frederica S. Wilson,Democrat,FL,rep,1,2022-09-28,2022-09-28,2023-09-12,2025-09-12,https://wilson.house.gov/media/press-releases/wilson-broad-democratic-coalition-of-lawmakers-urge-president-biden-to-take-executive-action-to-address-gun-violence-epidemic-limit-sale-of-assault-weapons,2023,W000808
"THE GOLDMAN SACHS GROUP, INC. -> Bonnie Watson Coleman",1000.0,6,1,Bonnie Watson Coleman,Democrat,NJ,rep,1,2022-03-31,2022-03-31,2023-01-27,2026-02-10,https://watsoncoleman.house.gov/newsroom/press-releases/reps-watson-coleman-and-mfume-reintroduce-bill-to-place-safeguards-on-online-ammunition-sales,2023,W000822
UNION PACIFIC CORPORATION -> Bill Foster,1000.0,4,1,Bill Foster,Democrat,IL,rep,1,2022-03-04,2022-03-04,2023-04-19,2024-03-25,https://foster.house.gov/media/press-releases/foster-secures-over-13-million-11th-district-community-project-funding,2136,F000454
VERIZON COMMUNICATIONS INC. AND VARIOUS SUBSIDIARIES -> Chuck Edwards,1000.0,27,1,Chuck Edwards,Republican,NC,rep,1,2025-10-24,2025-10-24,2024-09-28,2024-11-04,https://edwards.house.gov/media/press-releases/hurricane-recovery-update-30,2194,E000246
"VISA, INC. -> Jodey C. Arrington",1000.0,2,1,Jodey C. Arrington,Republican,TX,rep,1,2023-04-17,2023-04-17,2024-04-18,2025-01-21,https://arrington.house.gov/news/documentsingle.aspx?DocumentID=2556,2204,A000375
"VISA, INC. -> Michael F. Bennet",1000.0,4,1,Michael F. Bennet,Democrat,CO,sen,1,2022-07-29,2022-07-29,2024-10-29,2025-09-29,https://www.bennet.senate.gov/2025/09/29/bennet-booker-40-democratic-colleagues-urge-state-department-to-resume-medical-and-humanitarian-visas-for-civilians-in-gaza/,2204,B001267
"VISA, INC. -> Yvette D. Clarke",1000.0,6,1,Yvette D. Clarke,Democrat,NY,rep,1,2023-12-05,2023-12-05,2022-02-10,2026-03-17,https://clarke.house.gov/representatives-clarke-espaillat-chu-call-on-dhs-to-expand-immigrant-access-to-public-benefits/,2204,C001067
"VISA, INC. -> Steve Cohen",1000.0,4,1,Steve Cohen,Democrat,TN,rep,1,2023-12-11,2023-12-11,2024-06-11,2025-05-01,https://cohen.house.gov/media-center/press-releases/congressmen-cohen-bacon-doggett-and-gooden-introduce-measure-improve,2204,C001068
"VISA, INC. -> Darrell Issa",1000.0,4,1,Darrell Issa,Republican,CA,rep,1,2025-06-30,2025-06-30,2024-02-13,2025-03-20,https://issa.house.gov/media/press-releases/rep-issas-no-censors-our-shores-act-unanimously-passed-judiciary-committee,2204,I000056
"VISA, INC. -> Lucy McBath",1000.0,2,1,Lucy McBath,Democrat,GA,rep,1,2025-12-18,2025-12-18,2024-12-30,2025-12-18,https://mcbath.house.gov/press-releases?ID=66646C7D-A5D5-488F-AE20-3EE20DF91E11,2204,M001208
"VISA, INC. -> Stacey E. Plaskett",1000.0,4,1,Stacey E. Plaskett,Democrat,VI,rep,1,2022-10-21,2022-10-21,2022-04-07,2025-01-14,https://plaskett.house.gov/news/documentsingle.aspx?DocumentID=4573,2204,P000610
"VISA, INC. -> Norma J. Torres",1000.0,4,1,Norma J. Torres,Democrat,CA,rep,1,2023-12-11,2023-12-11,2023-10-30,2024-06-18,https://torres.house.gov/media-center/press-releases/congresswoman-torres-statement-state-department-actions-regarding-anti,2204,T000474
"VISA, INC. -> Raphael G. Warnock",1000.0,2,1,Raphael G. Warnock,Democrat,GA,sen,1,2022-11-15,2022-11-15,2025-04-28,2025-10-30,https://www.warnock.senate.gov/newsroom/press-releases/warnock-demands-answers-from-trump-administration-on-hyundai-plant-immigration-raid/,2204,W000790
WALMART INC. -> Tammy Baldwin,1000.0,3,1,Tammy Baldwin,Democrat,WI,sen,1,2022-06-13,2022-06-13,2023-03-14,2024-05-09,https://www.baldwin.senate.gov/news/press-releases/senators-baldwin-casey-collins-introduce-esthers-law-to-ban-deadly-water-beads-and-protect-kids,2222,B001230
WALMART INC. -> Daniel S. Goldman,1000.0,4,1,Daniel S. Goldman,Democrat,NY,rep,1,2025-09-26,2025-09-26,2024-03-01,2024-07-02,https://goldman.house.gov/media/press-releases/congressmen-goldman-thompson-magaziner-lead-call-biden-administration-name,2222,G000599
WELLS FARGO & COMPANY -> Richard Blumenthal,1000.0,10,1,Richard Blumenthal,Democrat,CT,sen,1,2022-09-28,2022-09-28,2023-05-12,2025-02-28,https://www.blumenthal.senate.gov/newsroom/press/release/time-change-blumenthal-to-hold-hearing-with-zelle-owner-and-operator-early-warning-services-major-banks,2236,B001277
AMERICAN CEMENT ASSOCIATION (FORMERLY KNOWN AS PORTLAND CEMENT ASSOCIATION) -> Gabe Evans,500.0,2,1,Gabe Evans,Republican,CO,rep,1,2024-09-13,2024-09-13,2025-12-11,2026-01-22,https://gabeevans.house.gov/media/press-releases/what-they-are-saying-rep-evans-fire-act,158,E000300
"AMERICAN INTERNATIONAL GROUP, INC. -> Tammy Baldwin",500.0,3,1,Tammy Baldwin,Democrat,WI,sen,1,2024-09-17,2024-09-17,2023-12-01,2024-04-09,https://www.baldwin.senate.gov/news/press-releases/senator-baldwin-delivers-over-38-million-to-improve-airports-in-wisconsin,192,B001230
"EMD SERONO, INC. -> Katie Boyd Britt",500.0,2,1,Katie Boyd Britt,Republican,AL,sen,1,2022-04-30,2022-04-30,2025-10-16,2025-10-17,https://www.britt.senate.gov/news/press-releases/wtas-president-trump-credits-u-s-senator-katie-britt-in-historic-announcement-to-expand-ivf-access-reduce-costs/,764,B001319
"ETSY, INC. -> Janice D. Schakowsky",500.0,3,1,Janice D. Schakowsky,Democrat,IL,rep,1,2022-06-07,2022-06-07,2022-05-06,2023-08-22,https://schakowsky.house.gov/media/press-releases/schakowsky-durbin-call-passage-bipartisan-inform-consumers-act,813,S001145
MOLSON COORS BEVERAGE COMPANY USA LLC (FORMERLY KNOWN AS MILLERCOORS LLC) -> Sharice Davids,500.0,5,1,Sharice Davids,Democrat,KS,rep,1,2022-06-21,2022-06-21,2025-02-13,2026-03-31,https://davids.house.gov/media/press-releases/us-reps-sharice-davids-d-ks-frank-lucas-r-ok-introduce-bipartisan-bill-improve,1330,D000629
"NATIONAL ASSOCIATION OF COMMUNITY HEALTH CENTERS, INC. -> John Joyce",500.0,2,1,John Joyce,Republican,PA,rep,1,2024-05-21,2024-05-21,2023-04-12,2023-05-19,https://johnjoyce.house.gov/media/press-releases/dr-joyces-reauthorization-community-health-center-funding-passes-through,1372,J000302
"PAYPAL, INC. -> Carol D. Miller",500.0,5,1,Carol D. Miller,Republican,WV,rep,1,2025-03-26,2025-03-26,2022-12-16,2024-09-11,https://miller.house.gov/media/press-releases/millers-saving-gig-economy-taxpayers-act-passes-ways-and-means-committee,1577,M001205
PBF HOLDING COMPANY LLC -> Troy Balderson,500.0,2,1,Troy Balderson,Republican,OH,rep,1,2023-06-07,2023-06-07,2024-06-05,2024-09-18,https://balderson.house.gov/news/documentsingle.aspx?DocumentID=2718,1579,B001306
SEMI (FKA SEMICONDUCTOR EQUIPMENT AND MATERIALS INTERNATIONAL) -> Jimmy Panetta,500.0,3,1,Jimmy Panetta,Democrat,CA,rep,1,2025-04-15,2025-04-15,2022-06-09,2023-05-31,https://panetta.house.gov/media/press-releases/reps-panetta-and-titus-urge-repeal-soviet-era-trade-restrictions-ahead-sec,1812,P000613
"STRATOLAUNCH, LLC -> Vince Fong",500.0,3,1,Vince Fong,Republican,CA,rep,1,2025-12-03,2025-12-03,2024-12-21,2025-05-08,https://fong.house.gov/media/press-releases/rep-vince-fongs-statement-hypersonic-flight-test-yesterday,1925,F000480
"TERRAPOWER, LLC -> John Barrasso",500.0,2,1,John Barrasso,Republican,WY,sen,1,2025-05-09,2025-05-09,2022-12-13,2026-03-04,https://www.barrasso.senate.gov/newsroom-news-releases-barrasso-responds-to-terrapower-announcement/,1984,B001261
"THE BUSINESS ROUNDTABLE, INC. -> Mike Crapo",500.0,3,1,Mike Crapo,Republican,ID,sen,1,2025-02-25,2025-02-25,2022-08-06,2025-07-23,https://www.crapo.senate.gov/media/newsreleases/what-they-are-saying-senate-republicans-legislation-delivers-for-american-workers-businesses,2008,C000880
"THE BUSINESS ROUNDTABLE, INC. -> Sharice Davids",500.0,2,1,Sharice Davids,Democrat,KS,rep,1,2024-06-27,2024-06-27,2024-07-23,2026-02-18,https://davids.house.gov/media/press-releases/icymi-davids-hosts-discussion-bbq-restaurant-owners-releases-updated-small,2008,D000629
"THE BUSINESS ROUNDTABLE, INC. -> David Kustoff",500.0,2,1,David Kustoff,Republican,TN,rep,1,2025-02-25,2025-02-25,2022-09-15,2023-01-25,https://kustoff.house.gov/media/press-releases/congressman-kustoff-reintroduces-legislation-protect-retirement-accounts,2008,K000392
"THE GOLDMAN SACHS GROUP, INC. -> Mark Kelly",500.0,3,1,Mark Kelly,Democrat,AZ,sen,1,2022-01-21,2022-01-21,2025-09-17,2026-01-15,https://www.kelly.senate.gov/newsroom/press-releases/support-rolls-in-for-kellys-ai-for-america/,2023,K000377
"THE GOLDMAN SACHS GROUP, INC. -> Maxine Waters",500.0,3,1,Maxine Waters,Democrat,CA,rep,1,2022-03-31,2022-03-31,2024-02-23,2025-10-17,https://waters.house.gov/media-center/press-releases/rep-waters-sens-markey-and-durbin-lead-72-colleagues-in-calling-on-department-of-education-to-discharge-loans-for-defrauded-borrowers,2023,W000187
VERIZON COMMUNICATIONS INC. AND VARIOUS SUBSIDIARIES -> Ron Johnson,500.0,4,1,Ron Johnson,Republican,WI,sen,1,2022-06-30,2022-06-30,2025-02-04,2026-01-14,https://www.ronjohnson.senate.gov/2026/1/sen-johnson-subpoenas-at-t-verizon-and-lumen-for-records-identifying-targets-of-the-arctic-frost-investigation,2194,J000293
"NATIONAL SHOOTING SPORTS FOUNDATION, INC. -> Ted Budd",350.0,3,2,Ted Budd,Republican,NC,sen,1,2022-01-18,2022-05-05,2023-02-15,2026-02-25,https://www.budd.senate.gov/2026/02/25/sen-budd-rep-miller-lead-bill-to-close-loophole-exploited-by-illegal-aliens-employed-as-police-officers/,1426,B001305
"AMAZON.COM SERVICES, INC. -> Tina Smith",250.0,3,1,Tina Smith,Democrat,MN,sen,1,2025-05-12,2025-05-12,2024-05-29,2024-12-16,https://www.smith.senate.gov/u-s-senator-tina-smith-demands-accountability-from-usps-leadership-following-damning-report-on-postal-failures-in-minnesota/,125,S001203
"HYUNDAI MOTOR COMPANY, LTD. -> Earl L. ""Buddy"" Carter",250.0,4,1,"Earl L. ""Buddy"" Carter",Republican,GA,rep,1,2024-04-15,2024-04-15,2022-05-20,2024-05-15,https://buddycarter.house.gov/news/documentsingle.aspx?DocumentID=9207,1038,C001103
"TEXTRON, INC. -> Jerry Moran",250.0,2,1,Jerry Moran,Republican,KS,sen,1,2025-10-22,2025-10-22,2022-12-05,2024-11-06,https://www.moran.senate.gov/public/index.cfm/news-releases?ID=E1326601-9E23-4768-8A64-0538A7355C74,1991,M000934
"THE GOLDMAN SACHS GROUP, INC. -> Laura Gillen",250.0,8,1,Laura Gillen,Democrat,NY,rep,1,2024-11-04,2024-11-04,2025-02-08,2026-03-19,https://gillen.house.gov/media/press-releases/rep-gillen-leads-colleagues-demanding-secretary-rubio-reverse-decision-abandon,2023,G000602
CASE WESTERN RESERVE UNIVERSITY -> Shontel M. Brown,150.0,4,2,Shontel M. Brown,Democrat,OH,rep,1,2023-03-15,2025-08-25,2022-01-24,2024-03-09,https://shontelbrown.house.gov/media/press-releases/rep-brown-sens-brown-and-portman-ohio-colleagues-urge-administration-consider,468,B001313
"AMERICAN CIVIL LIBERTIES UNION, INC. -> Summer L. Lee",100.0,5,1,Summer L. Lee,Democrat,PA,rep,1,2022-04-26,2022-04-26,2023-03-28,2025-12-02,https://summerlee.house.gov/newsroom/press-releases/summer-lee-joins-bush-pressley-as-vice-chair-in-launching-first-ever-congressional-equal-rights-amendment-caucus,160,L000602
"AMERICAN INTERNATIONAL GROUP, INC. -> Sharice Davids",100.0,2,1,Sharice Davids,Democrat,KS,rep,1,2025-01-14,2025-01-14,2024-02-07,2025-01-24,https://davids.house.gov/media/press-releases/davids-announces-million-dollar-investment-modernize-airports-celebrates,192,D000629
CASE WESTERN RESERVE UNIVERSITY -> Marcy Kaptur,100.0,2,1,Marcy Kaptur,Democrat,OH,rep,1,2022-08-29,2022-08-29,2023-05-08,2025-02-07,https://kaptur.house.gov/media-center/press-releases/kaptur-ohio-colleagues-introduce-legislation-address-health-impacts,468,K000009
AMERICAN ACADEMY OF FAMILY PHYSICIANS -> Chrissy Houlahan,88.24,2,1,Chrissy Houlahan,Democrat,PA,rep,1,2022-07-29,2022-07-29,2023-09-14,2025-03-11,https://houlahan.house.gov/news/documentsingle.aspx?DocumentID=4449,137,H001085
AMERICAN ACADEMY OF FAMILY PHYSICIANS -> Kim Schrier,88.24,8,1,Kim Schrier,Democrat,WA,rep,1,2022-07-29,2022-07-29,2022-04-07,2025-06-05,https://schrier.house.gov/media/press-releases/reps-schrier-and-underwood-re-introduce-bill-lower-costs-eliminate-deductibles,137,S001216
AMERICAN ACADEMY OF FAMILY PHYSICIANS -> Lauren Underwood,88.24,2,1,Lauren Underwood,Democrat,IL,rep,1,2022-07-29,2022-07-29,2022-07-22,2024-02-14,https://underwood.house.gov/media/press-releases/underwood-schrier-schatz-introduce-legislation-address-youth-mental-health,137,U000040
LEAGUE OF CONSERVATION VOTERS -> Judy Chu,75.0,3,1,Judy Chu,Democrat,CA,rep,1,2024-02-07,2024-02-07,2024-08-07,2025-02-05,https://chu.house.gov/media-center/press-releases/trump-administration-prepares-revamped-muslim-ban-rep-chu-sen-coons,1195,C001080
LEAGUE OF CONSERVATION VOTERS -> Elizabeth Warren,68.53,4,2,Elizabeth Warren,Democrat,MA,sen,1,2023-03-30,2023-07-27,2024-07-23,2025-09-18,https://www.warren.senate.gov/newsroom/press-releases/warren-leads-senate-response-to-end-of-chevron-doctrine,1195,W000817
LEAGUE OF CONSERVATION VOTERS -> Steve Cohen,50.0,3,1,Steve Cohen,Democrat,TN,rep,1,2022-03-29,2022-03-29,2025-02-26,2026-02-27,https://cohen.house.gov/media-center/press-releases/congressman-cohen-receives-another-100-percent-score-league,1195,C001068
LEAGUE OF CONSERVATION VOTERS -> Raja Krishnamoorthi,50.0,2,1,Raja Krishnamoorthi,Democrat,IL,rep,1,2024-09-23,2024-09-23,2024-02-07,2025-04-22,https://krishnamoorthi.house.gov/media/press-releases/congressman-raja-krishnamoorthi-joins-members-great-lakes-task-force,1195,K000391
LEAGUE OF CONSERVATION VOTERS -> Alexandria Ocasio-Cortez,50.0,2,1,Alexandria Ocasio-Cortez,Democrat,NY,rep,1,2025-04-25,2025-04-25,2023-04-20,2024-06-26,https://ocasio-cortez.house.gov/media/press-releases/markey-and-ocasio-cortez-reintroduce-green-new-deal-resolution,1195,O000172
LEAGUE OF CONSERVATION VOTERS -> Norma J. Torres,18.53,2,1,Norma J. Torres,Democrat,CA,rep,1,2023-07-27,2023-07-27,2023-11-01,2024-01-31,https://torres.house.gov/media-center/press-releases/representatives-torres-bonamici-introduce-legislation-keep-pedestrians,1195,T000474
