release_id,date,bioguide_id,member_name,chamber,title,url,matched_bill_name,matched_broad_phrase,matched_e2_revision_read,confidence_note,text
1118,2022-01-28,B001257,Gus M. Bilirakis,House,Republicans Commemorate National Data Privacy Day and Urge President Biden to Work With Congress to Enact a National Privacy Standard,https://bilirakis.house.gov/media/press-releases/republicans-commemorate-national-data-privacy-day-and-urge-president-biden,0,1,0,"UNVERIFIED -- broad-phrase match only, never individually read; may be off-topic (e.g. release 11009 confirmed off-topic, about reproductive-health data not APRA)","Washington, D.C. – Today, on National Data Privacy Day, House Energy and Commerce Committee Republican Leader Cathy McMorris (R-WA) and Consumer Protection and Commerce Subcommittee Republican Leader Gus Bilirakis (R-FL), along with Senate Commerce Committee Ranking Member Rodger Wicker (R-MS) and Consumer Protection, Product Safety, and Data Security Subcommittee Ranking Member Marsha Blackburn (R-TN) urged President Biden to work with Congress to develop a national privacy and data security law this year. This letter renews their request from July 2021 that has yet to receive a reply from the President.

Highlights from the letter: ""We write to renew our call to you to work with Congress to enact a nationwide consumer privacy and data security law this year. Since we last wrote six months ago, we have neither received a response from you nor seen meaningful activity on the part of the executive branch to protect the data privacy of U.S. consumers. However, we have seen several troubling reports about the myriad ways Americans' personal information is being misused and abused. Recent disturbing revelations about Big Tech companies exploiting the data and online habits of children and teens show just how urgent it is for Congress to act to protect the data privacy of our youth and the broader public. ""Today's international commemoration of Data Privacy Day marks an opportunity to commit to doing what more than 100 countries have already done: establish a baseline privacy law in the United States. This is a national imperative for maintaining a strong and secure digital economy. We hope you will join us in this effort to give Americans more control over their personal information, provide meaningful safeguards over their data, and restore trust in the safety and security of our online ecosystem.""

CLICK HERE for the full letter to President Biden.

Congress must enact a national consumer privacy and data security law, not a patchwork of conflicting and confusing state statutes. Last November, House Energy and Commerce Committee Republicans unveiled a comprehensive legislative framework that establishes one national privacy standard to protect Americans and sets clear rules for consumer privacy and data security in the U.S. This national standard provides clear rules of the road and give Americans the same data protections wherever they go. Privacy does not end at state lines and Americans deserve better than a patchwork of different and conflicting state laws. Every Republican Member of our Consumer Protection and Commerce Subcommittee will be leading on our solutions to protect people's privacy.

CLICK HERE to read what industry experts and top voices in privacy are saying about the Energy and Commerce Republicans' new consumer privacy and data security framework."
8466,2022-06-08,S001145,Janice D. Schakowsky,House,"Schakowsky, Bilirakis Announce Hearing on Bipartisan Data Privacy Legislation",https://schakowsky.house.gov/media/press-releases/schakowsky-bilirakis-announce-hearing-bipartisan-data-privacy-legislation,0,1,0,"UNVERIFIED -- broad-phrase match only, never individually read; may be off-topic (e.g. release 11009 confirmed off-topic, about reproductive-health data not APRA)","Representatives Jan Schakowsky and Gus Bilirakis, Chair and Ranking Member of the House Energy and Commerce Committee's Consumer Protection and Commerce Subcommittee, announced an upcoming hearing on comprehensive federal data privacy legislation. The hearing will discuss the bipartisan, bicameral privacy legislation draft released last week by Chairman Frank Pallone, Ranking Member Cathy McMorris Rodgers, and Senator Roger Wicker.

""Americans need to know they are in control of their personal data. We are glad to be working together in a bipartisan, bicameral manner to craft legislation that achieves this goal through the establishment of a national privacy standard. We encourage our colleagues to join us in our efforts as we seek to expedite its passage,"" said Representatives Schakowsky and Bilirakis. ""This bill will protect consumers' data privacy, digital security, and our kids online. The bipartisan comprehensive privacy bill will provide regulatory certainty for the business community, end discriminatory use of Americans' data, promote innovation and protect small businesses, and hold companies to high standards of data security. Consumers across the nation have longed-for deserve strong privacy protections in the digital world that we all increasingly inhabit. This legislation provides those protections.""

The hearing, entitled ""Protecting America's Consumers: Bipartisan Legislation to Strengthen Data Privacy and Security,"" will be held on June 14th at 10:30 AM.

Click here for hearing details.

Click here to read the discussion draft bill text.

Click here to read a section-by-section on the discussion draft.

###"
8814,2022-06-14,S001145,Janice D. Schakowsky,House,Schakowsky Opening Remarks at Consumer Protection and Commerce Hearing on the American Data Privacy and Protection Act,https://schakowsky.house.gov/media/press-releases/schakowsky-opening-remarks-consumer-protection-and-commerce-hearing-american,1,0,0,high confidence -- exact bill name/ADPPA acronym in text,"WASHINGTON – Today, Congresswoman Jan Schakowsky, a Senior Chief Deputy Whip and Chair of the Consumer Protection and Commerce Subcommittee, delivered opening remarks at the Consumer Protection and Commerce Subcommittee hearing entitled ""Protecting America's Consumers: Bipartisan Legislation to Strengthen Data Privacy and Security."" The Chair's opening remarks, as prepared, are below:

Today we meet to consider groundbreaking comprehensive federal privacy legislation.

With the bipartisan draft of the ""American Data Privacy and Protection Act"", we have reached a pivotal moment in our landmark effort to enshrine fundamental digital privacy rights for all Americans into federal law.

We live in an increasingly online world, and it is time to pass privacy reform that keeps pace with the speed of technological innovation.

I'd like to acknowledge, with immense gratitude, the tireless work of Members on both sides of the aisle—within this Subcommittee and across Congress.

This cohesive effort proves, once again, that privacy is *not* a partisan issue.

In particular, I would like to thank Chairman Pallone and Ranking Member McMorris Rodgers for their partnership and Ranking Member Bilirakis for his continued collaboration.

The road has been long—and our journey sometimes grueling—but our work has been fruitful because of our purposeful and inclusive process.

Over the last year, we held six roundtables that brought in the expertise of stakeholders from every corner of government, civil society, and industry.

The draft we discuss today reflects the ingenuity and wisdom of dedicated public servants, passionate advocates, and tech experts alike.

The ""American Data Privacy and Protection Act"" will provide relief for consumers who feel helpless online.

No longer will consumers be forced to accept take-it-or-leave-it terms in exchange for their privacy.

No longer will companies be able to collect endless amounts of data without consumers' consent.

And this bill would hold bad actors accountable when they infringe upon consumers' rights.

It will provide regulatory certainty for the business community while taking care to promote innovation and protect small businesses.

It will extend critical protections to teens under 17 and bans targeted advertising to this group.

These are the kinds of ads that have contributed to the mental health crisis plaguing our young people.

Finally, it will protect Americans from discriminatory algorithms.

There is much work before us, and the path forward is clear.

I look forward to today's hearing to build on our momentum, years in the making, to pass transformational privacy protections for all Americans.

It's time to return control of their data back to the American people.

###"
11009,2022-07-18,J000305,Sara Jacobs,House,In Case You Missed It: Congresswoman Sara Jacobs Leads Fight For Reproductive Rights in Congress,https://sarajacobs.house.gov/news/press-releases/in-case-you-missed-it-congresswoman-sara-jacobs-leads-fight-for-reproductive-rights-in-congress,0,1,0,"UNVERIFIED -- broad-phrase match only, never individually read; may be off-topic (e.g. release 11009 confirmed off-topic, about reproductive-health data not APRA)","In case you missed it, Congresswoman Sara Jacobs is leading the fight to protect reproductive health data and defend the right to contraception after the Supreme Court struck down Roe v. Wade last month.

On Friday, Congresswoman Jacobs, along with Reps. Kathy Manning (NC-06), Nikema Williams (GA-05), and Angie Craig (MN-02), introduced the Right to Contraception Act. The bill, which would create a federal statutory right for people to obtain contraceptives, would also protect specific contraceptive methods, devices, and medications including oral contraceptives, emergency contraceptives, and intrauterine devices, The Times of San Diegoreports. This bill is scheduled to be voted on in the House this week.

Last month, Congresswoman Jacobs introduced the My Body, My Data Act, an effort to protect personal reproductive health data collected by apps, cell phones, and search engines, Time reports. The My Body My Data Act has received broad support from reproductive rights and data privacy organizations, including Planned Parenthood Federation of America (PPFA), NARAL Pro-Choice America, Electronic Frontier Foundation (EFF), National Partnership for Women & Families, the National Abortion Federation (NAF), Unite for Reproductive & Gender Equity (URGE), Catholics for Choice, Feminist Majority, and Indivisible.

“The My Body, My Data Act, introduced in the House [and the Senate] on June 16 …would task the Federal Trade Commission (FTC) with enforcing a national privacy standard for reproductive health data collected by apps, cell phones, and search engines. It would require that companies collect and store only the health information that is strictly needed to provide their services. It would also give users the right to access or delete their personal data.”

Speaking with Fox 5 San Diego, Congresswoman Jacobs explained that because no federal protections currently exist for this highly sensitive data, users are vulnerable to having their own data used against them.

“Right now, there is no federal rule about what companies can do with this data. Many of these companies' business models are about collecting the data and selling it to data brokers or ad agencies so that they can do more targeted ads to you… Currently, this data can be bought, sold, or shared with anybody, there is no federal protection… We know that this data can be misused. Right now, in states that are criminalizing abortion state Attorneys General could use it to prosecute someone seeking an abortion.”

Congresswoman Jacobs spoke in depth about the bill with Marie Claire, stressing that while following the Supreme Court’s decision to overturn Roe the most important thing Congress can do is codify the right to abortion, there is still a whole range of other actions Congress must take to protect people seeking abortions.

“What we need to be thinking about is, yes, we need to codify the right to abortion into law. That's priority number one. But, there are so many other things we can also be doing to make sure we're protecting people in the meantime, like this bill on reproductive health data, like making sure that we are continuing to provide people access to birth control, to assisted fertility, to the full range of reproductive health options.

To this point, another thing that I'm working on is actually making sure our military members have access to that full range of reproductive health options, making sure that insurance covers assisted fertility in many different instances, and not just the really narrow ones that they do right now,” Congresswoman Sara Jacobs told Marie Claire.

You can learn more about Congresswoman Jacobs’ My Body, My Data Act in Time here.

You can watch Congresswoman Jacobs’ full decision with Fox 5 San Diego here.

You can read Congresswoman Jacobs’ full interview with Marie Claire here.

Additional coverage about Congresswoman Jacobs leading the fight for reproductive freedom can be found below:"
11278,2022-07-20,T000482,Lori Trahan,House,Trahan Statement on Committee Passage of Bipartisan Comprehensive Privacy Legislation,https://trahan.house.gov/news/documentsingle.aspx?DocumentID=2559,1,1,0,high confidence -- exact bill name/ADPPA acronym in text,"WASHINGTON, DC – Today, Congresswoman Lori Trahan (MA-03), a member of the House Energy and Commerce Committee’s Consumer Protection and Commerce Subcommittee, issued the following statement after the Energy and Commerce Committee passed the bipartisan American Data Privacy and Protection Act, comprehensive privacy legislation:

“For years, members of Congress from both parties have discussed the need to rein in the abusive data practices and privacy violations of large technology platforms. They’ve talked at nauseam, grilled CEOs without end, and proposed bills that largely had no shot of becoming law. That pattern of inaction changed today.”

“The American Data Privacy and Protection Act will limit the amount of data that companies can collect on Americans. It will protect our children’s privacy whether they’re at home or at school. And it will give consumers the power to opt out of surveillance-based advertising. And that’s just the start. This bipartisan legislation is long overdue, and I’m grateful to the Committee leadership for their efforts to send it to the House floor. I look forward to voting to send it to the Senate and working with our partners to get it signed into law.”

###"
11325,2022-07-21,B001257,Gus M. Bilirakis,House,Two More Bilirakis Bills Advance to the House Floor,https://bilirakis.house.gov/media/press-releases/two-more-bilirakis-bills-advance-house-floor,1,1,0,high confidence -- exact bill name/ADPPA acronym in text,"Washington, DC: Earlier today, the House Committee on Energy and Commerce passed two important bills led by Congressman Gus Bilirakis. H.R. 4551, the ""Reporting Attacks from Nations Selected for Oversight and Monitoring Web Attacks and Ransomware from Enemies Act"" or the ""RANSOMWARE Act"" will strengthen the federal government's efforts to respond to recent ransomware and other cyber-attacks from foreign adversaries, such as China, Russia, Iran, and North Korea. ""We have seen an increase in cyber-crimes against Americans and we must ensure the proper infrastructure is in place to prevent and respond to these attacks,"" said Bilirakis. Specifically, Bilirakis's legislation will amend and update the U.S. SAFE WEB Act of 2006, which first enabled cooperation with foreign law enforcement agencies on international consumer protection issues, to require the Federal Trade Commission (FTC) to report on cross-border complaints involving ransomware.

The second measure passed by the Committee today is co-authored by Representatives Bilirakis, McMorris-Rodgers, Pallone and Schakowsky. H.R. 8152, the ""American Data Privacy and Protection Act"" creates a uniform, national privacy standard for all Americans, providing more individual control over their data. ""I am glad to see this historic and long-overdue legislation finally advancing. As we work to safeguard all Americans' sensitive data, I am particularly pleased with a major component of this bill that will provide enhanced online, privacy protections for children,"" said Congressman Bilirakis. The bill strengthens protections for kids by banning targeted advertising for children under 17, and provides transparency and accountability for Big Tech companies by prohibiting them from tracking users' sensitive information without their consent. It also creates a new Youth Privacy Division at FTC to provide ongoing recommendations on how Congress can strengthen online safety for children. ""Additionally, given that American TikTok users' sensitive data has been repeatedly accessed by the Chinese without any notification or consent, provisions of our bill will increase transparency and user disclosure requirements regarding any contact with adversarial governments. I am hopeful my colleagues will help move important bipartisan bills forward through the House Floor and work with me to get them across the finish line,"" Bilirakis added. The bill specifically mandates transparency in privacy policy statements to include full disclosure of whether any American data is being transferred or processed in China and other foreign adversaries."
12777,2022-08-11,M000934,Jerry Moran,Senate,Sen. Moran Statement on FTC Notice on Data Privacy,https://www.moran.senate.gov/public/index.cfm/news-releases?ID=8D123500-4D71-4D43-B209-31881FCC5D4D,0,0,1,"read in full by 2026-07-08 fork, judged on-topic","WASHINGTON – U.S. Senator Jerry Moran (Kan.) – member of the Senate Commerce Subcommittee on Consumer Protection, Product Safety and Data Security – today released the following statement after the Federal Trade Commission (FTC) issued an Advance Notice of Proposed Rulemaking on data privacy:

“Americans need a clear, federal standard for data privacy, and the best way to accomplish that is by Congress passing legislation. I introduced the Consumer Data Privacy and Security Act to establish a fair, federal standard that protects personal data while not overburdening small businesses with unnecessary regulations. Congress needs to quickly act to pass legislation that protects consumers from future data breaches and puts them in control of their information.” Sen. Moran introduced the Consumer Data Privacy and Security Act to strengthen the laws that govern consumers’ personal data and create clear standards and regulations for American businesses that collect, process and use consumers’ personally identifiable data.

Click here for an overview of this legislation.

# # #"
12943,2022-08-12,T000482,Lori Trahan,House,Trahan Statement on Data Broker Responses,https://trahan.house.gov/news/documentsingle.aspx?DocumentID=2581,0,1,0,"UNVERIFIED -- broad-phrase match only, never individually read; may be off-topic (e.g. release 11009 confirmed off-topic, about reproductive-health data not APRA)","WASHINGTON, DC – Today, Congresswoman Lori Trahan (MA-03), a member of the House Energy and Commerce Committee’s Consumer Protection and Commerce Subcommittee, issued the following statement after receiving responses from MobileWalla, Near, Oracle, and AWS to a request she led about women’s data being used against them following the overturning of Roe v. Wade:

“I appreciate the timely responses we’ve received from MobileWalla, Near, Oracle, and AWS regarding our concerns that geolocation data can be used to surveil individuals seeking reproductive care. Each company discussed practices aimed at keeping the data they sell or facilitate the sale of anonymized. They also described acceptable use policies they argue guard against the misuse of that data.”

“However, similar practices and policies at a number of brokers have already proven insufficient, even before the overturning of Roe raised the stakes for tens of millions of women. Users have had their supposedly anonymized data bought and de-anonymized with relative ease. Report after report have detailed the misuse of data purchased from brokers, sometimes in blatant violation of company policies. Clearly the reliance of companies on standards that are written in legalese, embedded deep in insanely long terms of service, and give little to no insight into enforcement is failing to meet the moment.”

“What’s more obvious than ever is that a comprehensive privacy law is urgently needed. In the meantime, holding these companies accountable to the claims they’ve made is of paramount importance to the millions of women whose data they profit from.”

###"
13609,2022-09-01,P000197,Nancy Pelosi,House,Pelosi Statement on Federal Data Privacy Legislation,https://pelosi.house.gov/news/press-releases/pelosi-statement-on-federal-data-privacy-legislation,1,1,0,high confidence -- exact bill name/ADPPA acronym in text,"San Francisco – Speaker Nancy Pelosi issued this statement on the American Data Privacy and Protection Act (ADPPA), which has advanced out of the Energy and Commerce Committee:

""The Energy and Commerce Committee is to be commended for its work on federal data privacy legislation. Importantly, Democrats won the right for consumers for the first time to be able to seek damages in court for violations of their privacy rights.

""However, Governor Newsom, the California Privacy Protection Agency and top state leaders have pointed out the American Data Privacy and Protection Act does not guarantee the same essential consumer protections as California's existing privacy laws. Proudly, California leads the nation not only in innovation, but also in consumer protection. With so much innovation happening in our state, it is imperative that California continues offering and enforcing the nation's strongest privacy rights. California's landmark privacy laws and the new kids age-appropriate design bill, both of which received unanimous and bipartisan support in both chambers, must continue to protect Californians — and states must be allowed to address rapid changes in technology.

""In the days ahead, we will continue to work with Chairman Pallone to address California's concerns.""

# # #"
21265,2023-01-25,S001145,Janice D. Schakowsky,House,Schakowsky Statement on New Twitter Whistleblower,https://schakowsky.house.gov/media/press-releases/schakowsky-statement-new-twitter-whistleblower,1,0,0,high confidence -- exact bill name/ADPPA acronym in text,"WASHINGTON - Today, Congresswoman Jan Schakowsky, a Chief Deputy Whip, released the following statement following the emergence of a new Twitter whistleblower:

""The Twitter whistleblower’s disclosures highlight that technology companies are routinely failing to protect the security and privacy of consumers’ data. I am particularly concerned about Twitter users’ data, as well as the potential impact of the debts Elon Musk owes to foreign powers. Musk’s leadership has been tumultuous; just this week the self-described 'free speech absolutist' caved to Indian government requests to censor a documentary about Prime Minister Modi, going as far as suppressing the account of native Chicagoan John Cusack for sharing the documentary.

""This further demonstrates the need for action from both Congress as well as regulators. The American Data Privacy and Protection Act, which passed the House Energy and Commerce Committee last Congress with overwhelming bipartisan support, required companies to ensure consumers’ data is secure and empowered the FTC to enforce the requirement. These protections are more important than ever, and I look forward to working with my colleagues on both sides of the aisle to pass them into law.""

###"
22104,2023-02-01,S001145,Janice D. Schakowsky,House,"Schakowsky Named Ranking Member of Innovation, Data and Commerce Subcommittee",https://schakowsky.house.gov/media/press-releases/schakowsky-named-ranking-member-innovation-data-and-commerce-subcommittee,1,0,0,high confidence -- exact bill name/ADPPA acronym in text,"WASHINGTON – Today, Congresswoman Jan Schakowsky, a Chief Deputy Whip, released the following statement after being named the Ranking Member on the Innovation, Data and Commerce Subcommittee of the Energy and Commerce Committee:

“I’m honored to serve as the Ranking Member of the Energy and Commerce Subcommittee on Innovation, Data, and Commerce for the 118th Congress. I’m looking forward to working with my friend, Chairman Gus Bilirakis, to build upon the great success we had last Congress. We worked in a bipartisan manner to pass bills that will protect our consumers and keep Americans safe, like the INFORM Consumers Act, which is going to help curb the onslaught of dangerous, counterfeit, and stolen products available to Americans shopping on online marketplaces, and the STURDY Act, which will keep dangerous furniture products that can injure and kill children off the market and out of our homes.

“Our first subcommittee hearing today emphasized the importance of passing the American Data Privacy and Protection Act, a bipartisan bill that would protect consumers’ online data privacy and ensure America’s global competitiveness. It is my hope that this Congress, we can work together again to advance this crucial piece of legislation.”

###"
22700,2023-02-07,D000617,Suzan K. DelBene,House,DelBene Statement on President Biden’s State of the Union Address,https://delbene.house.gov/news/documentsingle.aspx?DocumentID=3321,0,1,0,"UNVERIFIED -- broad-phrase match only, never individually read; may be off-topic (e.g. release 11009 confirmed off-topic, about reproductive-health data not APRA)","Today, Congresswoman Suzan DelBene issued the following statement on President Biden’s State of the Union address.

“Tonight, President Biden highlighted the historic progress that he and Congressional Democrats have made over the past two years - creating millions of good-paying jobs, lowering costs for working families, and starting to rebuild our nation’s infrastructure. He also made clear that there is more work to be done and we must continue advancing legislation that addresses the issues Americans are facing.

“President Biden emphasized the urgent need to renew the expanded Child Tax Credit that cut childhood poverty in half and benefitted millions of children nationwide. This investment kept families afloat during the pandemic and helped parents pay bills, put enough food on the table, and afford other expenses for their kids, like child care and diapers. But every parent knows kids don’t grow up in just one year. I agree with the President, we must permanently reinstate the expanded Child Tax Credit so no American has to raise a family in poverty.

“I was also glad to hear President Biden push for forward-thinking data privacy policies that will give people more control over their personal information, hold bad actors accountable, and help give us a seat at the international table. I will continue pushing for a national privacy standard that puts Americans in charge of their sensitive information, regardless of where they live.

“I’m looking forward to working with my colleagues across the aisle to move President Biden’s agenda forward and deliver for middle-class Americans.”"
24725,2023-03-01,T000482,Lori Trahan,House,ICYMI: Trahan Pushes for Data Privacy for Our Kids,https://trahan.house.gov/news/documentsingle.aspx?DocumentID=2810,1,1,0,high confidence -- exact bill name/ADPPA acronym in text,"WASHINGTON, D.C. – Today, Congresswoman Lori Trahan (MA-03), a member of the House Energy and Commerce Committee’s Innovation, Data, and Commerce Subcommittee, called on her colleagues during a subcommittee hearing on privacy to continue working to pass a comprehensive privacy bill that prioritizes protections for consumers and children.

Trahan focused her questioning on data privacy in the educational technology sector. As kids utilize more and more technologies to learn, it’s more important than ever that parents, educators, and government have a full picture as to how student data is being used and protected.

Footage of Trahan’s line of questioning and witness answers can be accessed by clicking HERE or the image below. A full transcript of the exchange is included below.

Trahan has been a vocal advocate for federal data protections, including calling on companies to improve their data practices. Last August, Trahan led a group of lawmakers in requesting information from top messaging and telecommunications companies about their metadata collection and processing practices, and how they could affect women post-Roe. A month before that, she spearheaded a coalition of fellow members pressing powerful data brokers on their handling of women’s reproductive health data. In 2021, Trahan called on major gaming companies to extend online protections, including data collection limits, guaranteed to children in the United Kingdom under the Age Appropriate Design Code to kids and teenagers in the United States.

Also in 2021, Trahan released draft legislation that prioritizes student privacy by placing limits on how data collected through commercial educational software can be used. Trahan successfully advocated for the inclusion of similar education technology protections in the American Data Privacy and Protection Act, bipartisan privacy legislation passed out of the Energy and Commerce Committee last year.

-----------------------------

Congresswoman Lori Trahan

Hearing Remarks as Delivered

Hearing on “Promoting U.S. Innovation and Individual Liberty through a National Standard for Data Privacy”

March 1, 2023

TRAHAN: Thank you Mr. Chairman, Ranking Member Schakowsky for organizing today’s important hearing. Like many of my colleagues on this dais, I’m disappointed that we failed to pass the American Data Privacy and Protection Act in the full House last Congress, and I urge my colleagues – particularly those who are new to the committee – to continue working in a bipartisan way to pass a comprehensive privacy law that meets the needs of the families we represent.

Mr. Chairman, the federal laws that govern our privacy today – in March of 2023 – are the same ones that were in place when we had a hearing on holding Big Tech accountable a year ago in March ‘22. They’re the same laws that were on the books when the CEOs of Google, Meta, and Twitter testified before this same committee a year prior to that – in March 2021. In fact, they’re the same laws that for decades have permitted companies to harvest our sensitive data - things like medical symptoms that we look up on a search engine, or our location that paints a picture of where we work, where we send our kids to school, and where we pray - and sell that data to third parties or use it in ways that are contrary to what any of us would reasonably expect.

Many of us have been sounding the alarm about this for a while.

In the past two years alone, I’ve sent inquiries to phone and messaging apps asking about the misuse and sale of messaging metadata, to data brokers about the sale of geolocation data, and to online gaming companies about their treatment of data collected on teens. These companies can and should be doing better, but without comprehensive privacy legislation like A-D-P-P-A, they won’t act.

And it doesn’t stop there – one type of product I want to highlight the desperate need for an update is education technology. According to a 2021 study from Center for Democracy and Technology, 85% of teachers and 74% of parents believe ed-tech is very important to students’ education, and more teachers are becoming aware of the need to thoughtfully consider students’ privacy. However, a majority of parents still have concerns about student privacy, and a significant number of teachers still have not had training on privacy policies and procedures.

So, Ms. Givens, with the Family Educational Rights and Privacy Act – or “FERPA” – having passed nearly a half century ago in 1974 and still being the law of the land when it comes to student data, can you describe to what extent companies that offer ed-tech software are or are not covered by FERPA?

GIVENS: Thank you for the question and for citing our report. We spend a lot of time with educators, teachers in the classroom as well as students and their families, and so we see firsthand the level of concern about how kids’ data is being used in this environment.

To answer your question, FERPA applies to personal information from education records that are maintained by covered entities. That basically means public K through 12 schools [and] colleges and universities that accept federal student aid. When ed-tech software vendors work with those covered entities, they have to comply with FERPA. But really importantly, FERPA falls short in all of the other ways in which ed-tech vendors might be engaging and receiving information about students.

So first, it doesn’t contemplate harms that might result from other types of information like when the vendor interacts directly with the student and gathers that type of record. Second, FERPA doesn’t address any of the Civil Rights issues that can stem from algorithmic harms as we are seeing increasing use of AI systems deployed in education settings. And third, FERPA’s enforcement mechanisms fall directly on schools and not on the vendors, and the punishments are draconian — you lose your federal funding. We need the burden for privacy compliance to sit not just with the schools, which are so overwhelmed, but with vendors in this space as well. And so complimenting FERPA with comprehensive privacy protections for those commercial uses of this technology is really important as well.

TRAHAN: Thank you. You know, in some cases ed-tech software, as you mentioned, is not offered through business-to-school contracts. Instead, there may be a “free” online game or an educational app. And the data collected while on these sites or apps can later be used to target ads or sold to third parties, particularly for students who are 13 and older. So the idea of consent gets murky, as you mentioned, when we are talking about a student or their parents deciding between participating in class while being tracked versus not participating at all.

Can you speak to how the duty of loyalty and data minimization in ADPPA would be applied to these types of sites and apps?

GIVENS: You’re exactly right. So FERPA only applies to vendors when they are processing education records which doesn’t include any of the many other ways that students are interacting with technology today. I think about the experience with my own children and they download apps, not going through those official channels, they’re sharing a lot of information and they’re doing it to be able to have an educational experience. Again this shows why notice and consent is broken as the model because there isn’t a question of consent, you want to be able to access these platforms. And sadly COPPA [Children's Online Privacy Protection Act] is falling short here too, although of course, it does offer some protections to services targeting children under the age of 13, that too essentially rests on a notice and consent regime that is really hard to operationalize in practice. So, that’s why we need the broader comprehensive privacy protections to regulate those additional uses and create baseline protection for students.

TRAHAN: Thank you so much for your testimony, I yield back.

###"
26597,2023-03-23,T000482,Lori Trahan,House,ICYMI: Trahan Presses TikTok CEO on Transparency and Child Protections,https://trahan.house.gov/news/documentsingle.aspx?DocumentID=2827,1,0,0,high confidence -- exact bill name/ADPPA acronym in text,"WASHINGTON, D.C. – Today, Congresswoman Lori Trahan (MA-03), a member of the House Energy and Commerce Committee’s Innovation, Data, and Commerce Subcommittee, questioned TikTok CEO Shou Zi Chew during a hearing focused on the social media company’s national security concerns and issues protecting children and teens.

During her line of questioning, Trahan pushed for the TikTok executive to commit to increasing transparency and extending many of the protections currently afforded to children in the United Kingdom to younger users in the U.S. as well. Mr. Chew declined to commit to either, instead promising to follow up on the requests.

Footage of Trahan’s line of questioning and witness answers can be accessed by clicking HERE or the image below. A full transcript of the exchange is included below.

Prior to the hearing, Trahan published an op-ed in the Boston Globe titled “Congress Should Target Tiktok But Not Let Us Social Media Companies Off The Hook,” where she outlined her position on the app. Trahan had also met with Chew prior to today’s hearing where they discussed these same topics.

Trahan, a long-time advocate for academic researcher data access, has introduced the Digital Services Oversight and Safety Act, comprehensive transparency legislation that would require large technology companies like TikTok to comply with reporting requirements on the harms that exist on their platforms. She also spoke out against Twitter’s recent moves to rescind researcher data access, a step back in the push for increased transparency from large technology companies.

Trahan, a mom to two young girls, has also repeatedlypushedfor social mediacompanies to take responsibility for the harm they cause our children, including previously questioning Google CEO Sundar Pichai and Facebook Chairman and CEO Mark Zuckerberg about their companies’ efforts to target children to further grow their platforms’ usership.

-----------------------------

Congresswoman Lori Trahan

Hearing Remarks as Delivered

Hearing on “TikTok: How Congress Can Safeguard American Data Privacy and Protect Children from Online Harms”

March 23, 2023

TRAHAN: Thank you, Madam Chair. Mr. Chew, many Big Tech CEOs have sat where you are seated today and tried to run out the clock during a hearing like this one. They were trained not to answer our questions and wait for the news cycle to pass so they could go back to business as usual. Those same executives want this moment – TikTok’s moment under the microscope – to distract Congress and the American people from the very real issues that exist on their platforms.

You have an opportunity to turn the tables on them. While U.S.-based social media giants have regressed on protections for children and teens, on protecting our data privacy, and on embracing transparency, you can lead – and you should lead.

Last month, you announced that TikTok would expand access to its researcher API, but I’m concerned that your new policy could be more bark than bite – that it won’t actually lead to the rigorous research that we as lawmakers and that parents and everyday TikTok users need. In fact, your terms of service demand that researchers delete their data at TikTok’s unilateral direction. It puts onerous restrictions on how researcher’s findings can be published. And it only allows access to public data – which researchers already have access to within the app.

In order to actually address the content moderation and algorithmic amplification concerns that my colleagues have raised here today and that I’ve heard directly from parents in my home state of Massachusetts about independent researchers – not just other tech companies like Oracle – need to be able to evaluate how TikTok’s algorithm is making decisions to promote content.

Mr. Chew, will you commit to expanding your API to include data that would let researchers investigate how your algorithm is pushing content to users – whether it’s showing up on your For You page, the hashtag page, or somewhere else?

CHEW: One of the commitments I gave in the opening statement is a commitment to transparency and third-party monitoring. So Congresswoman, I will look into the details of that and get back to you.

TRAHAN: And as well as the algorithm, including data on what types of users were targeted by the algorithm so that researchers can fully understand what content is being prioritized and who it’s being pushed to?

CHEW: Again, we have a commitment to transparency. These are very important questions, and I will get back to you on the specifics.

TRAHAN: Under this same proposal, you require that researchers give TikTok “worldwide, free, non-exclusive, and perpetual” rights to their papers. This threatens to clash directly with well-established practices of exclusive publication rights in research journals. Mr. Chew, why does TikTok need those rights?

CHEW: I would need to get back to you on those specifics if that’s okay.

TRAHAN: Yes, I don’t see how we can expect researchers to do their work under these terms and then tout transparency.

I’m going to shift gears with the time I have remaining, Mr. Chew. I’d like to talk about TikTok’s efforts to protect children and young users. In 2021, the UK’s Age Appropriate Design Code went into effect – mandating 15 standards that companies like you need to follow to protect children on your platform.

You still operate in the United Kingdom, which means you should be in compliance with this code. So, my question is simple. Will you commit to extending the protections currently afforded children in the UK to the millions of kids and teens who use your app here in the United States?

CHEW: We take the safety of the younger users on our platform very seriously.

TRAHAN: This is a good way to prove it.

CHEW: Every country is a little bit different in context, so let me look at the specifics and bring some of the best practices across the world.

TRAHAN: Well those best practices are being executed around the world. We just want the same for our kids here in the United States.

I mean, Mr. Chew, when we spoke a couple of weeks ago, you indicated interest in taking steps to earn trust, our trust. And, to me, it hasn’t happened today so far. But rather you’ve ducked behind industry standards and comparables to your competitors, which we know are woefully insufficient.

I strongly urge you to consider these terms, these commitments. Make the case for why you’re different from your American competitors, and do better than them on transparency, which you’ve mentioned countless times today but which we don’t really have anything tangible to point to.

CHEW: Yes, I don’t want to make excuses for our industry or ourselves. I think there is a lot of work that needs to be done. We take this very seriously. Nothing is not perfect. We need to keep investing to stay ahead of our growth. I agree that we need to prioritize safety and continue to do that as part of our company.

TRAHAN: Well, I’ll look forward to getting back your comments and your commitments and those updated terms of services when you write back to the committee.

Thank you, Madam Chair. I yield back.

###"
26600,2023-03-23,V000131,Marc A. Veasey,House,"Rep. Veasey Demands Answers from TikTok CEO on Election Disinformation, Privacy Concerns During Congressional Hearing",https://veasey.house.gov/media-center/press-releases/rep-veasey-demands-answers-from-tiktok-ceo-on-election-disinformation,1,0,0,high confidence -- exact bill name/ADPPA acronym in text,"WASHINGTON – Today, Representative Veasey (TX-33) joined his colleagues on the Energy and Commerce Committee for a hearing on ""TikTok: How Congress Can Safeguard American Data Privacy and Protect Children from Online Harms.""

Representative Veasey used today's hearing to question TikTok CEO Shou Zi Chew about the platform's impact on data privacy, the spread of election disinformation, the dissemination of harmful content, and child welfare.

Watch Rep. Veasey's question line here.

""As a father and co-founder of the Congressional Voting Rights Caucus, I am deeply concerned that the Chinese Communist Party is using TikTok's platform to influence public opinion—especially for young and new voters—and undermine the integrity of our democratic elections,"" said Representative Veasey. ""I remain committed to working with my colleagues on both sides of the aisle to enact federal privacy legislation that counters malicious campaigns of any kind that continue to thrive on this platform."""
26602,2023-03-23,W000814,"Randy K. Weber, Sr.",House,Rep. Weber Questions TikTok CEO Shou Chew,https://weber.house.gov/news/documentsingle.aspx?DocumentID=1597,1,0,0,high confidence -- exact bill name/ADPPA acronym in text,"Washington, D.C. - Today, U.S. Rep. Randy Weber (TX-14) questioned TikTok’s CEO Shou Chew at a House Energy and Commerce Committee hearing entitled, “TikTok: How Congress Can Safeguard American Data Privacy and Protect Children from Online Harms.” The hearing addressed and explored TikTok’s consumer privacy and data security practices, how the platform affects children, and its relationship with the Chinese Communist Party.

Excerpts and highlights below:

“Here are my concerns with TikTok. Your claims are hard to believe. It is no secret that TikTok is still under the thumb of CCP influence.

“And let’s be honest: TikTok is indoctrinating our children with divisive, woke, and pro-CCP propaganda, all while threatening our national security with Chinese spyware.

“We also know TikTok and ByteDance are obligated under CCP law to “support, assist, and cooperate with state intelligence work” and to do so in secrecy.

“This is dangerous. This is a threat, and it is imperative that this committee takes swift action.”"
28713,2023-04-19,L000397,Zoe Lofgren,House,Silicon Valley Congresswomen Reintroduce Comprehensive Privacy Legislation,https://lofgren.house.gov/media/press-releases/silicon-valley-congresswomen-reintroduce-comprehensive-privacy-legislation,0,1,0,"UNVERIFIED -- broad-phrase match only, never individually read; may be off-topic (e.g. release 11009 confirmed off-topic, about reproductive-health data not APRA)","WASHINGTON, DC – Today, U.S. Reps. Anna G. Eshoo (CA-16) and Zoe Lofgren (CA-18) reintroduced the Online Privacy Act (OPA), comprehensive privacy legislation that creates user data rights, places limitations and obligations on the ability of companies to collect and use user data, and establishes a Digital Privacy Agency to enforce privacy laws.

The updated legislation includes several improved provisions and additional privacy protections, including a section that sets the OPA as the federal floor, allowing states to legislate only when state action would provide greater protection than what is in the OPA. The updated legislation also contains a new title that creates a privacy risk management framework and supports privacy education, research, and development.

""Americans' right to privacy is being grossly disregarded in the digital age. Too often, our private information online is stolen, abused, used for profit, or terribly mishandled,"" said Rep. Eshoo. ""Our legislation will restore and protect the American people's right to privacy by ensuring every person has control over their own data, companies are held accountable for privacy intrusions, and the government provides tough but fair enforcement.""

""The Online Privacy Act solves problems by protecting the data of users and setting clear, firm standards for online companies. The bill has received widespread support from consumer rights advocates, civil rights groups, public interest groups, privacy coalitions, nonprofits, think tanks, and academics because it goes to the heart of tech policy issues by disallowing the harmful collection and retention of personal information online. If companies can't collect data, they can't use that data to manipulate Americans for profit,"" said Rep. Lofgren.

The Online Privacy Act protects individuals, encourages innovation, and restores trust in technology companies by:

Creating User Rights – The bill grants every American the right to access, correct, or delete their data. It also creates new rights, such as the right to impermanence, which lets users decide how long companies can keep their data.

Placing Clear Limits and Obligations on Companies – The bill minimizes the amount of data companies collect, process, disclose, and maintain, and bars companies from using data in discriminatory ways. Additionally, companies must receive consent from users in plain, simple language.

Establishing a Digital Privacy Agency (DPA) – The bill establishes an independent agency led by a Director who is appointed by the President and confirmed by the Senate for a six-year term. The DPA will enforce privacy protections and investigate abuses.

Strengthening Enforcement – The bill empowers state attorneys general to enforce violations of the bill and allows individuals to appoint nonprofits to represent them in private class action lawsuits.

Setting a Federal Floor – The bill establishes a federal floor of privacy protections for all Americans, allowing states to increase protections or respond to changes in technology and public policy.

Supporting Privacy Research and Development – The bill directs NIST to establish a privacy risk management framework and carry out research associated with mitigating privacy risk. Additionally, it directs NIST to make competitive awards to institutes of higher education or non-profit organizations to support research around privacy-preserving technologies.

The bill text can be found HERE.

A one-page summary of the Online Privacy Act can be found HERE.

A section-by-section summary of the Online Privacy Act can be found HERE.

Eshoo and Lofgren first introduced the Online Privacy Act on November 5, 2019.

""It's past time for Congress to enact a comprehensive federal privacy law that uproots the exploitative surveillance economy and its many downstream harms, puts Americans in control of their own personal data and online experiences, and ensures civil rights protections are enforced throughout the digital world – all of which has grown even more urgent with the fall of Roe and the onset of the generative AI arms race. The Online Privacy Act would do exactly that, setting the bar for what strong privacy legislation looks like,"" said Jesse Lehrich, co-founder of Accountable Tech.

###"
30238,2023-05-04,S001145,Janice D. Schakowsky,House,Schakowsky Statement on FTC’s Proposed Ban on Facebook Monetizing Children’s Data,https://schakowsky.house.gov/media/press-releases/schakowsky-statement-ftcs-proposed-ban-facebook-monetizing-childrens-data,1,1,0,high confidence -- exact bill name/ADPPA acronym in text,"WASHINGTON – Today, U.S. Representative Jan Schakowsky (IL-09), a Chief Deputy Whip and Ranking Member on the Innovation, Data, and Commerce Subcommittee of the Energy and Commerce Committee, released the following statement on the FTC’s proposed ban on Facebook monetizing children’s data:

“I applaud the proposed action by the Federal Trade Commission to prohibit Facebook from monetizing revenue from advertisements targeted at children due to their repeated failures to protect our kids. Teenagers and kids are uniquely vulnerable to privacy invasions and targeted advertising because their brains are still developing. Personalized ads targeting teens have promoted eating disorders, alcohol use, and scams. Teens should not have their adolescent vulnerabilities monetized and exploited before they even reach adulthood. Facebook must stop using our kids and teens’ data to profile them and needs to bring its privacy program into full compliance with past orders and the law. The FTC’s action on Wednesday demonstrates the urgent need for comprehensive privacy legislation like the American Data Privacy and Protection Act, which bans targeted advertising to kids and teens across the internet.”

###"
30534,2023-05-09,S001145,Janice D. Schakowsky,House,Schakowsky Statement on TikTok’s Responses to Questions for the Record,https://schakowsky.house.gov/media/press-releases/schakowsky-statement-tiktoks-responses-questions-record,0,0,1,"read in full by 2026-07-08 fork, judged on-topic","WASHINGTON – Today, U.S. Representative Jan Schakowsky (IL-09), a Chief Deputy Whip and Ranking Member on the Innovation, Data, and Commerce Subcommittee of the Energy and Commerce Committee, released the following statement after reviewing TikTok’s responses to the Energy and Commerce Committee’s Questions for the Record:

“Just like Mark Zuckerburg, Sundar Pichai, and Jack Dorsey before him, TikTok CEO Shou Zi Chew’s testimony and responses to questions for the record shows that he is as adept at obfuscating Congressional oversight as his peers. Further, everything we heard at the hearing reinforced what we already knew - industry-wide privacy issues arising from the vast collection, use, sharing, and monetization of personal data by social media platforms and other technology companies are a threat to Americans. This further demonstrates a need for a comprehensive national consumer data privacy framework to create meaningful limits on collection, use, and sale of Americans’ data.”

###"
31469,2023-05-17,J000305,Sara Jacobs,House,"Rep. Sara Jacobs Leads Reintroduction of My Body, My Data Act to Protect Reproductive and Sexual Health Data",https://sarajacobs.house.gov/news/press-releases/rep-sara-jacobs-leads-reintroduction-of-my-body-my-data-act-to-protect-reproductive-and-sexual-health-data,0,1,0,"UNVERIFIED -- broad-phrase match only, never individually read; may be off-topic (e.g. release 11009 confirmed off-topic, about reproductive-health data not APRA)","As the federal court of appeals hears oral arguments today in a case that could limit access to mifepristone, Congresswoman Sara Jacobs (CA-51) reintroduced the landmark My Body, My Data Act to create a new national standard to protect reproductive and sexual health data. Senators Mazie Hirono (D-HI) and Ron Wyden (D-OR) lead the companion legislation in the Senate.

Since the Supreme Court overturned the constitutional right to an abortion, half of states are expected to ban or severely restrict abortion – putting people who are getting, seeking, or facilitating reproductive care at risk that their digital footprints will be weaponized against them.

Congresswoman Sara Jacobs said: “As Republican-led states and courts are in a frenzy to ban or severely restrict access to abortion care, including mifepristone, it’s never been more urgent to protect our reproductive and sexual health data. Like millions of young people, I use a period tracking app – and the information in these apps along with fertility tracking apps, search history, location data, and so much more can be collected, shared, and sold without our consent, and even used to investigate and prosecute legal cases. That’s why I’m proud to reintroduce the My Body, My Data Act to put power back in people’s hands and ensure that we control our own personal data. My legislation provides the highest level of protection for reproductive and sexual health data – and I urge my colleagues from both sides of the aisle to support and pass it.”

“Along with restricting the reproductive rights of people across the country, the Supreme Court’s disastrous Dobbs decision opened individuals up to the risk of surveillance and prosecution for providing or seeking reproductive care,” said Senator Mazie Hirono. “Everyone should be able to trust that their personal data is safe and secure. This legislation will help protect people’s privacy and ensure their personal health data can’t be used against them. I will continue to do everything in my power to protect the right of all individuals to make decisions about their bodies and their futures.”

“There should be strict limits on how tech companies collect, use and share personal, sensitive information—especially reproductive health information collected through period tracking apps or web searches,” Senator Ron Wyden said. “The My Body, My Data Act will put tough new privacy protections in place for people seeking reproductive health care. I am proud to work with Congresswoman Jacobs and Senator Hirono and urge Congress to pass this bill immediately. Online protections for reproductive health care can’t wait.”

“Right now, bans have eliminated all or some access to abortion in 19 states. The ongoing criminalization of essential health care makes protecting our online data critical to protecting our safety and rights,” said Karen Stone, Vice President of Public Policy and Government Relations at Planned Parenthood Federation of America. “Patients must be able to seek essential health care without the fear of their private information being disclosed or misused. We are grateful to Representative Jacobs and Senators Hirono and Wyden for taking on this timely and important issue, and for continuing to champion sexual and reproductive rights.”

Mini Timmaraju, President, NARAL Pro-Choice America, said: “Anti-abortion extremists are doing everything in their power to roll back our fundamental rights, making clear that we must be just as steadfast in our resolve to protect reproductive freedom—including our reproductive health data. We’re grateful to Rep. Jacobs for her leadership during this pivotal moment in our fight, and we look forward to continuing to work by her side to safeguard our freedom to make our own decisions about our lives, bodies, and futures.”

Dr. Jamila Perritt, President & CEO, Physicians for Reproductive Health, said: “Physicians for Reproductive Health endorses the My Body, My Data Act. Every day, people share personal, private information over the internet including information about their reproductive health. Search engines, maps, period tracking apps, and other programs collect information about patients that needs to be safeguarded. This critical legislation would help hold companies accountable and protect individuals’ privacy.”

“Everyone deserves access to abortion care, free from the fear that their private health information could be used to criminalize their choice to exercise reproductive freedom,” said Jocelyn Frye, President, National Partnership for Women & Families, said: “Far too many barriers exist to abortion access, particularly for women of color and those with low incomes. Anxiety about the security of their private health information should not become an additional source of stress. The My Body My Data Act is a tremendous step towards protecting data privacy surrounding abortion care, and we’re grateful to Rep. Jacobs for her leadership on this issue.”

India McKinney, Director of Federal Affairs, Electronic Frontier Foundation, said: “Privacy fears should never stand in the way of healthcare. That's why this common-sense bill will require businesses and non-governmental organizations to act responsibly with personal information concerning reproductive health care. We thank Rep. Jacobs and Senators Hirono and Wyden for taking up this important bill, and using it as an opportunity not only to protect those seeking reproductive health care, but also highlight why data privacy is an important element of reproductive justice.”

Andrew Crawford, Senior Counsel, Center for Democracy & Technology, said: “In the wake of the Supreme Court decision in Dobbs v. Jackson Women’s Health Organization, many states are outlawing abortions and other reproductive health services. Law enforcement in those states will use data collected by companies primarily for commercial purposes to investigate and prosecute people seeking or providing those services. The My Body My Data Act would help protect reproductive rights and activities by expressly limiting overreaching data collecting practices, limiting how long companies can keep personal reproductive or sexual health information, and providing people clear ways to access and delete their health data.”

Caitriona Fitzgerald, Deputy Director, Electronic Privacy Information Center (EPIC), said: “It is past time that Congress enact a strong, comprehensive privacy law. But in the meantime, the mass collection of Americans’ personal health data poses a particularly urgent threat in the wake of the Dobbs decision. Rep. Jacobs’ My Body, My Data Act will limit the collection of Americans’ reproductive health data to what is strictly necessary, protecting the privacy and safety of people seeking reproductive care.”

The My Body, My Data Act is supported by 91 original cosponsors in the House and endorsed by the following organizations: Planned Parenthood Federation of America (PPFA), NARAL Pro-Choice America, Physicians for Reproductive Health (PRH), National Partnership for Women & Families, National Women’s Law Center (NWLC), Electronic Frontier Foundation (EFF), Center for Democracy and Technology (CDT), Electronic Privacy Information Center (EPIC), National Abortion Federation, Catholics for Choice, National Council for Jewish Women, Feminist Majority, Unite for Reproductive & Gender Equity (URGE), and Indivisible."
33349,2023-06-08,S001145,Janice D. Schakowsky,House,Schakowsky Statement on Meta’s Promotion of Child Exploitation,https://schakowsky.house.gov/media/press-releases/schakowsky-statement-metas-promotion-child-exploitation,0,0,1,"read in full by 2026-07-08 fork, judged on-topic","WASHINGTON - Today, U.S. Representative Jan Schakowsky (IL-09), a Chief Deputy Whip and Ranking Member of the Innovation, Data, and Commerce Subcommittee of the House Energy and Commerce Committee, released the following statement after a Wall Street Journal report found that Instagram’s algorithm promoted pedophilia content and connected users searching for such content:

""Nearly six months ago, when the wicked trio of Mark Zuckerberg, Nick Clegg, and Joel Kaplan announced their intention to reinstate Trump and open their platform to his billion dollars’ worth of ad money, falsely and disgustingly in the name of free speech, I said there was no low they would not stoop to in order to reverse their stagnant growth. Never have I been more disgusted and disappointed to be proven right.

""Clegg and Zuckerberg have apologized to me for their roles in the Rohingya genocide, and I expect they will do the same here. If it was not clear before, it is certainly clear now that we must change our laws governing Big Tech. We need a national consumer data privacy law AND we desperately need to reform Section 230. The Online Consumer Protection Act, which I authored and will soon reintroduce with my friend and colleague Kathy Castor would give the Federal Trade Commission authority to hold platforms accountable for systemic failures like this one and the many others caused by Meta. Further, it would allow victims to sue Zuckerberg, Clegg, and Kaplan for their injuries. If they had any shame, all three would resign, along with Guy Rosen and their entire trust and safety team.

""To my colleagues: Now is the time to act!""

###"
38381,2023-08-02,S001145,Janice D. Schakowsky,House,"Schakowsky, Colleagues Seek Answers from Amazon on Use of Patient Data",https://schakowsky.house.gov/media/press-releases/schakowsky-colleagues-seek-answers-amazon-use-patient-data,0,1,0,"UNVERIFIED -- broad-phrase match only, never individually read; may be off-topic (e.g. release 11009 confirmed off-topic, about reproductive-health data not APRA)","Full Text of Letter (PDF)

WASHINGTON – U.S. Representative Jan Schakowsky (IL-09), a Chief Deputy Whip and the Ranking Member of the Innovation, Data, and Commerce Subcommittee of the House Energy and Commerce Committee, led her Democratic colleagues on the subcommittee in sending a letter to Amazon CEO Andy Jassy raising concerns about data privacy shortfalls and HIPAA violations related to the use and transfer of health data gathered from users of Amazon Clinic. This letter comes at the same time Amazon announced the expansion of its virtual clinic, which will now be available in all 50 states and Washington, D.C.

“Pursuant to HIPAA, absent patient authorization, Amazon.com Services LLC, and other Amazon affiliates are prohibited from accessing, using, and disclosing the patient health records created by Amazon Clinic’s partner health care providers,” wrote the lawmakers. “Apparently to circumvent these data limitations, Amazon has taken the unprecedented and questionable step of requiring consumers of Amazon Clinic to authorize the ‘use and disclosure of protected health information’ to Amazon.com Services LLC and its affiliates to obtain treatment through this service.”

According to Amazon Clinic, refusal to sign the HIPAA authorization prohibits a consumer from obtaining services through the clinic. Thus, to receive care through Amazon Clinic, individuals must forfeit the federal data privacy protections granted to them under HIPAA.

“By requiring consumers to agree that their health treatment data can be used and disclosed by Amazon.com Services LLC and its affiliates for any purpose, including ‘to facilitate services from other providers,’ Amazon and its affiliates seek to exploit patient medical records in the same way that Amazon has exploited the lack of protections on consumer health information including using patient health records for upselling services to consumers, for targeted marketing, to develop artificial intelligence, and more,” the lawmakers continued. “Considering Amazon’s history of exploiting consumers’ data even after making privacy assurances, this practice as well as the vague statement describing use and disclosure of consumer information is unacceptable.”

The lawmakers concluded by asking whether Amazon.com Services LLC would commit to:

Not selling consumer health data collected from customers who use the Amazon Clinic and HIPAA Authorization?

Not using or sharing health data collected from customers of Amazon Clinic who are under the age of 17 for targeted marketing?

Deleting consumer health data as requested at the end of the provision of services?

The letter was also signed by U.S. Representatives Kathy Castor (FL-14), Debbie Dingell (MI-06), Robin Kelly (IL-02), Lisa Blunt Rochester (DE-AL), Darren Soto (FL-09), Lori Trahan (MA-03), and Yvette Clarke (NY-09), all of whom are Democrats on the Subcommittee on Innovation, Data, and Commerce.

###"
39988,2023-09-07,D000617,Suzan K. DelBene,House,DelBene on Regulating AI: Privacy is the ‘Fundamental Building Block’,https://delbene.house.gov/news/documentsingle.aspx?DocumentID=3635,0,1,0,"UNVERIFIED -- broad-phrase match only, never individually read; may be off-topic (e.g. release 11009 confirmed off-topic, about reproductive-health data not APRA)","Today, Congresswoman Suzan DelBene (WA-01) joined Bloomberg’s Sound On to discuss AI and how data privacy must underpin our approach to all tech policies including AI policy.

DelBene recently published an op-ed in Newsweek highlighting the importance of passing a national data privacy law that protects Americans' sensitive information, improves the quality of AI products, and gives the U.S. a seat at the international table.

The video can be found here and the transcript is below.

Mathieu: We're having an important conversation about AI, and it's one that you have waded into in an op-ed in Newsweek that I'd like to ask you about. We've heard Senator Chuck Schumer say that he's working on a bipartisan approach here to get some regulatory legislation in the works. It's kind of hard to imagine that happening in the climate that we're in. But in your op-ed, you're talking about privacy here, and you say the first step is a national privacy law. Is there an appetite for it on Capitol Hill?

DelBene: Well, there has been, and I really think that as we look at technology policy broadly, we have to start with the fundamentals, and the most fundamental piece is privacy. Privacy means you being able to protect your most sensitive personal information, not allowing people to take information about you, in many cases that you aren't even aware of, and use that information in ways that you don't expect or sell that information. It's very important that we have federal consumer data privacy legislation, and we have some states who put some pieces of legislation in place, some policies in place, but we need one consistent federal law so that your data is protected everywhere, and it's also incredibly important because that's policy that we need to bring to the international table as we talk about what international policy looks like. When we don't have domestic policy, we really struggle to set direction where we think international policy should go. So, data is a place to start, because what feeds AI? Lots and lots of data, and we should make sure that we're protecting data as the first place to start.

Mathieu: Well, we know it's creeping into the political space, and I'm sure you saw the headlines today about Google. This feels like a moment to me as well. We've seen AI and, you know, Deepfakes creep into some political ads, not to mention the way campaigns might be able to use that as an organizing tool. But look at this now, political ads using AI on Google and YouTube must soon be accompanied by, essentially a watermark, a prominent disclosure if imagery or sounds have been synthetically altered. Are we getting our arms around this Congresswoman, or is it moving too fast for us to do so?

DelBene: Well, first I'd say from a policy standpoint, we're behind, because, as I talk about privacy legislation, we should already have privacy legislation—federal privacy legislation—in place. That's why I have such a great sense of urgency about that. But you're going to continue, as we continue, to battle misinformation, disinformation that folks are seeing, and what the impact AI can have, you're going to continue to see organizations try to figure out what they think an environment should look like, how they should make sure that misinformation, disinformation, or at least what type of labeling should be out there to highlight anything that might have been manipulated, so folks are aware. But I actually think there's an important role for the government to play in putting policies in place to really describe what the rules of the road are, going forward, and we haven't done a good job of that. Folks—it's a complicated issue—but folks have been hesitant to put policy in place. And that's why I go back to privacy because that's the fundamental building block. We've had legislation, we've debated and looked at and we need to move here so that we can continue then to build on all these other issues that are going to continue to either—to continue to become problematic or issues we don't even know about yet that are going to come up and we're going to need to tackle. So, we need to make this a priority, we need to move quickly.

Mathieu: Well, we sure do. I don't know how many of your colleagues know as much about this as you do. But they need to start catching up quick. Because this is a very important story for us here at Bloomberg, and it's one that we'd like to stay in touch with you on, Congresswoman."
41262,2023-09-20,F000463,Deb Fischer,Senate,"VIDEO: Fischer Outlines Need for Federal Data Privacy Law, Additional Transparency at the FTC",https://www.fischer.senate.gov/public/index.cfm/news?ID=F1068BC6-D700-4241-A3E3-1B90412686D1,0,1,0,"UNVERIFIED -- broad-phrase match only, never individually read; may be off-topic (e.g. release 11009 confirmed off-topic, about reproductive-health data not APRA)","WASHINGTON, D.C. – U.S. Senator Deb Fischer (R-Neb.), a member of the Senate Commerce Committee, questioned three of President Biden’s nominees to serve on the Federal Trade Commission (FTC) at a hearing today. During her questioning, Senator Fischer highlighted the continued need for a federal data privacy law and the importance of restoring transparency and accountability at the FTC.

Click the image above to watch video of Sen. Fischer’s questioning

Click here to download audio

Click here to download video

Following is a transcript of Senator Fischer’s questioning:

Senator Fischer: Thank you, Madam Chair. And thank you to the nominees for being here today. I really appreciate your desires to continue with your public service. If confirmed, you will be tasked with vital responsibilities protecting Americans' personal safety. Fulfilling these responsibilities will also allow free enterprise and innovation to thrive, whether it's identifying monopoly misconduct or market-oriented safety solutions. Mr. Ferguson, I wanted to focus on how Congress provides resources and guidance for Commission activities. In our conversation, I really thought your insights on this were really helpful, and I'd like all of our colleagues to hear this. So, from your perspective, is there a key policy that lawmakers should be focusing on right now to provide better guidance or authority to the Commission?

Commissioner Ferguson: Thanks, Senator Fischer. I enjoyed our conversation as well. Like we discussed and like we just discussed with Senator Hickenlooper, from the perspective of a state law enforcer, I think sort of the critical question for Congress to address is data privacy. Largely because, in the absence of congressional action on what I think is uniquely an interstate commercial question, the states have had to act. That's good. That's how the Constitution was designed. But as the states act and as they experiment and as they come up with unique solutions, we end up with this patchwork problem, which can be very difficult for regulated entities. It can be very difficult for consumers. I think that, of all of the sort of like commercial activity that takes place in the country today, this so clearly falls within the interstate commerce power that the founders gave to Congress. I think this is precisely the sort of thing that Congress should take the lead on. I agree with Commissioner Slaughter, that insofar as these issues touch on the FTC's existing authority, I think it's critically important for the FTC to be doing what it can with the authority that it has. But this issue is new. It's complicated, and it affects people in a way the Commission simply aren't going to be able to grapple with the way that the Senate can with its constituents. And so, I think this really, really cries out for congressional leadership in a unique way.

Senator Fischer: You know, when you're looking at the states that are moving forward in this area, it's fairly new. But there still are a couple that are moving forward. Do you have any that you would hold up? Some of their — I’m going to put you on spot — some of their practices where they have been this laboratory? And they're experimenting, basically, so we can watch and see what works. So, what works?

Commissioner Ferguson: Well, I'm the principal vindicator of Virginia's laws and of its sovereign interests —

Senator Fischer: You think they're the best?

Commissioner Ferguson: So, you know, I certainly am going to say good things about Virginia's law. But I recognize that, you know, balancing these issues, defining the harm that arises in a privacy violation, deciding, you know, where to lodge enforcement authority in Virginia. We've given it to the Attorney General. You know, I think that that works very well in Virginia. But there are all sorts of, you know, contrary approaches other states are trying. The experimenting is good. That's part of the constitutional design. It's a feature, not a bug. But, you know, when you wind up with potentially 50 different approaches to a truly interstate commercial question, I think that's exactly when Congress needs to step in.

Senator Fischer: Thank you. Ms. Holyoak, for many years, the FTC consistently ranked among the very best federal agencies to work at, with very high employee morale. But I'm disappointed to see that morale is taking a nosedive. For an agency that must attract talent with technical skills, workplace satisfaction is critical. It doesn't matter how much funding Congress is going to throw at the agency. So, if you're confirmed, how do you plan to engage with experienced career staff to advance your goals and also to advance really the missions and responsibility of the Commission?

Commissioner Holyoak: Oh, thank you for that question. As Solicitor General, I oversee proximately 40 attorneys, but I work with many more in other divisions that I do not oversee on other cases in which I have a leadership role. With all of them, I think it's very important to come in and understand their perspectives, understand their recommendations. And so, if confirmed, I would want to, just day one, meet with all of the offices. I want to listen to them, understand what their perspective on these issues, understand their concerns in the best way that I could support them.

Senator Fischer: Thank you very much. Commissioner Slaughter, I'm concerned that the FTC has lost all capacity for bipartisanship. I really appreciate hearing all of you and your comments today. When Commissioner Wilson resigned, she said nice things about you, very nice things. She noted that you provided transparency and robust lines of communication with all Commissioners, in addition to constructive debate on policy issues, respect for the agency's experienced and knowledgeable staff. Do you think that there is a way forward at this point in time for the Commission to be able to instill these basic principles again?

Commissioner Slaughter: Absolutely. I think working with people who have different views from you is not only important, it's an incredible opportunity. It's an opportunity to learn. It's an opportunity to build consensus. It's how I felt when I worked in the Senate, and it's one of the great privileges of working at an agency like the FTC. So, yes, I believe there is a way forward, and I am fully committed to it.

Senator Fischer: Thank you. Thank you, Madam Chair."
43865,2023-10-19,T000482,Lori Trahan,House,"Trahan, Jacobs Raise Civil Rights Concerns Around AI in EdTech",https://trahan.house.gov/news/documentsingle.aspx?DocumentID=3038,1,0,0,high confidence -- exact bill name/ADPPA acronym in text,"LOWELL, MA – Today, Congresswoman Lori Trahan (MA-03), a member of the House Energy and Commerce Committee’s Innovation, Data, and Commerce Subcommittee, and Congresswoman Sara Jacobs (CA-51) led lawmaker in writing to U.S. Secretary of Education Miguel Cardona requesting information on the U.S. Department of Education Office of Civil Rights’ understanding of the impacts educational technology (EdTech) and artificial intelligence in the classroom. The letter follows a report by the Center for Democracy and Technology outlining serious concerns regarding Edtech and AI’s possible infringement on students’ civil rights in school educational and disciplinary systems.

“As recent research from the Center for Democracy and Technology (CDT) highlights, technologies that monitor student activity online, moderate and filter online content, and use predictive analytics raise serious concerns about the application of civil rights laws to schools’ use of these technologies. We are particularly concerned about the application of existing laws that protect students from discriminatory policies and outcomes related to sex, race, disability, and LGBTQ+ status,” the lawmakers wrote. “While the responsible use of AI in schools may enhance students’ educational experience, these examples show a consistent pattern of negative impacts to students in protected classes related to educational technology, including AI-driven technologies. As schools develop and refine policies related to their use of AI, we urge the Department, in coordination with the Office of Science and Technology Policy, to provide clarity on how educators can fulfill their civil rights obligations.”

The CDT report found that the misuse of EdTech and AI in the classroom can infringe on the civil rights of students in many ways, including:

2/3rds of teachers recently reported that a student at their school was disciplined due to AI-powered monitoring software, with disproportionate impacts for marginalized communities.

19% percent of LGBTQ+ students reported they or someone they know was outed due to student monitoring software.

Filtering and blocking software has recently been equated to a digital book ban, with 1/3rd of teachers reporting that content associated with LGBTQ+ students and students of color is more likely to be restricted.

60% of teachers reported that their schools use algorithmic early warning systems that predict whether a student is dropping out of high school, some of which incorporate protected characteristics such as race, gender, and disability status.

This research is particularly concerning when considering the links between school disciplinary policies and incarceration rates of our nation’s youth.

Trahan has long led the charge for protecting the rights of students who utilize education technology. In 2021, she released draft legislation that prioritizes student privacy by placing limits on the usage of data collected through commercial educational software. She worked to strengthen the protections for students’ privacy in the American Data Privacy and Protection Act. Earlier this year, she used her role on the House Energy and Commerce Committee’s Innovation, Data, and Commerce Subcommittee to sound the alarm on the lack of data privacy in the education technology sector.

Trahan and Jacobs were joined by Representatives Hank Johnson (GA-04), Bonnie Watson Coleman (NJ-12), and Adam Schiff (CA-30) in asking the following questions:

Has the Department’s Office of Civil Rights (OCR) received any complaints alleging discrimination that involved, in any way, the use of an educational technology software, program, or service, including AI-driven technologies? If so, how many complaints has OCR received, and how many has OCR investigated?

Has OCR initiated any enforcement actions against potential violations of civil rights law related to the use of education technology?

A copy of the letter sent today can be accessed HERE.

###"
44878,2023-10-30,D000617,Suzan K. DelBene,House,"DelBene Welcomes Biden AI EO, Urges Congress to Act on Data Privacy",https://delbene.house.gov/news/documentsingle.aspx?DocumentID=3691,0,0,1,"read in full by 2026-07-08 fork, judged on-topic","Today, Congresswoman Suzan DelBene (WA-01) released the following statement in response to President Biden’s executive order on artificial intelligence.

“The United States must be in the driver’s seat as artificial intelligence expands around the world and President Biden clearly understands that. I welcome the president’s executive order to ensure AI is implemented in a safe and secure way, especially his focus on consumer privacy protections.

“But executive action can only take us so far. Congress’ delay in passing a strong national data privacy standard risks the U.S. falling further behind other countries and dilutes America’s longstanding global technology leadership. Privacy goes beyond just artificial intelligence and would set clear rules of the road to protect Americans and their data in our increasingly digital world. This effort has had bipartisan momentum, and I will continue to work with my colleagues on both sides of the aisle to get this over the finish line.”"
45804,2023-11-07,L000397,Zoe Lofgren,House,"Lofgren, Davidson, Wyden, Lee Introduce Bipartisan, Bicameral Government Surveillance Reform Act",https://lofgren.house.gov/media/press-releases/lofgren-davidson-wyden-lee-introduce-bipartisan-bicameral-government,0,1,0,"UNVERIFIED -- broad-phrase match only, never individually read; may be off-topic (e.g. release 11009 confirmed off-topic, about reproductive-health data not APRA)","WASHINGTON, DC – U.S. Representatives Zoe Lofgren (D-CA-18) and Warren Davidson (R-OH-08) and U.S. Senators Ron Wyden (D-OR) and Mike Lee (R-UT) today introduced the bipartisan, bicameral Government Surveillance Reform Act to reauthorize Section 702 of the Foreign Intelligence Surveillance Act with important new protections for Americans’ constitutional rights.

“It would be unwise for Members of Congress to greenlight another major surveillance reauthorization without carefully considering and enacting surveillance reform measures. For too long, federal intelligence and law enforcement agencies have had nearly unchecked access to Americans’ personal data,” said Rep. Zoe Lofgren. “Our bipartisan, bicameral comprehensive and calibrated legislation provides reform solutions sought for decades. With widespread support from across the political spectrum the Government Surveillance Reform Act would dramatically curb surveillance abuse and protect Americans' civil liberties, while preserving national security.”

“For decades, U.S. Intelligence agencies have been circumventing our 4th Amendment right to privacy by spying on Americans without a warrant. The government Surveillance Accountability Act would end abuses under the Foreign Intelligence Surveillance Act and end unauthorized surveillance programs,” said Rep. Warren Davidson.

“Americans know that it is possible to confront our country’s adversaries ferociously without throwing our constitutional rights in the trash can. But for too long surveillance laws have not kept up with changing times,” Sen. Ron Wyden said. “Our bill continues to give government agencies broad authority to collect information on threats at home and abroad, including the ability to act quickly in emergencies and settle up with the court later. But it creates much stronger protections for the privacy of law-abiding Americans, and restores the warrant protections that are at the heart of the Fourth Amendment.”

“The FISA Court and the Director of National Intelligence have confirmed that our government conducted warrantless surveillance of millions of Americans’ private communications,” Sen. Mike Lee said. “It is imperative that Congress enact real reforms to protect our civil liberties, including warrant requirements and statutory penalties for privacy violations, in exchange for reauthorizing Section 702. Our bipartisan Government Surveillance Reform Act stops illegal government spying and restores the Constitutional rights of all Americans.”

The legislation is co-sponsored in the House by Reps. Andy Biggs (R-AZ-05), Pramila Jayapal (D-WA-07), Thomas Massie (R-KY-04), Sara Jacobs (D-CA-51), Nancy Mace (R-SC-01), Judy Chu (D-CA-28), Lloyd Doggett (D-TX-35), Barbara Lee (D-CA-12), Rep. Lou Correa (D-CA-26), and Rep. Ted Lieu (D-CA-36).

The Senate bill is co-sponsored by Sens. Tammy Baldwin (D-WI), Steve Daines (R-MT), Mazie Hirono (D-HI), Cynthia Lummis (R-WY), Jon Tester (D-MT), Elizabeth Warren (D-MA), and Edward Markey (D-MA).

The bill reauthorizes Section 702 of the Foreign Intelligence Surveillance Act (FISA) for four years, allowing intelligence agencies to continue to use the authorities granted by that law, but with key new protections against documented abuses and new accountability measures when abuses occur. It also includes a host of reforms to government surveillance authorities beyond Section 702, including requiring warrants for government purchases of private data from data brokers.

Although surveillance proponents claimed that the previous 702 reauthorization included sufficient safeguards to prevent abuse, intelligence agencies have documented extensive new violations in recent years. Abuses include warrantless searches for a U.S. Senator, a member of Congress, and a state court judge, among others.

The bill’s reforms include:

Closing the backdoor search loophole: The bill requires law enforcement to secure a warrant before searching U.S. individuals' data.

Closing the data broker loophole: The bill prevents law enforcement from sidestepping the Fourth Amendment by outlawing the purchase of U.S. individuals' data from brokers without a warrant.

Prohibiting reverse targeting: The bill prohibits the monitoring of foreign individuals outside the U.S. as a pretext to surveil U.S. persons within the country, known as ""reverse targeting.""

Ending ""abouts"" collection: The bill terminates the practice of gathering non-U.S. citizens’ communications that merely reference U.S. persons, curbing mass, warrantless surveillance of Americans.

Enhancing oversight and accountability: The bill stipulates stricter auditing, reporting, and redress processes, promoting responsibility and transparency across intelligence activities.

Curtailing overreach in Section 702 data use: The bill ensures that data collected under Section 702 is not used in criminal or civil cases unless directly connected to national security threats, thus avoiding its application in unrelated legal contexts.

Halting warrantless collection of business records: The bill enhances the personal data security of working individuals by disallowing warrantless surveillance of businesses.

Click here for a one-page summary of the bill.

Click here for a section-by-section summary of the bill.

Click here for full text of the full bill.

The bill has been endorsed by dozens of civil society organizations:

Asian Americans Advancing Justice (AAJC), AAPI Equity Alliance, AAPI Victory Alliance, American Civil Liberties Union (ACLU), Americans for Prosperity, API Equality-LA, Asian American Federal Employees for Nondiscrimination (AAFEN), Asian Texans for Justice, Aurora Commons LLC, Brennan Center for Justice at NYU School of Law, Center for Democracy & Technology, Chinese for Affirmative Action, Demand Progress, Due Process Institute, Electronic Frontier Foundation (EFF), Electronic Privacy Information Center (EPIC), Empowering Marginalized Asian Communities, Fight for the Future, FreedomWorks, Free Press Action, Libertas Institute, Media Alliance, Muslim Advocates, National Association of Criminal Defense Lawyers (NACDL), Oakland Privacy, OCA, OCA Greater Cleveland - Asian Pacific American Advocates, OCA Silicon Valley, Project for Privacy and Surveillance Accountability (PPSA), Project on Government Oversight (POGO), Restore the Fourth, Secure Justice, Stop AAPI Hate, Surveillance Technology Oversight Project and X-Lab.

The bill was hailed as the most comprehensive and balanced government surveillance legislation in years, by groups across the political spectrum:

Bob Goodlatte, former Chairman of the House Judiciary Committee and Senior Policy Advisor of the Project for Privacy and Surveillance Accountability (PPSA): “For far too long, the government has abused Section 702. This statute, enacted by Congress to surveil foreign threats in foreign lands, has become a tool to subject countless Americans to warrantless surveillance. The reforms in this bill ensure that our Constitutional rights will once again be respected, just as the Founders intended. PPSA appreciates this well-crafted bill – especially its tough accountability provisions. Rogue agents in the intelligence community and FBI who intentionally violate the law to spy on Americans must be held responsible.”

Sean Vitka, Policy Director, Demand Progress: “This year represents the most significant opportunity for protecting Americans from warrantless government surveillance in generations, and the GSRA rises to the challenge. Section 702 must not be reauthorized without the critical, comprehensive privacy protections in this bill.”

Jason Pye, Director of Rule of Law Initiatives, Due Process Institute: “Due Process Institute strongly supports the bipartisan and bicameral Government Surveillance Reform Act. For too long, arrogance prevented the intelligence apparatus and its allies in Congress from coming to the table to negotiate reforms. Now that reauthorization of Section 702 has been made difficult by the politically diverse community of advocates and lawmakers demanding commonsense to protect Americans from warrantless surveillance, the intelligence community has become more willing to listen. Unfortunately, however, they have only put forward unacceptable half measures. The Government Surveillance Reform Act is the only path forward to protect Americans from warrantless surveillance.”

John C. Yang, President and Executive Director of Asian Americans Advancing Justice – AAJC: ""Asian Americans are disproportionately scrutinized as compared to other Americans in the name of ‘national security.’ When it comes to the federal government’s surveillance—whether pursuant to Section 702 of FISA or other surveillance authorities—Asian Americans are likely to be ‘incidentally’ spied on at a higher rate, simply because we have family, friends, and business associates who live abroad. This is highly concerning, given how the federal government is able to run backdoor searches through this data without a warrant. This critical bill would put in place protections and transparency mechanisms that help to regulate the collection of Americans’ sensitive communications, and reign in the likely greater impact that such existing authorities have on communities of color.""

James Czerniawski, Senior policy Analyst, Americans for Prosperity: “The U.S. intelligence community has frequently misused its authorities under FISA, including Section 702, as well as other surveillance powers, eroding trust in institutions responsible for Americans' safety. Protecting our constitutional rights and national security are not mutually exclusive goals. The Government Surveillance Reform Act is a critical step toward restoring trust, protecting constitutional rights, and maintaining public safety. We commend Senators Wyden and Lee, along with Representatives Davidson and Lofgren for their leadership in advancing this important legislation.” -

The bill’s bipartisan, bicameral co-sponsors praised the introduction:

“Americans have a constitutional right to privacy, but Section 702 has been used to violate that right hundreds of thousands of times. That is why we cannot reauthorize FISA without a major overhaul,” said Rep. Pramila Jayapal. “I’m proud to join Senator Wyden and Representatives Davidson and Lofgren in leading this legislation to ensure that the right to privacy is protected for all people.”

“For decades, our intelligence agencies have offered us a false choice: either keep our country safe or protect Americans’ constitutional right to privacy. But we can and must do both,” said Rep. Sara Jacobs. “Yet, Section 702 of the Foreign Intelligence Surveillance Act (FISA) has enabled the warrantless collection of Americans’ activities – from phone calls and website searches to emails and location data – with too little oversight and accountability. That’s why I’m so proud to co-lead the bipartisan and bicameral Government Surveillance Reform Act, which gives our intelligence agencies the necessary tools to combat terrorism, safeguards Americans’ rights, and ensures robust oversight. This is the framework we need to protect our country and uphold our values.”

""Since its passage in 2008, FISA's Section 702 has been used by federal law enforcement to access sensitive information about people in the United States without a warrant, including their communications and location information, that is otherwise protected by the Fourth Amendment,” said Rep. Judy Chu. “As Chair of the Congressional Asian Pacific American Caucus, I am particularly concerned about the disproportionate impact Section 702 of FISA has on Asian Americans and members of the Arab, Middle Eastern, Muslim, and South Asian, or AMEMSA, communities, who have been subject to Section 702 ‘backdoor searches’ simply because we have family, friends, and business associates in foreign countries. Racial profiling in the name of ‘national security’ has historically upended countless innocent lives, and that is why I joined as an original cosponsor of the Government Surveillance Reform Act, which would put in place much-needed, commonsense reforms to Section 702 that would protect the rights of Americans while preserving national security.”

“Adding these privacy safeguards to FISA will ensure our civil liberties are protected without sacrificing national security. We have learned the hard way that unchecked surveillance is a violation of our right to privacy. I strongly support comprehensive overhaul of FISA with the Government Surveillance Reform Act, and urge my colleagues to put their constituents first and do the same,” said Rep. Barbara Lee.

“Unwarranted and unchecked surveillance violates our constitutional rights,” said Rep. Lloyd Doggett. “By providing essential reforms to encompass new technological developments in an ever-changing landscape, this legislation recognizes that ensuring our national security need not require trampling individual liberties.”

“As new technologies emerge, we must ensure Americans’ data privacy is protected,” said Rep. Ted Lieu. “I’m pleased to co-author the bipartisan and bicameral Government Surveillance Reform Act, a comprehensive package of key reforms that strike an important balance between defending Americans’ civil liberties while protecting our national security. I’m also glad to see our Cell-Site Simulator Warrant Act and key provisions from our Government Surveillance Transparency Act included in the legislation.”

“Freedom and privacy are bedrock Montana values, and no DC bureaucrat or government agency should be able to access Montanans’ personal information without a warrant,” said Sen. Jon Tester. “My bipartisan bill will slam shut dangerous loopholes to ensure that government can’t intrude on Montanans’ personal lives and help folks across the Treasure State rest easy knowing their Constitutional rights won’t be violated.”

“Federal intelligence agencies have access to powerful surveillance tools that help protect our national security from foreign threats – but these tools too often violate Americans’ privacy rights,” said Sen. Elizabeth Warren. “This bill will rein in these abuses and reform FISA’s Section 702 to protect Americans from mass, warrantless surveillance.”"
45873,2023-11-07,L000577,Mike Lee,Senate,Lee Introduces Bipartisan Legislation to Secure Privacy Protections for Americans,https://www.lee.senate.gov/2023/11/lee-introduces-bipartisan-legislation-to-secure-privacy-protections-for-americans,0,1,0,"UNVERIFIED -- broad-phrase match only, never individually read; may be off-topic (e.g. release 11009 confirmed off-topic, about reproductive-health data not APRA)","U.S. Senator Mike Lee, R-Utah, Sen. Ron Wyden, D-Ore., Rep. Warren Davidson, R-Ohio, and Rep. Zoe Lofgren, D-Calif., today introduced the bipartisan, bicameral Government Surveillance Reform Act, to reauthorize Section 702 of the Foreign Intelligence Surveillance Act with important new protections for Americans’ constitutional rights.

The legislation is cosponsored by Senators Tammy Baldwin, D-Wisc., Steve Daines, R-Mont., Mazie Hirono, D-Hawaii, Cynthia Lummis, R-Wy., Jon Tester, D-Mont., Elizabeth Warren, D-Mass., and Edward Markey, D-Mass.

In the House, the bill is cosponsored by Reps. Andy Biggs, R-Ariz., Rep. Pramila Jayapal, D-Wash., Thomas Massie, R-Ky., Rep. Sara Jacobs, D-Calif., Rep. Nancy Mace, R-S.C., Rep. Judy Chu, D-Calif., Rep. Lloyd Doggett, D-Texas, Rep. Barbara Lee, D-Calif., Rep. Lou Correa, D-Calif., and Rep. Ted Lieu, D-Calif.

“Americans know that it is possible to confront our country’s adversaries ferociously without throwing our constitutional rights in the trash can. But for too long surveillance laws have not kept up with changing times.” Wyden said. “Our bill continues to give government agencies broad authority to collect information on threats at home and abroad, including the ability to act quickly in emergencies and settle up with the court later. But it creates much stronger protections for the privacy of law-abiding Americans, and restores the warrant protections that are at the heart of the Fourth Amendment.”

“The FISA Court and the Director of National Intelligence have confirmed that our government conducted warrantless surveillance of millions of Americans’ private communications,” Senator Lee said. “It is imperative that Congress enact real reforms to protect our civil liberties, including warrant requirements and statutory penalties for privacy violations, in exchange for reauthorizing Section 702. Our bipartisan Government Surveillance Reform Act stops illegal government spying and restores the Constitutional rights of all Americans.”

“For decades, U.S. Intelligence agencies have been circumventing our 4th Amendment right to privacy by spying on Americans without a warrant. The government Surveillance Accountability Act would end abuses under the Foreign Intelligence Surveillance Act and end unauthorized surveillance programs,” said Rep. Warren Davidson.

“It would be unwise for Members of Congress to greenlight another major surveillance reauthorization without carefully considering and enacting surveillance reform measures. For too long, federal intelligence and law enforcement agencies have had nearly unchecked access to Americans’ personal data,” said Rep. Zoe Lofgren. “Our bipartisan, bicameral comprehensive and calibrated legislation provides reform solutions sought for decades. With widespread support from across the political spectrum the Government Surveillance Reform Act would dramatically curb surveillance abuse and protect Americans' civil liberties, while preserving national security.”

The bill reauthorizes Section 702 of the Foreign Intelligence Surveillance Act (FISA) for 4 years, allowing intelligence agencies to continue to use the authorities granted by that law, but with key new protections against documented abuses and new accountability measures when abuses occur. It also includes a host of reforms to government surveillance authorities beyond Section 702, including requiring warrants for government purchases of private data from data brokers.

Although surveillance proponents claimed that the previous 702 reauthorization included sufficient safeguards to prevent abuse, intelligence agencies have documented extensive new violations in recent years. Abuses include warrantless searches for a U.S. Senator, a member of Congress, and a state court judge, among others.

The bill’s reforms include:

Protecting Americans from warrantless backdoor searches, ensuring that foreigners aren’t targeted as a pretext for spying on the Americans with whom they are communicating, and prohibiting the collection of domestic communications.

Extending similar reforms to surveillance activities under Executive Order 12333, including by limiting warrantless searches of Americans’ communications and prohibiting the targeting of foreigners as a pretext for surveilling Americans. It also limits the acquisition of Americans’ information as part of large datasets.

Requiring warrants for surveillance of Americans’ location data, web browsing and search records, including AI assistants like Alexa and Siri, vehicle data and by prohibiting the government from purchasing Americans’ data from data brokers.

Exceptions to ensure the government can continue to use Section 702 for defensive cybersecurity purposes, to assist in locating and rescuing hostages overseas and emergency provisions in cases where there isn’t sufficient time to get a warrant in advance.

The bill has been endorsed by dozens of civil society organizations:

Asian Americans Advancing Justice (AAJC), AAPI Equity Alliance, AAPI Victory Alliance, American Civil Liberties Union (ACLU), Americans for Prosperity, API Equality-LA, Asian American Federal Employees for Nondiscrimination (AAFEN), Asian Texans for Justice, Aurora Commons LLC, Brennan Center for Justice at NYU School of Law, Center for Democracy & Technology, Chinese for Affirmative Action, Demand Progress, Due Process Institute, Electronic Frontier Foundation (EFF), Electronic Privacy Information Center (EPIC), Empowering Marginalized Asian Communities, Fight for the Future, FreedomWorks, Free Press Action, Libertas Institute, Media Alliance, Muslim Advocates, National Association of Criminal Defense Lawyers (NACDL), Oakland Privacy, OCA, OCA Greater Cleveland - Asian Pacific American Advocates, OCA Silicon Valley, Project for Privacy and Surveillance Accountability (PPSA), Project on Government Oversight (POGO), Restore the Fourth, Secure Justice, Stop AAPI Hate, Surveillance Technology Oversight Project and X-Lab.

The bill was hailed as the most comprehensive and balanced government surveillance legislation in years, by groups across the political spectrum:

Bob Goodlatte, former Chairman of the House Judiciary Committee and Senior Policy Advisor of the Project for Privacy and Surveillance Accountability (PPSA): “For far too long, the government has abused Section 702. This statute, enacted by Congress to surveil foreign threats in foreign lands, has become a tool to subject countless Americans to warrantless surveillance. The reforms in this bill ensure that our Constitutional rights will once again be respected, just as the Founders intended. PPSA appreciates this well-crafted bill – especially its tough accountability provisions. Rogue agents in the intelligence community and FBI who intentionally violate the law to spy on Americans must be held responsible.”

Sean Vitka, Policy Director, Demand Progress: “This year represents the most significant opportunity for protecting Americans from warrantless government surveillance in generations, and the GSRA rises to the challenge. Section 702 must not be reauthorized without the critical, comprehensive privacy protections in this bill.”

Jason Pye, Director of Rule of Law Initiatives, Due Process Institute: “Due Process Institute strongly supports the bipartisan and bicameral Government Surveillance Reform Act. For too long, arrogance prevented the intelligence apparatus and its allies in Congress from coming to the table to negotiate reforms. Now that reauthorization of Section 702 has been made difficult by the politically diverse community of advocates and lawmakers demanding commonsense to protect Americans from warrantless surveillance, the intelligence community has become more willing to listen. Unfortunately, however, they have only put forward unacceptable half measures. The Government Surveillance Reform Act is the only path forward to protect Americans from warrantless surveillance.”

John C. Yang, President and Executive Director of Asian Americans Advancing Justice – AAJC: ""Asian Americans are disproportionately scrutinized as compared to other Americans in the name of ‘national security.’ When it comes to the federal government’s surveillance—whether pursuant to Section 702 of FISA or other surveillance authorities—Asian Americans are likely to be ‘incidentally’ spied on at a higher rate, simply because we have family, friends, and business associates who live abroad. This is highly concerning, given how the federal government is able to run backdoor searches through this data without a warrant. This critical bill would put in place protections and transparency mechanisms that help to regulate the collection of Americans’ sensitive communications, and reign in the likely greater impact that such existing authorities have on communities of color.""

James Czerniawski, Senior policy Analyst, Americans for Prosperity: “The U.S. intelligence community has frequently misused its authorities under FISA, including Section 702, as well as other surveillance powers, eroding trust in institutions responsible for Americans' safety. Protecting our constitutional rights and national security are not mutually exclusive goals. The Government Surveillance Reform Act is a critical step toward restoring trust, protecting constitutional rights, and maintaining public safety. We commend Senators Wyden and Lee, along with Representatives Davidson and Lofgren for their leadership in advancing this important legislation.”

A one-page summary of the bill is here.

A section-by-section summary of the bill is here.

Read the full bill here.

The bill’s bipartisan, bicameral co-sponsors praised the introduction:

“Freedom and privacy are bedrock Montana values, and no DC bureaucrat or government agency should be able to access Montanans’ personal information without a warrant,” said Sen. Jon Tester. “My bipartisan bill will slam shut dangerous loopholes to ensure that government can’t intrude on Montanans’ personal lives and help folks across the Treasure State rest easy knowing their Constitutional rights won’t be violated.”

“Federal intelligence agencies have access to powerful surveillance tools that help protect our national security from foreign threats – but these tools too often violate Americans’ privacy rights,” said Sen. Elizabeth Warren. “This bill will rein in these abuses and reform FISA’s Section 702 to protect Americans from mass, warrantless surveillance.”

“Americans have a constitutional right to be protected from unreasonable searches and seizures that is nonnegotiable,” said Sen. Steve Daines. “As the federal government is increasingly sticking it’s nose into Americans’ private conversations and records, we must put an end to illegitimate searches and protect this fundamental right.”

“Americans have a constitutional right to privacy, but Section 702 has been used to violate that right hundreds of thousands of times. That is why we cannot reauthorize FISA without a major overhaul,” said Rep. Pramila Jayapal. “I’m proud to join Senator Wyden and Representatives Davidson and Lofgren in leading this legislation to ensure that the right to privacy is protected for all people.”

“For decades, our intelligence agencies have offered us a false choice: either keep our country safe or protect Americans’ constitutional right to privacy. But we can and must do both,” said Rep. Sara Jacobs. “Yet, Section 702 of the Foreign Intelligence Surveillance Act (FISA) has enabled the warrantless collection of Americans’ activities – from phone calls and website searches to emails and location data – with too little oversight and accountability. That’s why I’m so proud to co-lead the bipartisan and bicameral Government Surveillance Reform Act, which gives our intelligence agencies the necessary tools to combat terrorism, safeguards Americans’ rights, and ensures robust oversight. This is the framework we need to protect our country and uphold our values.”

“Adding these privacy safeguards to FISA will ensure our civil liberties are protected without sacrificing national security. We have learned the hard way that unchecked surveillance is a violation of our right to privacy. I strongly support comprehensive overhaul of FISA with the Government Surveillance Reform Act, and urge my colleagues to put their constituents first and do the same,” said Rep. Barbara Lee.

“Unwarranted and unchecked surveillance violates our constitutional rights,” said Rep. Lloyd Doggett. “By providing essential reforms to encompass new technological developments in an ever-changing landscape, this legislation recognizes that ensuring our national security need not require trampling individual liberties.”

“As new technologies emerge, we must ensure Americans’ data privacy is protected,” said Rep. Ted Lieu. “I’m pleased to co-author the bipartisan and bicameral Government Surveillance Reform Act, a comprehensive package of key reforms that strike an important balance between defending Americans’ civil liberties while protecting our national security. I’m also glad to see our Cell-Site Simulator Warrant Act and key provisions from our Government Surveillance Transparency Act included in the legislation.”"
45894,2023-11-07,W000779,Ron Wyden,Senate,"Wyden, Lee, Davidson and Lofgren Introduce Bipartisan Legislation to Reauthorize and Reform Key Surveillance Law, Secure Protections for Americans’ Rights",https://www.wyden.senate.gov/news/press-releases/wyden-lee-davidson-and-lofgren-introduce-bipartisan-legislation-to-reauthorize-and-reform-key-surveillance-law-secure-protections-for-americans-rights,0,1,0,"UNVERIFIED -- broad-phrase match only, never individually read; may be off-topic (e.g. release 11009 confirmed off-topic, about reproductive-health data not APRA)","The Government Surveillance Reform Act Will Establish New Safeguards for Government Surveillance and Accountability for Abuses; Reauthorize and Reform FISA Section 702; Establish Protections for Americans Whose Private Information is Collected Under Other Intelligence Authorities; and Modernize Outdated Surveillance Laws

Washington, D.C. – U.S. Senator Ron Wyden, D-Ore., Sen. Mike Lee, R-Utah, Rep. Warren Davidson, R-Ohio, and Rep. Zoe Lofgren, D-Calif., today introduced the bipartisan, bicameral Government Surveillance Reform Act, to reauthorize Section 702 of the Foreign Intelligence Surveillance Act with important new protections for Americans’ constitutional rights.

The legislation is cosponsored by Senators Tammy Baldwin, D-Wisc., Steve Daines, R-Mont., Mazie Hirono, D-Hawaii, Cynthia Lummis, R-Wy., Jon Tester, D-Mont., Elizabeth Warren, D-Mass., and Edward Markey, D-Mass.

In the House, the bill is cosponsored by Reps. Andy Biggs, R-Ariz., Rep. Pramila Jayapal, D-Wash., Thomas Massie, R-Ky., Rep. Sara Jacobs, D-Calif., Rep. Nancy Mace, R-S.C., Rep. Judy Chu, D-Calif., Rep. Lloyd Doggett, D-Texas, Rep. Barbara Lee, D-Calif., Rep. Lou Correa, D-Calif., and Rep. Ted Lieu, D-Calif.

“Americans know that it is possible to confront our country’s adversaries ferociously without throwing our constitutional rights in the trash can. But for too long surveillance laws have not kept up with changing times.” Wyden said. “Our bill continues to give government agencies broad authority to collect information on threats at home and abroad, including the ability to act quickly in emergencies and settle up with the court later. But it creates much stronger protections for the privacy of law-abiding Americans, and restores the warrant protections that are at the heart of the Fourth Amendment.”

“The FISA Court and the Director of National Intelligence have confirmed that our government conducted warrantless surveillance of millions of Americans’ private communications,” Senator Lee said. “It is imperative that Congress enact real reforms to protect our civil liberties, including warrant requirements and statutory penalties for privacy violations, in exchange for reauthorizing Section 702. Our bipartisan Government Surveillance Reform Act stops illegal government spying and restores the Constitutional rights of all Americans.”

“For decades, U.S. Intelligence agencies have been circumventing our 4th Amendment right to privacy by spying on Americans without a warrant. The government Surveillance Accountability Act would end abuses under the Foreign Intelligence Surveillance Act and end unauthorized surveillance programs,” said Rep. Warren Davidson.

“It would be unwise for Members of Congress to greenlight another major surveillance reauthorization without carefully considering and enacting surveillance reform measures. For too long, federal intelligence and law enforcement agencies have had nearly unchecked access to Americans’ personal data,” said Rep. Zoe Lofgren. “Our bipartisan, bicameral comprehensive and calibrated legislation provides reform solutions sought for decades. With widespread support from across the political spectrum the Government Surveillance Reform Act would dramatically curb surveillance abuse and protect Americans' civil liberties, while preserving national security.”

The bill reauthorizes Section 702 of the Foreign Intelligence Surveillance Act (FISA) for 4 years, allowing intelligence agencies to continue to use the authorities granted by that law, but with key new protections against documented abuses and new accountability measures when abuses occur. It also includes a host of reforms to government surveillance authorities beyond Section 702, including requiring warrants for government purchases of private data from data brokers.

Although surveillance proponents claimed that the previous 702 reauthorization included sufficient safeguards to prevent abuse, intelligence agencies have documented extensive new violations in recent years. Abuses include warrantless searches for a U.S. Senator, a member of Congress, and a state court judge, among others.

The bill’s reforms include:

Protecting Americans from warrantless backdoor searches, ensuring that foreigners aren’t targeted as a pretext for spying on the Americans with whom they are communicating, and prohibiting the collection of domestic communications.

Extending similar reforms to surveillance activities under Executive Order 12333, including by limiting warrantless searches of Americans’ communications and prohibiting the targeting of foreigners as a pretext for surveilling Americans. It also limits the acquisition of Americans’ information as part of large datasets.

Requiring warrants for surveillance of Americans’ location data, web browsing and search records, including AI assistants like Alexa and Siri, vehicle data and by prohibiting the government from purchasing Americans’ data from data brokers.

Exceptions to ensure the government can continue to use Section 702 for defensive cybersecurity purposes, to assist in locating and rescuing hostages overseas and emergency provisions in cases where there isn’t sufficient time to get a warrant in advance.

The bill has been endorsed by dozens of civil society organizations:

Asian Americans Advancing Justice (AAJC), AAPI Equity Alliance, AAPI Victory Alliance, American Civil Liberties Union (ACLU), Americans for Prosperity, API Equality-LA, Asian American Federal Employees for Nondiscrimination (AAFEN), Asian Texans for Justice, Aurora Commons LLC, Brennan Center for Justice at NYU School of Law, Center for Democracy & Technology, Chinese for Affirmative Action, Demand Progress, Due Process Institute, Electronic Frontier Foundation (EFF), Electronic Privacy Information Center (EPIC), Empowering Marginalized Asian Communities, Fight for the Future, FreedomWorks, Free Press Action, Libertas Institute, Media Alliance, Muslim Advocates, National Association of Criminal Defense Lawyers (NACDL), Oakland Privacy, OCA, OCA Greater Cleveland - Asian Pacific American Advocates, OCA Silicon Valley, Project for Privacy and Surveillance Accountability (PPSA), Project on Government Oversight (POGO), Restore the Fourth, Secure Justice, Stop AAPI Hate, Surveillance Technology Oversight Project and X-Lab.

The bill was hailed as the most comprehensive and balanced government surveillance legislation in years, by groups across the political spectrum:

Bob Goodlatte, former Chairman of the House Judiciary Committee and Senior Policy Advisor of the Project for Privacy and Surveillance Accountability (PPSA): “For far too long, the government has abused Section 702. This statute, enacted by Congress to surveil foreign threats in foreign lands, has become a tool to subject countless Americans to warrantless surveillance. The reforms in this bill ensure that our Constitutional rights will once again be respected, just as the Founders intended. PPSA appreciates this well-crafted bill – especially its tough accountability provisions. Rogue agents in the intelligence community and FBI who intentionally violate the law to spy on Americans must be held responsible.”

Sean Vitka, Policy Director, Demand Progress: “This year represents the most significant opportunity for protecting Americans from warrantless government surveillance in generations, and the GSRA rises to the challenge. Section 702 must not be reauthorized without the critical, comprehensive privacy protections in this bill.”

Jason Pye, Director of Rule of Law Initiatives, Due Process Institute: “Due Process Institute strongly supports the bipartisan and bicameral Government Surveillance Reform Act. For too long, arrogance prevented the intelligence apparatus and its allies in Congress from coming to the table to negotiate reforms. Now that reauthorization of Section 702 has been made difficult by the politically diverse community of advocates and lawmakers demanding commonsense to protect Americans from warrantless surveillance, the intelligence community has become more willing to listen. Unfortunately, however, they have only put forward unacceptable half measures. The Government Surveillance Reform Act is the only path forward to protect Americans from warrantless surveillance.”

John C. Yang, President and Executive Director of Asian Americans Advancing Justice – AAJC: ""Asian Americans are disproportionately scrutinized as compared to other Americans in the name of ‘national security.’ When it comes to the federal government’s surveillance—whether pursuant to Section 702 of FISA or other surveillance authorities—Asian Americans are likely to be ‘incidentally’ spied on at a higher rate, simply because we have family, friends, and business associates who live abroad. This is highly concerning, given how the federal government is able to run backdoor searches through this data without a warrant. This critical bill would put in place protections and transparency mechanisms that help to regulate the collection of Americans’ sensitive communications, and reign in the likely greater impact that such existing authorities have on communities of color.""

James Czerniawski, Senior policy Analyst, Americans for Prosperity: “The U.S. intelligence community has frequently misused its authorities under FISA, including Section 702, as well as other surveillance powers, eroding trust in institutions responsible for Americans' safety. Protecting our constitutional rights and national security are not mutually exclusive goals. The Government Surveillance Reform Act is a critical step toward restoring trust, protecting constitutional rights, and maintaining public safety. We commend Senators Wyden and Lee, along with Representatives Davidson and Lofgren for their leadership in advancing this important legislation.”

A one-page summary of the bill is here.

A section-by-section summary of the bill is here.

Read the full bill here.

The bill’s bipartisan, bicameral co-sponsors praised the introduction:

“Freedom and privacy are bedrock Montana values, and no DC bureaucrat or government agency should be able to access Montanans’ personal information without a warrant,” said Sen. Jon Tester. “My bipartisan bill will slam shut dangerous loopholes to ensure that government can’t intrude on Montanans’ personal lives and help folks across the Treasure State rest easy knowing their Constitutional rights won’t be violated.”

“Federal intelligence agencies have access to powerful surveillance tools that help protect our national security from foreign threats – but these tools too often violate Americans’ privacy rights,” said Sen. Elizabeth Warren. “This bill will rein in these abuses and reform FISA’s Section 702 to protect Americans from mass, warrantless surveillance.”

“Americans have a constitutional right to be protected from unreasonable searches and seizures that is nonnegotiable,” said Sen. Steve Daines. “As the federal government is increasingly sticking it’s nose into Americans’ private conversations and records, we must put an end to illegitimate searches and protect this fundamental right.”

“Americans have a constitutional right to privacy, but Section 702 has been used to violate that right hundreds of thousands of times. That is why we cannot reauthorize FISA without a major overhaul,” said Rep. Pramila Jayapal. “I’m proud to join Senator Wyden and Representatives Davidson and Lofgren in leading this legislation to ensure that the right to privacy is protected for all people.”

“For decades, our intelligence agencies have offered us a false choice: either keep our country safe or protect Americans’ constitutional right to privacy. But we can and must do both,” said Rep. Sara Jacobs. “Yet, Section 702 of the Foreign Intelligence Surveillance Act (FISA) has enabled the warrantless collection of Americans’ activities – from phone calls and website searches to emails and location data – with too little oversight and accountability. That’s why I’m so proud to co-lead the bipartisan and bicameral Government Surveillance Reform Act, which gives our intelligence agencies the necessary tools to combat terrorism, safeguards Americans’ rights, and ensures robust oversight. This is the framework we need to protect our country and uphold our values.”

“Adding these privacy safeguards to FISA will ensure our civil liberties are protected without sacrificing national security. We have learned the hard way that unchecked surveillance is a violation of our right to privacy. I strongly support comprehensive overhaul of FISA with the Government Surveillance Reform Act, and urge my colleagues to put their constituents first and do the same,” said Rep. Barbara Lee.

“Unwarranted and unchecked surveillance violates our constitutional rights,” said Rep. Lloyd Doggett. “By providing essential reforms to encompass new technological developments in an ever-changing landscape, this legislation recognizes that ensuring our national security need not require trampling individual liberties.”

“As new technologies emerge, we must ensure Americans’ data privacy is protected,” said Rep. Ted Lieu. “I’m pleased to co-author the bipartisan and bicameral Government Surveillance Reform Act, a comprehensive package of key reforms that strike an important balance between defending Americans’ civil liberties while protecting our national security. I’m also glad to see our Cell-Site Simulator Warrant Act and key provisions from our Government Surveillance Transparency Act included in the legislation.”

""Since its passage in 2008, FISA's Section 702 has been used by federal law enforcement to access sensitive information about people in the United States without a warrant, including their communications and location information, that is otherwise protected by the Fourth Amendment,” said Rep. Judy Chu. “As Chair of the Congressional Asian Pacific American Caucus, I am particularly concerned about the disproportionate impact Section 702 of FISA has on Asian Americans and members of the Arab, Middle Eastern, Muslim, and South Asian, or AMEMSA, communities, who have been subject to Section 702 ‘backdoor searches’ simply because we have family, friends, and business associates in foreign countries. Racial profiling in the name of ‘national security’ has historically upended countless innocent lives, and that is why I joined as an original cosponsor of the Government Surveillance Reform Act, which would put in place much-needed, commonsense reforms to Section 702 that would protect the rights of Americans while preserving national security.”

###"
46474,2023-11-14,M001163,Doris O. Matsui,House,FEDSCOOP: HOUSE ENERGY & COMMERCE CHAIR CRITIQUES BIDEN’S AI EXECUTIVE ORDER FOR NOT FOLLOWING A ‘LIGHT TOUCH AND MARKET-DRIVEN APPROACH’,https://matsui.house.gov/media/in-the-news/fedscoop-house-energy-commerce-chair-critiques-bidens-ai-executive-order-not,0,0,1,"read in full by 2026-07-08 fork, judged on-topic","The White House’s long-awaited artificial intelligence executive order falls short of protecting innovation while simultaneously establishing guardrails for AI, the top lawmaker on the House Energy & Commerce Committee said during a Communications & Technology subcommittee hearing Tuesday.

Chair Cathy McMorris Rodgers, R-Wash., echoed testimony from other lawmakers and witnesses in affirming that responsibility and safety are needed for AI development to protect against bad actors. However, the EO doesn’t follow her preferred “light touch and market-driven approach” paired with clear guidance for industry.

“While I agree with [President Joe Biden] that the best way to cementing American AI leadership is by first enacting a comprehensive data privacy and security law,” McMorris Rodgers said, “I am concerned that the order itself places unnecessary and duplicative regulatory burdens that could hinder the development of this critical technology.”

There was general bipartisan agreement Tuesday on the need for a foundation for legislative action to protect citizens’ data privacy while also promoting innovative solutions and competition throughout the private sector. While McMorris Rodgers had issues with the private-sector matters in the EO, Rep. Doris Matsui, D-Calif., the subcommittee’s ranking member, applauded its ability to hold AI developers and distributors accountable.

“Thankfully the Biden administration has engaged industry to establish consensus goals and guardrails that will guide AI’s deployment in the United States,” Matsui said. “President Biden’s recent executive order on safe, secure and trustworthy artificial intelligence is a testament to this administration’s vision.”

Matsui said that the order ensures that the nation will lead the way on AI while also managing its risks. The EO accomplishes that via transparency requirements for those who develop AI systems that could pose a threat to the country’s national and economic security.

“President Biden’s EO represents the most broad and consequential steps toward more responsible AI governance,” Matsui said. “I look forward to working with the administration to implement it quickly.”

Subcommittee members emphasized the importance of establishing foundational efforts to encourage AI development and implementation to aid government entities, as well as the continued efforts of Congress to work with industry leaders on legislation that allows others to harness AI’s benefits and protect the public’s data security."
49666,2023-12-20,S001145,Janice D. Schakowsky,House,Schakowsky Statement on FTC's Proposed Changes to Children’s Online Privacy Protection Act Rule,https://schakowsky.house.gov/media/press-releases/schakowsky-statement-ftcs-proposed-changes-childrens-online-privacy-protection,0,0,1,"read in full by 2026-07-08 fork, judged on-topic","EVANSTON – Today, U.S. Representative Jan Schakowsky (IL-09), a Chief Deputy Whip and Ranking Member of the Innovation, Data, and Commerce Subcommittee of the House Energy and Commerce Committee, released the following statement on the Federal Trade Commission's proposed changes to the Children’s Online Privacy Protection Act (COPPA) Rule:

“The internet our children use has changed dramatically since the Children's Online Privacy Protection Act (COPPA) rule was last updated 10 years ago. Today, the Federal Trade Commission (FTC) took yet another bold step to protect our kids from the growing online harms detailed by researchers, medical professionals, and whistleblowers. These include depression, eating disorders, and invasions of children’s privacy driven by companies’ manipulative advertisements, algorithms, and features. The rulemaking initiated today by the FTC proposes commonsense protections for children’s data, privacy, and well-being. But we must go further. We must pass comprehensive data privacy legislation to protect all consumers online, including children, as well as bills to update COPPA and give the Commission stronger authorities to reign in more types of harmful practices.""

###"
49789,2023-12-21,S001145,Janice D. Schakowsky,House,"Schakowsky Leads Innovation, Data, & Commerce Subcommittee Members in Call for Comprehensive Data Privacy Legislation Following Rite Aid's Misuse of Facial Recognition Technology",https://schakowsky.house.gov/media/press-releases/schakowsky-leads-innovation-data-commerce-subcommittee-members-call,0,1,0,"UNVERIFIED -- broad-phrase match only, never individually read; may be off-topic (e.g. release 11009 confirmed off-topic, about reproductive-health data not APRA)","WASHINGTON – Today, U.S. Representative Jan Schakowsky (IL-09), Ranking Member of the Innovation, Data, and Commerce Subcommittee of the House Energy and Commerce Committee, led her fellow Subcommittee members, Reps. Yvette Clarke (NY-09), Debbie Dingell (MI-06), Robin Kelly (IL-02), and Lori Trahan (MA-03), in calling for the passage of comprehensive federal data privacy legislation and the Algorithmic Accountability Act following Rite Aid's discriminatory and deceptive misuse of facial recognition technology:

“Discriminatory and deceptive uses of artificial intelligence (AI), like Rite Aid's misuse of facial recognition technology, are harming Americans as we speak. Facial recognition technology has been shown time and again to fail people of color and women, with devastating consequences. Its use on unsuspecting consumers is unacceptable, and it should never be used to harass, profile, or humiliate.

“Our Subcommittee has worked for years on legislation to address these harms, including comprehensive federal data privacy legislation and the Algorithmic Accountability Act. Now is the time to protect consumers by passing commonsense measures. These bills hold companies accountable for their use of consumers’ data and their deployment of discriminatory algorithms. We applaud the Federal Trade Commission’s action yesterday which sends a clear message: there is no AI-exception to companies’ responsibilities to operate fairly without deception or discrimination.”

###"
53699,2024-02-14,H001046,Martin Heinrich,Senate,AI could disrupt the election. Congress is running out of time to respond,https://finance.yahoo.com/news/ai-could-disrupt-election-congress-165720283.html,0,1,0,"UNVERIFIED -- broad-phrase match only, never individually read; may be off-topic (e.g. release 11009 confirmed off-topic, about reproductive-health data not APRA)","But the future is quickly becoming the present. Congress may realistically have as little as six months to act before needing to break for August recess and, in many cases, return home to campaign for reelection, said Paul Gallant, a policy analyst at the market research firm Cowen Inc.

“That is not where I expected to be a year ago,” said Gallant. “A year later, we’re still having listening sessions and press conferences. Nothing looks likely to move.”

Initial momentum on AI regulation

For months, Congress has focused on getting up to speed on the basics of AI.

Last spring, as he kicked off what would become a global tour, OpenAI CEO Sam Altman left dozens of House lawmakers “riveted” at a private dinner in which he demonstrated ChatGPT’s capabilities. That same week, Altman made headlines at a Senate hearing by asking to be regulated — wowing senators who were more accustomed to tech CEOs dissembling or responding evasively to questions. (This week, Altman called for the creation of a global regulatory body for AI similar to the United Nation’s International Atomic Energy Agency.)

The momentum continued into the summer, as Schumer and the so-called AI gang including Heinrich, Rounds and Young organized three closed-door sessions to educate their colleagues on AI.

In June, Schumer announced still more learning sessions scheduled for the fall, as he outlined the fundamental principles that would drive the bill-making process. Any legislation on AI, he said, should prioritize US innovation first, but contain guardrails to preserve national security, promote transparency in AI products, protect election integrity and help Americans understand why an AI model behaves the way it does.

Schumer hosted nine closed-door panels for senators to hear from outside experts on AI, with the first one in September attracting a media frenzy due to the wide array of tech luminaries in attendance including Google CEO Sundar Pichai, OpenAI CEO Sam Altman and Nvidia CEO Jensen Huang.

Then things fell silent.

Proposals in the works

Congressional staff point to some signs of progress. Bipartisan discussions on AI have continued since the holidays on key Senate committees, the aide said. And House Speaker Mike Johnson wants to launch a bipartisan working group, potentially as soon as this month, to “make things happen” on AI, New York Republican Rep. Marcus Molinaro said at an event hosted by The Washington Post last week. Johnson reportedly met with Altman in January; a spokesperson for Johnson declined to comment.

Lawmakers have unveiled numerous proposals during this Congress, introducing more than 170 House and Senate bills in the past year alone mentioning artificial intelligence, according to a CNN review.

One bipartisan group of senators wants to ban deceptive AI deepfakes from US elections. Another calls for preventing AI from launching US nuclear weapons. A third bill would let artists, writers and everyday people sue companies for producing or hosting deepfakes of themselves, after songs and videos emerged featuring the artificial likenesses of musicians such as Drake and actors such as Tom Hanks. Still other ideas would require “high-risk” AI models to register for a government license, or create a dedicated new federal agency to oversee AI.

Expect the Senate Judiciary and Commerce committees to try to advance some of these measures this year, Tennessee Republican Sen. Marsha Blackburn said at a Washington event hosted by ITI, a tech industry trade group, last week.

And House leaders including Johnson and Minority Leader Hakeem Jeffries would like to pass 5 to 10 AI bills this year, said Virginia Democratic Rep. Don Beyer at State of the Net, another Washington conference, on Monday.

But despite the proliferation of ideas for how to rein in AI and the optimistic talk from lawmakers, Congress remains in a poised-for-action posture with no clear plan for getting those proposals to Biden’s desk.

A House Republican majority beset by infighting and a preoccupation with culture war issues makes it extraordinarily difficult to advance basic funding legislation, let alone complex artificial intelligence regulation, said a congressional aide on the House Energy and Commerce Committee.

“I don’t see how anything can get through the House in its current state,” the aide said. “You won’t get real, substantive change without the buy-in of both parties. And I think that’s impossible to do at this stage because too many members are not fully educated on AI and are not giving enough serious credence to the threat of AI as it relates to our elections.”

A limited window

If Congress cannot pass AI legislation this year, it can still try again next year, Gallant said. But it will mean leaving the 2024 elections exposed. And there are risks to extended inaction, as the tech industry barrels forward with AI development faster than policymakers can keep up. And it could also cede the floor to other governments, including in the European Union, which is already poised to ratify a landmark regulation known as the EU AI Act.

“If they don’t pass something, it’ll be just like social media,” an industry that has long escaped regulation, Gallant said. “I suspect what it will take [to regulate AI] is a dramatic and potentially catastrophic, catalyzing event.”

Some of the deadlock could break if Congress finally reached a deal on a nationwide bill guaranteeing every American a fundamental right to digital privacy, said Alan Davidson, a senior Commerce Department official and a top advisor to the White House on telecommunications and technology issues. Last fall, Biden signed a sweeping executive order committing the executive branch to a rapid-fire timeline of tasks in an effort to get in front of AI issues, in what has further highlighted a contrast to Congress.

Many companies and consumer advocates describe a federal privacy bill as vital, low-hanging fruit that would help resolve some of the most basic policy questions around AI, including how data can be used or shared for training AI models.

“Comprehensive privacy legislation is something Congress could act on right now,” Davidson told CNN. “It would make a very big difference in terms of protecting people’s privacy and AI.”

Such a bill has been elusive for years, as Republicans and Democrats have split on the scope and reach of the specifics.

Absent congressional action, the task will fall to other government bodies — such as consumer protection agencies and financial regulators — to try to regulate AI under existing laws, said Sarah Myers West, managing director of the AI Now Institute and a former AI advisor to the Federal Trade Commission.

But, she added, many agencies need more funding to take on the added work, and executive agencies’ reach is increasingly under threat by court challenges, which could make the government’s job of protecting Americans from AI even harder — or dump the problem onto state legislatures."
54877,2024-02-28,W000805,Mark R. Warner,Senate,Intel Chairman Mark R. Warner Applauds EO Protecting Americans’ Sensitive Personal Data,https://www.warner.senate.gov/public/index.cfm/pressreleases?ID=DCEBF64C-9E3F-4720-9C45-3F9FC8B99432,0,0,1,"read in full by 2026-07-08 fork, judged on-topic","WASHINGTON – Today, U.S. Sen. Mark Warner (D-VA), Chairman of the Senate Select Committee on Intelligence, released the following statement on President Biden’s executive order aimed at restricting the sale of American’s sensitive personal data to China, Russia, Iran, North Korea, Cuba and Venezuela, as well as entities with ties to those countries:

“For many years now I have been raising the alarm in Congress regarding the need to protect Americans’ sensitive personal data from being exploited by our adversaries. Countries like China have made it their mission to collect as much sensitive information as possible on Americans. I applaud President Biden for taking these steps to ensure that personal data like precise geolocation information, biometric data, and personal health information cannot be accessed by countries of concern. While I welcome these steps, today’s action does not assuage the need for comprehensive data privacy legislation. I urge my colleagues to come together on legislation that finally protects Americans’ privacy online.”

###"
56828,2024-03-13,D000617,Suzan K. DelBene,House,"TikTok, FISA, AI Debates Underscore Need for National Privacy Law",https://delbene.house.gov/news/documentsingle.aspx?DocumentID=3796,0,1,0,"UNVERIFIED -- broad-phrase match only, never individually read; may be off-topic (e.g. release 11009 confirmed off-topic, about reproductive-health data not APRA)","Today, Congresswoman Suzan DelBene (WA-01) released the following statement on current policy discussions surrounding Americans’ personal information.

“The debates around issues like TikTok, FISA, and AI make painfully clear to Americans how vulnerable their personal information is for collection, misuse, and sale to third parties. The same was true after Roe v. Wade was overturned and people realized their personal health information was vulnerable. Technology has advanced faster than lawmakers can keep up and we are already far behind other countries that are leading the way globally.

“The current Wack-A-Mole approach lawmakers are taking is leaving Americans vulnerable. We need a strong foundational national privacy law so the federal government can both be proactive and respond faster to emerging privacy and security threats. This is how we can put Americans back in control of their personal information.”"
56945,2024-03-13,J000305,Sara Jacobs,House,Rep. Sara Jacobs Votes Against TikTok Ban,https://sarajacobs.house.gov/news/press-releases/rep-sara-jacobs-votes-against-tiktok-ban,0,0,1,"read in full by 2026-07-08 fork, judged on-topic","Rep. Sara Jacobs (CA-51) voted against H.R. 7521, a bill that would functionally ban TikTok in the United States.

Rep. Sara Jacobs said,

“As a member of both the House Armed Services and House Foreign Affairs Committees, I am keenly aware of the threat that PRC information operations can pose, especially as they relate to our elections. However, after reviewing the intelligence, I do not believe that this bill is the answer to those threats. Banning TikTok won’t protect Americans from targeted misinformation or misuse of their personal data, which American data brokers routinely sell and share. This is a blunt instrument for serious concerns, and if enacted, would mark a huge expansion of government power to ban apps in the future. Instead, we need comprehensive data privacy legislation, alongside thoughtful guardrails for social media platforms – whether those platforms are funded by companies in the PRC, Russia, Saudi Arabia, or the United States.

“Taking this unprecedented step also undermines our reputation around the world. We can’t credibly hold other countries to one set of democratic values while giving ourselves a free pass to restrict freedom of speech. The United States has rightly criticized others for censorship and banning specific social media platforms in the past. Doing so ourselves now would tarnish our credibility when it matters most and trample on the civil liberties of 150 million Americans – a vast majority of whom are young Americans – who use TikTok for their livelihoods, news, communication, and entertainment. Ultimately, all Americans should have the freedom to decide for themselves how and where to express themselves and what information they want to consume.”"
57540,2024-03-20,D000617,Suzan K. DelBene,House,Data Broker Legislation Continues Congress’ Privacy ‘Wack-A-Mole’ Approach,https://delbene.house.gov/news/documentsingle.aspx?DocumentID=3800,0,0,1,"read in full by 2026-07-08 fork, judged on-topic","Congresswoman Suzan DelBene (WA-01) released the following statement after today’s data broker legislation (H.R. 7520) vote.

“Last week was TikTok and this week the focus is data brokers. While these bills are well intended and address certain scenarios, they continue Congress’ reactionary Wack-A-Mole approach that isn’t working. The only way to protect Americans’ personal information in our digital age is a strong national data privacy law that sets the rules of the road across the country.”"
59189,2024-04-08,S001145,Janice D. Schakowsky,House,Schakowsky Statement on American Privacy Rights Discussion Draft,https://schakowsky.house.gov/media/press-releases/schakowsky-statement-american-privacy-rights-discussion-draft,1,1,0,high confidence -- exact bill name/ADPPA acronym in text,"WASHINGTON – Today, U.S. Representative Jan Schakowsky (IL-09), Ranking Member of the House Innovation, Data, and Commerce Subcommittee, released the following statement on the bipartisan, bicameral American Privacy Rights Act discussion draft:

“For years, I have worked hard to pass federal data privacy legislation and called on my colleagues in both chambers of Congress to act. Americans feel helpless online. Families across the country are incredibly frustrated that their digital lives have become the currency driving Big Tech profits.

“The proposal put forth by Chairs Maria Cantwell and Cathy McMorris Rodgers represents significant forward momentum and I am encouraged to see this bipartisan movement that builds off the progress made by my Consumer Protection and Commerce Subcommittee and the full Energy and Commerce Committee in the 117th Congress.

“The American people have waited long enough - now is the moment to ensure our constituents have the rights and protections they deserve. I look forward to Committee consideration of this proposal, including debate on how to improve and further strengthen its provisions and ensure all Americans’ data is protected.”

###"
59247,2024-04-09,C001066,Kathy Castor,House,U.S. Rep. Kathy Castor Leads Introduction of Landmark Data Privacy Legislation,https://castor.house.gov/news/documentsingle.aspx?DocumentID=404532,1,1,0,high confidence -- exact bill name/ADPPA acronym in text,"WASHINGTON, D.C. – Today, U.S. Rep. Kathy Castor released the following statement upon introduction of a series of bills to strengthen Americans’ data and privacy online:

“Online apps and tech companies are exploiting our kids and causing harm, so it is urgent that the Congress pass a data privacy law that protects the personal privacy of Americans, especially our children and teens. For many years, I've called out the manipulative and dark practices of Big Tech platforms. I've sounded the alarm about how incessant surveillance and tracking harms young people and how Big Tech platforms use manipulative design to addict kids to their products and repeatedly expose young people to harmful content.

“That is why I have introduced the bipartisan Children and Teens’ Online Privacy Protection Act (COPPA 2.0) to update youth privacy protections online. COPPA 2.0 builds upon current law to strengthen protections related to the online collection, use and disclosure of personal information of children and minors up to age 16. This bill will address the excessive collection and surveillance of youth, ban harmful targeted advertising and prompt Big Tech platforms to provide young people and parents with the tools needed to navigate the online world.

“Addressing youth data privacy is critical, but more action is needed to counter the unscrupulous ways tech platforms addict children and steal their attention. That’s why I am championing the bipartisan Kids Online Safety Act (KOSA) to provide young people and parents with the tools, safeguards, and transparency needed to keep children and teenagers safe online and hold Big Tech companies accountable. KOSA outlaws online practices such as manipulative marketing, amplification of harmful content, and damaging design features that threaten young people online.

“COPPA 2.0 and KOSA will give young people a chance to avoid dangerous online content and situations that have imperiled their lives and privacy. Too many children have died by suicide after being fed repeated pro-suicide online content. Others have been cyberbullied, hurt by dangerous viral challenges or have overdosed on fentanyl-laced drugs purchased on social media. Research has made it clear that our increasingly online world is unsafe for children, with popular apps pushing kids to spend unhealthy amounts of time on their devices and negatively affecting the mental health of teens. It’s past time to take action. The incessant surveillance of children and teens must end, and Congress must institute safeguards to address addictive design features and require transparency of algorithms.

“I am encouraged that leaders in Congress are taking action with the release of the bicameral, bipartisan American Privacy Rights Act discussion draft to address comprehensive data privacy reform. The proposed text minimizes the data that companies can collect and use, provides stronger protections for sensitive data and allows Americans to access or delete their data. For too long, Big Tech companies and data brokers have operated with few checks, constantly surveilling and aggregating our personal and private information for profit. I look forward to working to ensure that we prioritize and maximize protections for our nation’s youth in any comprehensive privacy legislation.

“It is time that the Congress steps up and helps Americans take back control of their own personal, private information- especially that of our kids.”

H.R. 7890, the Children and Teens Online Privacy Protection Act (COPPA) 2.0, was introduced by Representative Kathy Castor (D-FL) and Representative Tim Walberg (R-MI). Companion legislation was introduced in the U.S. Senate by Sens. Ed Markey (D-MA) and Bill Cassidy (R-LA) and marked up in the Senate Committee on Commerce, Science, and Transportation."
59350,2024-04-09,M000934,Jerry Moran,Senate,Sen. Moran Statement on Data Privacy Proposal,https://www.moran.senate.gov/public/index.cfm/news-releases?ID=45BC7009-666A-45B5-BC68-CE80BE3DB8F8,0,0,1,"read in full by 2026-07-08 fork, judged on-topic","WASHINGTON – U.S. Senator Jerry Moran (R-Kan.) today released the following statement on the data privacy proposal announced by Senator Maria Cantwell (D-Wash.) and Congresswoman Cathy McMorris Rodgers (R-Wash.):

“I have long advocated and worked with my colleagues on both sides of the aisle for the enactment of a federal comprehensive data privacy and security law that puts Americans in control of their data and creates clear standards for American businesses that process and use consumers’ personally identifiable data. Such a federal law would help solve ongoing concerns about children’s online data privacy and national security concerns regarding foreign collection of U.S. data, among other issues.

“I am pleased leaders on both the Senate and House Commerce Committees are interested in tackling this critical issue. I expect the Senate Commerce Committee to respond with hearings and produce a bill that protects consumers and fosters an environment which promotes innovators and job creators.”

# # #"
59833,2024-04-12,T000482,Lori Trahan,House,Two Trahan Tech Bills Tapped for Major Bipartisan Data Privacy Hearing,https://trahan.house.gov/news/documentsingle.aspx?DocumentID=3174,1,1,0,high confidence -- exact bill name/ADPPA acronym in text,"WASHINGTON, DC – Next Wednesday, the House Energy and Commerce Committee will host a bipartisan legislative hearing on multiple data privacy and transparency bills, including two pieces of legislation introduced by Congresswoman Lori Trahan (MA-03), a member of the Committee’s Innovation, Data, and Commerce Subcommittee.

“Americans are sick and tired of their data being harvested, sold, and used against them online without any rules or repercussions. It’s long past time to protect people’s privacy and give them power over their own data,” said Congresswoman Trahan. “The DELETE Act and the TLDR Act will achieve that goal by giving consumers the right to have data brokers delete and stop collecting their data while simultaneously simplifying and standardizing the long, complicated terms of service contracts we’re forced to sign just to use an app. I look forward to working with my colleagues on the Committee to advance these bipartisan bills – either as standalone pieces of legislation or part of a bipartisan comprehensive privacy package.”

The hearing will consider Trahan’s bipartisan Data Elimination and Limiting Extensive Tracking and Exchange (DELETE) Act, which she introduced with Congressman Chuck Edwards (R-NC-11) and Senators Bill Cassidy, M.D. (R-LA) and John Ossoff (D-GA). The bicameral legislation would establish a system through which individuals could request that all data brokers delete any personal data collected by the company and prohibit future collection.

Next week’s legislative hearing will also consider Trahan’s Terms-of-service Labeling, Design and Readability (TLDR) Act, which she introduced with Senators Cassidy and Ben Ray Lujan (D-NM). The bipartisan, bicameral legislation would require that online companies make their terms of service contracts more accessible, transparent, and understandable for consumers. A 2012 study found that it would take 76 work days for the average American to read the agreements for the websites and platforms they routinely use, and a 2022 poll found that nearly 9 out of every 10 Americans have agreed to a company’s terms of service without reading the contract first.

Additional proposals scheduled for consideration during the hearing include a bipartisan discussion draft of the American Privacy Rights Act, legislation that resumes the committee’s work on a comprehensive privacy bill that was advanced out of committee during the 117th Congress.

###"
60226,2024-04-16,W000779,Ron Wyden,Senate,Wyden Urges Colleagues to Reject Expanding Warrantless FISA 702 Surveillance,https://www.wyden.senate.gov/news/press-releases/wyden-urges-colleagues-to-reject-expanding-warrantless-fisa-702-surveillance,0,1,0,"UNVERIFIED -- broad-phrase match only, never individually read; may be off-topic (e.g. release 11009 confirmed off-topic, about reproductive-health data not APRA)","Watch a video of Wyden deliver his remarks here

As prepared for delivery

Washington, D.C. — I rise in strong opposition to this FISA bill.

There is a key question here: who should be forced to help their government spy?

The legislation coming from the House gives the government unchecked authority to order millions of Americans to spy on behalf of the government.

Under current law - section 702 of the Foreign Intelligence Surveillance Act - the government can order the telephone companies and email and internet service providers to hand over communications.

This bill expands that power dramatically. It says that the government can force cooperation from, quote, “any other service provider who has access to equipment that is being or may be used to transmit or store wire or electronic communications.”

Now, if you have access to any communications, the government can force you to help it spy. That means anyone with access to a server, a wire, a cable box, a wifi router, a phone, or a computer. Think about the millions of Americans who work in buildings and offices in which communications are stored or pass through.

After all, every office building in America has data cables running through it. These people are not just the engineers who install, maintain and repair our communications infrastructure; there are countless others who could be forced to help the government spy, including those who clean offices and guard buildings. If this provision is enacted, the government could deputize any one of these people against their will, and force them to become an agent for Big Brother.

For example, by forcing an employee to insert a USB thumb drive into a server at an office they clean or guard at night.

This could all happen without any oversight. The FISA Court won’t know about it. Congress won’t know about it. The Americans who are handed these directives will be forbidden from talking about it. And unless they can afford high priced lawyers with security clearances who know their way around the FISA Court, they will have no recourse at all.

Supporters of this provision will say that this doesn’t change the fact that Section 702 only targets foreigners overseas. But if the government thinks that those targets are communicating with people in the United States they could go right to the source – the wifi, the phone lines, the servers that transmit or store those communications. If the government has an interest in those foreign targets, well, the Americans whose communications get collected are out of luck.

Supporters of this provision will also say this was necessary because of a FISA Court opinion. I disagree. That opinion did not gut Section 702. This provision is not necessary. And there certainly is no justification for this vast expansion of surveillance authorities.

Supporters also claim that the provision has a narrow purpose and that the government does not intend to start tapping into every American’s phone line or wifi. But that’s not how this provision is written. And I would say respectfully that anyone who votes to give the government vast powers under the premise that intelligence agencies won’t actually use it is being shockingly naive.

Supporters also point to a handful of exceptions that were tacked on to this provision, excluding things like hotels and coffee shops. Anyone who reads the text will see that these provisions clearly aren’t designed to work. Even the coffee shop exception is meaningless because it wouldn’t cover a company that maintains the coffee shop’s wifi. And the fact that there are a couple random exceptions further proves my point: this provision will force a huge range of companies and individuals to spy for the government.

Supporters have even argued that this bill had to be broadly written because what the government actually wants to do is secret. I don’t accept that Alice-in-Wonderland logic. First, the American people deserve to know when the government can spy on them and when it can’t. If you can’t clearly explain to American voters why you need new powers, then you should not have them. Second, it doesn’t matter what the government might be secretly intending to do with these authorities at the moment. This is a statutory authority that will be in place for years, during which time the government may very well decide to dramatically expand its surveillance activities.

Some of my colleagues say that they are not worried about President Biden abusing these authorities. In that case, how about President Trump? Imagine these authorities in his hands. If you are worried about having a president who lives to target vulnerable Americans, to pit Americans against each other, to find every conceivable way to punish his perceived enemies, you should find this bill terrifying.

This bill expands 702 authorities in other ways. For example, it includes a dramatic increase in the use of Section 702 in vetting travelers to the United States. It requires that the Attorney General enable searches on all travelers – tens of millions of people who come to the United States annually. This is a dragnet search of every work colleague, neighbor and classmate who is here on a visa, every grandparent visiting for a wedding or a funeral.

These are just some of the ways in which this bill expands warrantless surveillance authorities. On top of all that, it fails to reform Section 702 in any meaningful way.

I’ll start with warrantless searches of Americans’ communications swept up in Section 702 collection. Those searches have gone after American protesters, political campaign donors, even people who simply reported crimes to the FBI. The abuses have been extensive and well documented.

Supporters of this bill will argue that the FBI has cleaned up its act. But, even after the FBI made changes to its internal policies, abuses continued, including searches for a U.S. Senator, a state senator, and a state judge who had complained to the FBI about police abuses.

But the broader concern is that without checks and balances, there is nothing preventing a rapid increase of abuses after reauthorization. Supporters of this bill will say that it codifies the FBI’s internal changes. But without checks and balances, what good are those changes?

Reformers have put forward extremely modest, common sense solutions. Warrants would not be required for all U.S. person searches. Reform proposals allow the government to see whether an American was communicating with foreign targets. A warrant is required only when the government wants to read the content of those communications, a situation that arises less than two percent of the time. Our provision also allows for emergency searches and has exceptions for imminent threats of death or injury, pre-existing law enforcement or FISA warrants, consent, and access to malware in cyberattacks.

This modest reform should be debated and voted on in the Senate.

There are other common sense reforms to Section 702 that are not in this bill. For example, it does not protect Americans against reverse targeting and it does not prohibit the collection of domestic communications.

Finally, this bill should have been an opportunity to pass meaningful protections for Americans’ privacy from abusive government subpoenas, targeted at the most vulnerable groups in our society, including women, religious and racial minorities, and LGBTQ+ people.

Fifteen states have now banned abortion, with more on the way. When states enforce bans on reproductive health access, they’ll use everything from location data generated by connected cars and the smartphone in the patient’s pocket, to the google search that the patient used to find the reproductive health facility or online telemedicine service. All of that can be obtained without a court order.

Congress needs to safeguard Americans’ privacy, not give the President NEW surveillance powers. Congress has the time to draft comprehensive privacy and cybersecurity legislation, including 702 reauthorization. Chair Durbin’s SAFE Act and my Government Surveillance Reform Act are both bipartisan reform bills that are ready for consideration.

I want to close with this: This chamber has time to do the right thing. Senators do not need to rubber stamp a disastrous surveillance bill, just because we are once again considering it at the last possible moment.

The FISA Court recently renewed the court’s annual 702 certifications, which authorize surveillance until April 2025. This means there is no need for Congress to rush.

If members insist on extending the authorization, I am even prepared to accept a short-term extension of the existing 702 authority by unanimous consent.

But under no circumstances should the United States Senate be cowed by those who say senators have no choice except to sign off on whatever piece of paper the executive branch requests. Reformers have stood ready and willing since last fall to have this debate. And yet, the status quo crowd wouldn’t pick up the phone until the last possible moment, to ensure this body wouldn’t have time for anything but a last-second vote on this dangerous bill.

The only way this body will have a real debate about reforming government surveillance is by rejecting the House bill and standing up for the Senate’s independence and Americans’ Constitutional rights. Ben Franklin got it right: Americans don’t have to sacrifice liberty for security - The Congress has a duty to deliver laws that give us both.

###"
60340,2024-04-17,T000482,Lori Trahan,House,Trahan Pushes for Stronger Data Privacy and Transparency Provisions in Bipartisan Privacy Package,https://trahan.house.gov/news/documentsingle.aspx?DocumentID=3178,1,0,0,high confidence -- exact bill name/ADPPA acronym in text,"WASHINGTON, DC – Today, Congresswoman Lori Trahan (MA-03), a member of the House Energy and Commerce Committee’s Innovation, Data, and Commerce Subcommittee, highlighted necessary areas of improvement in the discussion draft of the American Privacy Rights Act (APRA), a bipartisan privacy package agreed to by House Energy and Commerce Committee Chair Cathy McMorris Rodgers (R-WA-05) and Senate Commerce, Science, and Transportation Committee Chair Maria Cantwell (D-WA).

CLICK HERE or the image below to watch Trahan’s full line of questioning.

One of the bills discussed in today’s hearing was Trahan’s bipartisan, bicameral Data Elimination and Limiting Extensive Tracking and Exchange (DELETE) Act, which would establish a system through which individuals could request that all data brokers delete any personal data collected by the company and prohibit future collection. The current privacy discussion draft put forward by committee would allow Americans to request that data brokers stop future collection of their data but does not give them the right to have previously collected data deleted.

“The DELETE Act, which I introduced with Congressman Chuck Edwards and Senators Bill Cassidy and Jon Ossoff, would give every American the right to have data brokers delete their data and prohibit future collection. This is a commonsense proposal that’s been discussed before in this committee because of the national security concerns with the way data brokers harvest and sell some of our most sensitive data to the highest bidder, including our foreign adversaries,” Congresswoman Trahan said. “Provisions of the DELETE Act were included in the privacy package that was advanced overwhelmingly out of this committee last Congress. However, I’m concerned that some of the changes to those provisions in the American Privacy Rights Act discussion draft will not fully meet the needs of American users.”

Trahan also pushed for stronger transparency provisions in APRA, including mandating requirements for large technology companies to allow independent researchers to analyze the content moderation, algorithmic, and design actions on platforms to understand impacts on users and compliance with federal laws. Trahan has repeatedly pushed for increased researcher access, including by introducing the Digital Services Oversight and Safety Act that would create an Office of Independent Research Facilitation at the Federal Trade Commission to oversee a system through which independent researchers can study the impacts of covered platforms and their content moderation practices, product design decisions, and algorithms.

“It’s essential to privacy and kids’ safety online that large data holders are transparent about their business practices and are held accountable by third parties. The best way to do that is to require that qualified researchers are able to study how the decisions made by powerful online platforms are complying with the privacy laws we hope to pass in this committee and impacting users,” Congresswoman Trahan continued. “I’ve been working with Senator Coons on language to empower researchers to take a look under the hood of powerful online companies like Meta and Google in a way that allows them to do their work while protecting user privacy and intellectual property.”

During her line of questioning, Trahan applauded inclusion of her TLDR Act in the hearing and provisions of the bill in the bipartisan privacy framework. The TLDR Act, which she introduced with Senators Bill Cassidy (R-LA) and Ben Ray Lujan (D-NM), would require that online companies make their terms of service contracts more accessible, transparent, and understandable for consumers. A 2012 study found that it would take 76 work days for the average American to read the agreements for the websites and platforms they routinely use, and a 2022 poll found that nearly 9 out of every 10 Americans have agreed to a company’s terms of service without reading the contract first.

###"
60438,2024-04-18,B001260,Vern Buchanan,House,Buchanan leads Letter to MedPAC on Artificial Intelligence in Health Care,https://buchanan.house.gov/2024/4/buchanan-leads-letter-to-medpac-on-artificial-intelligence-in-health-care,1,0,0,high confidence -- exact bill name/ADPPA acronym in text,"WASHINGTON – Today, Congressman Vern Buchanan, Vice Chairman of the House Ways and Means Committee and Chairman of the Health Subcommittee, led a letter concerning MedPAC’s guidance on AI and urging them to take several considerations into account as technology’s already unambiguous role in health care expands. Congressman Schweikert (R-AZ) and Congresswoman Steel (R-CA) joined in sending the letter.

The Medicare Payment Advisory Commission (MedPAC) is a congressional agency established by the Balanced Budget Act of 1997 to advise Congress on issues affecting the Medicare program.

Earlier this year, House Ways and Means Committee Republicans held a roundtable on the use of artificial intelligence (AI) in health care. After hearing from Republican members on the committee and the roundtable’s participants, Buchanan was encouraged by the ways health professionals can utilize AI technologies in health care, especially in preventative care measures. To date, MedPAC has not significantly addressed the role and potential benefits of utilizing AI and digital health tools, which have exploded in recent years.

MedPAC’s current approach to AI would effectively punish providers and innovators by not accurately reimbursing them through Medicare. This would also disincentivize the development of breakthrough new digital health tools and technologies that aim to improve health outcomes and control costs.

“I am deeply concerned about MedPAC’s negative and impractical guidance and recent work on digital health (AI) tools,” said Congressman Buchanan. “It is my fear MedPAC is taking marching orders from the Biden administration on AI and providing unhelpful feedback to Congress on how these new products could help lower prices in the Medicare space.”

By law, MedPAC is required to report to Congress each March on the Medicare fee-for-service (FFS) payment systems, the Medicare Advantage (MA) program, and the Medicare prescription drug program (Medicare Part D).

“Artificial intelligence is on the cusp of a revolution that will bring cures to market dramatically cheaper and faster,” said Congressman Schweikert. “Leveraging this emerging technology will help alleviate the stress on our trust funds and help to make Americans much healthier. I urge MedPAC to embrace these innovative solutions that will significantly disrupt the cost of health care and improve patient outcomes for our brothers and sisters who have suffered for far too long.”

“For Medicare to meaningfully transition to value-based care, payment policies need to maximize efficiencies in care delivery and enhance patient safety using digital health tools,” the lawmakers wrote in the letter. “Yet MedPAC’s recommended approach would effectively punish providers for using—and innovators for developing—digital health tools that improve health outcomes and control costs.”

“As a member of the Ways and Means Committee and the bipartisan Congressional AI Task Force, I’m committed to advancing policies that protect American data privacy and intellectual property without stifling innovation and economic development,” said Congresswoman Steel. “MedPAC is following a misguided path of burdensome regulation that will harm American patients and prevent the development of potentially life-saving technologies. They must reevaluate their guidance on digital health tools.”

In addition to being the Vice Chairman and most senior Republican on the powerful U.S. House Ways and Means Committee, Buchanan is also the Chairman of the Health Subcommittee, which has broad jurisdiction over traditional Medicare, the Medicare prescription drug benefit program, and Medicare Advantage.

You can read the full letter HERE or below:

April 18, 2024

Dr. Michael Chernew

Chair

Medicare Payment Advisory Commission

425 I Street NW, Suite 701

Washington, DC 20001

Dear Dr. Chernew,

The Medicare Payment Advisory Commission's (MedPAC’s) history as an independent advisor to Congress on issues affecting the Medicare program has been crucial to our successes. Since its establishment as part of the Balanced Budget Act of 1997, MedPAC has helped Congress ensure the long-term sustainability of Medicare and avoid policies that could negatively impact patient outcomes and the cost-effectiveness of care. Accordingly, we urge MedPAC to take several considerations into account as technology’s already ubiquitous role in health care expands.

MedPAC’s consideration of digital health’s role in health care for elderly Americans must run both broader and deeper. The United States is staring down a persistent physician shortage, which continues to exacerbate health care resources.[1] Now, over 80 percent of Americans have at least one chronic condition, and most have at least two, with increasing disease combinatorial complexity.[2] Given these trends, Medicare’s viability hinges in no small part on whether federal policy allows and prioritizes the use of digital health to execute health care delivery; preventive care strategies; better care coordination; and to minimize data entry by caregivers.

Research shows that digitally enabled preventive care strategies and remote patient monitoring can minimize costs and improve patient outcomes while controlling health care costs.[3] Unfortunately, Medicare rules have acted as barriers to their adoption and proliferation, evidenced by the fact that just 3 percent of Medicare expenditures go toward prevention. The only Medicare program that explicitly pays for preventive care is the Medicare Diabetes Prevention Program (MDPP), which is only inclusive of some virtual delivery capabilities. That MDPP does not permanently support fully virtual diabetes prevention services when all but a few Medicare beneficiaries live too far away from MDPP suppliers’ physical locations to make use of them in person is unfeasible. This is only one example of how far behind Medicare is when it comes to digital health. MedPAC is well positioned to advise Congress on how to appropriately bring Medicare rules more in line with beneficiary and caregiver expectations as they seek to access digital health tools to enhance caregiver efficiency and efficacy, improve healthcare outcomes, and better control costs.

To date, MedPAC has addressed digital health tools only to a limited extent, and with a narrow focus. For example, during its November 2023 public meeting, MedPAC staff gave a presentation on software as a service (SaaS) and prescription digital therapeutics (PDTs) and suggested that Medicare could “require that a manufacturer of a SaaS/PDT provide evidence that its product results in a clinically meaningful improvement for Medicare beneficiaries compared with the standard of care.”[4] This suggestion does not veer from established Medicare guidelines of reasonable and necessary and ignores the potential of SaaS and PDTs role in preventative medicine.

For Medicare to meaningfully transition to value-based care, payment policies need to maximize efficiencies in care delivery and enhance patient safety using digital health tools. Yet MedPAC’s recommended approach would effectively punish providers for using—and innovators for developing—digital health tools that improve health outcomes and control costs. MedPAC has focused on prescribed therapeutics anchoring care through physicians and has ignored the importance of beneficiary driven service assisted by autonomous care. MedPAC needs to better evaluate the flourishing health care technological landscape, which is showing great potential. Specifically, “the early detection of disease through efficient and cost-effective patient data screening tools that benefit from the predictive capabilities of AI” will be crucial to the future of preventative care in the U.S.[5]

MedPAC’s most recent assessment of digital health tools misses some key aspects of their most recent capability and future applicability. First, the standard of care is now often inclusive of digital health tools. Accordingly, a digital health tool that meets the standard of care would be unlikely to show meaningful improvement “compared with” the existing standard of care. Second, patients and caregivers are in the best position to evaluate the relative efficacy of digital health tools against alternatives and may lower costs. As heart failure and diabetes cases continue to skyrocket across the country, it’s critical that patients have access to new and affordable technologies, such as digital health apps, that can help with monitoring their health and keep them out of more expensive settings, like the hospital. Embedding those rigid determinations in payment policy inappropriately limits beneficiaries’ and caregivers’ options, stunting dynamic market mechanisms that would otherwise advance the best options. Third, as the world continues to adopt digital health platforms and apps, MedPAC has not incorporated their ubiquitous use and the critical role they now play for patients, caregivers, and others into their assessment of the health care ecosystem. MedPAC must explore digital health’s role in improving outcomes and lowering costs in the face of an overwhelming evidence base demonstrating these tools’ ability to deliver value to Medicare beneficiaries and providers.

We strongly encourage MedPAC to incorporate digital health tools into future evaluations of Medicare policy recommendations and, in partnership with all stakeholders impacted by Medicare policy, ensure that its evaluations and recommendations related to digital health are inclusive of each of the Quadruple Aims. We want to make sure that as MedPAC stands at the center of healthcare’s evolution, and does not inadvertently stand in the way.

I look forward to your response and thank you for taking these considerations into account.

Sincerely,"
62396,2024-05-06,P000034,"Frank Pallone, Jr.",House,Pallone Hosts Roundtable on Holding Big Tech Accountable and Protecting Americans’ Privacy Online,https://pallone.house.gov/media/press-releases/pallone-hosts-roundtable-holding-big-tech-accountable-and-protecting-americans,0,1,0,"UNVERIFIED -- broad-phrase match only, never individually read; may be off-topic (e.g. release 11009 confirmed off-topic, about reproductive-health data not APRA)","New Brunswick, NJ – Congressman Frank Pallone, Jr. (NJ-06) hosted a roundtable today on holding Big Tech accountable and protecting Americans’ privacy online. Pallone recently led House passage of legislation to prohibit data brokers from selling or otherwise making available Americans’ sensitive information to the People’s Republic of China, North Korea, Russia, and Iran or entities controlled by them.

In addition, Congress passed legislation to force divestment of TikTok from its Chinese Communist Party-controlled parent company ByteDance so that Americans can continue to use the platform without the risk that Chinese Communist officials would be able to use the app to undermine our national security and privacy. President Biden signed the legislation into law on April 24.

Pallone is the Ranking Member of the House Energy and Commerce Committee, which has jurisdiction over technology policy. The Committee is currently considering a bipartisan legislative proposal that would establish comprehensive national privacy protections for Americans’ data, which Pallone has long championed. As part of this effort, Pallone is working to include heightened protections for children’s data.

“National security experts are sounding the alarm and warning that our foreign adversaries are using every tool at their disposal, including apps like TikTok, to amass troves of sensitive data about Americans. We simply cannot allow this to continue. The laws in China allow the Chinese Communist Party to compel companies, like TikTok, to share data with them on demand whether the companies want to or not,” Pallone said. “I strongly support Congress’s decisive action to mitigate our foreign adversaries’ ability to collect Americans’ data and use it against us. Most Americans are unaware that data brokers compile dossiers about their interests, beliefs, finances, and movements. That’s why I fought to include my bipartisan bill in the national security package to protect Americans by barring data brokers from selling their sensitive information to our adversaries. I’m glad we’ve made progress to protect consumers from bad actors, and I’ll continue to fight to build on this progress as we work to pass comprehensive national privacy legislation.”"
67904,2024-06-27,S001145,Janice D. Schakowsky,House,Schakowsky Statement on American Privacy Rights Act,https://schakowsky.house.gov/media/press-releases/schakowsky-statement-american-privacy-rights-act,1,1,0,high confidence -- exact bill name/ADPPA acronym in text,"WASHINGTON – Today, U.S. Representative Jan Schakowsky (IL-09), Ranking Member of the House Innovation, Data, and Commerce Subcommittee, released the following statement on the bipartisan American Privacy Rights Act:

""I am furious that Republican Leadership did the bidding of Big Tech and special interests today and derailed our committee’s bipartisan efforts to protect consumers and pass comprehensive privacy legislation. Americans feel helpless online and the time to act is now.

""I have proudly worked for years with my Energy and Commerce colleagues on both sides of the aisle to protect the data privacy of every American. I am committed to seeing this fight through – we cannot let Big Tech win. Ranking Member Pallone and Chair Rodgers have my full support as we continue our work.

""The American Privacy Rights Act provides foundational data privacy rights for consumers. It is unacceptable to make American families wait any longer.""

###"
75270,2024-09-24,B001243,Marsha Blackburn,Senate,Blackburn Probes Big Tech Platforms After Cox Media Group Admits It Listens to Users’ Phone Conversations,https://www.blackburn.senate.gov/2024/9/issues/technology/blackburn-probes-big-tech-platforms-after-cox-media-group-admits-it-listens-to-users-phone-conversations,0,1,0,"UNVERIFIED -- broad-phrase match only, never individually read; may be off-topic (e.g. release 11009 confirmed off-topic, about reproductive-health data not APRA)","WASHINGTON, D.C. – Today, U.S. Senator Marsha Blackburn (R-Tenn.) sent three letters to the leadership of Cox Media Group and its clients, Google and Meta, following reporting that Cox Media Group admitted to investors that it listens to users’ smartphone microphones using “Active Listening” software.

According to this reporting, Cox Media Group claimed the company targets advertisements based on phone conversations of potential customers and identified specific clients during a slide deck presentation to investors, including Google and Meta. Both Google and Meta have a troublesome history of ignoring consumer privacy.

Cox Media Group Admitted It Uses Artificial Intelligence to Listen to Phone Conversations

“I write today with concerns following recent reporting by the New York Post that Cox Media Group has admitted to investors that it deploys ‘active listening’ software, which uses artificial intelligence to ‘capture real-time intent data by listening to [users] phone conversations.’”

Reporting Confirms Longstanding Concerns Held by Consumers about Online Privacy

“Consumers have long expressed concerns about their privacy in the virtual space and how their data is misused. If this reporting is true, it confirms longstanding suspicions by many consumers that technology and media companies are violating their privacy for profit by marketing products that closely reflect key words or phrases from private conversations. It is imperative that consumers have the ability to clearly opt in and out of features that track their behavior and that they are alerted when these features are deployed. I request a copy of the slide deck presented to investors.”

Blackburn Demands Google and Meta Reveal Extent “Active Listening” Tools Were Deployed on Users

“I am seeking answers regarding Google’s [and Meta’s] relationship with Cox Media Group, the extent to which, if at all, ‘active listening’ tools were deployed on users, the steps Google [and Meta] [are] taking to investigate the products and services from Cox Media Group used by Google [and on Facebook] and the extent to which those products may have violated any applicable privacy policies or user agreements [and users’ privacy].”

BACKGROUND:

Last year, Google settled a $5 billion lawsuit claiming it “secretly tracked the internet use of millions of people who thought they were doing their browsing privately.” This is not the first time Google has seen legal action for violating consumers’ privacy rights. A search engine with the reach of Google must prioritize the privacy of its users and use diligence when handling their data.

In 2019, the Federal Trade Commission (FTC) imposed a $5 billion penalty on Facebook for violating consumers’ privacy. Then-FTC Chairman Joe Simons said of Facebook, “despite repeated promises to its billions of users worldwide that they could control how their personal information is shared, Facebook undermined consumers’ choices.” This long-demonstrated pattern of public reassurances by Meta directly contradicts the company’s record of flagrant disregard for user privacy.

RELATED:

ICYMI: Senator Blackburn Pushes Big Tech For Answers On Their Predatory Privacy Practices

Blackburn, Wicker Introduce Federal Data Privacy Legislation

Clickhere to view the letter to Meta Platforms Chairman and CEO Mark Zuckerberg.

Clickhere to view the letter to Google CEO Sundar Pichai."
83241,2025-01-14,S001145,Janice D. Schakowsky,House,"Schakowsky to Serve as Ranking Member of Commerce, Manufacturing, and Trade Subcommittee",https://schakowsky.house.gov/media/press-releases/schakowsky-serve-ranking-member-commerce-manufacturing-and-trade-subcommittee,0,0,1,"read in full by 2026-07-08 fork, judged on-topic","WASHINGTON - Today, Congresswoman Jan Schakowsky, a Chief Deputy Whip, released the following statement after being named the Ranking Member on the Commerce, Manufacturing, and Trade Subcommittee of the Energy and Commerce Committee:

“It is an honor and a privilege to be able to continue to serve as the top Democrat on the Commerce, Manufacturing, and Trade Subcommittee, formerly known as the Innovation, Data, and Commerce Subcommittee, for the 119th Congress. This Subcommittee has a long and consistent history of bipartisanship and effectiveness and is tasked with protecting American consumers, holding companies accountable, and empowering our federal agencies to better serve our constituents. My political career began as a consumer advocate when I led the successful campaign in 1969 to put freshness dates on products sold in the supermarket. This type of consumer-centered advocacy has guided me throughout my time in Congress.

“For years now, I have worked closely with my friend, Republican Chair Gus Bilirakis (FL-12), to pass legislation that empowers consumers and keeps Americans safe. Together, we have worked in a bipartisan manner to pass the INFORM Consumers Act, which has helped curb the onslaught of dangerous, counterfeit, and stolen products available to Americans shopping on online marketplaces, and the STURDY Act, which is keeping dangerous furniture products that can injure and kill children off the market and out of our homes.

“Last Congress, Chair Bilirakis and I nearly got our bipartisan TICKET Act signed into law which would have restored fairness and transparency to the ticketing marketplace. This Congress, we are looking forward to getting this bill over the finish line. Further, I would still like to see a bipartisan bill that would protect consumers’ online data privacy and ensure America’s global competitiveness. There is a lot of work to do to protect consumers from dangerous businesses and products, and I am ready to get back to work.”

###"
86902,2025-02-05,D000617,Suzan K. DelBene,House,DelBene Demands Answers on Musk Meddling in Americans’ Private Data,https://delbene.house.gov/news/documentsingle.aspx?DocumentID=4030,0,1,0,"UNVERIFIED -- broad-phrase match only, never individually read; may be off-topic (e.g. release 11009 confirmed off-topic, about reproductive-health data not APRA)","Today, Congresswoman Suzan DelBene (WA-01) and fellow Ways and Means Committee Democrats demanded answers from the Trump administration regarding Elon Musk and his Department of Government Efficiency’s (DOGE) unlawful access to confidential taxpayer data and other sensitive personal information of millions of Americans.

The Treasury Department’s payment system contains a broad swath of sensitive data, including taxpayers’ names, addresses, Social Security numbers, and the amount of tax refunds, all of which is confidential and protected by the law. Unauthorized disclosure of tax returns or return information is a felony under Section 6103 of the Internal Revenue Code and is punishable by a fine of up to $5,000, or imprisonment of up to 5 years, or both.

“It is both unclear and unsettling why DOGE would be privy to this sensitive payment system and confidential taxpayer information. It is alarming that DOGE will decide whether and when hard-working American families will receive their tax refunds and may even pick and choose among them,” the lawmakers wrote in a letter to Treasury Secretary Scott Bessent.

DelBene has long-been a privacy advocate, authoring a comprehensive federal data privacy bill over the previous several Congresses.

Referencing two Nixon executive orders, the lawmakers concluded, “President Trump’s DOGE’s Executive Order is history repeating itself.”

The full text of the letter is available here.

The lawmakers demanded answers in writing to the following questions:

How many times did DOGE request confidential taxpayer information protected under Section 6103 or request access to systems that contain information provided by the Internal Revenue Service (including social security numbers, bank accounts, addresses, taxable income, and the amount of tax refunds)? Please provide the name of the requester, the date of the request, a description of the data sought, the name of the system, and a copy of all correspondence soliciting such information by DOGE.

How many times has DOGE received confidential taxpayer information protected under Section 6103 or access (including continuous) to systems that contain such information? Please provide the name of the recipient, the date(s) such information or access was provided, the name of the system, and a description of the information provided along with any correspondence sent to DOGE regarding such information."
101053,2025-05-09,R000605,Mike Rounds,Senate,Rounds Introduces Bill to Extend Cybersecurity Information Sharing Act to Prevent Cyber Security Threats,https://www.rounds.senate.gov/newsroom/press-releases/rounds-introduces-bill-to-extend-cybersecurity-information-sharing-act-to-prevent-cyber-security-threats,0,1,0,"UNVERIFIED -- broad-phrase match only, never individually read; may be off-topic (e.g. release 11009 confirmed off-topic, about reproductive-health data not APRA)","WASHINGTON – U.S. Senators Mike Rounds (R-S.D.), Chairman of the Senate Armed Services Committee’s Subcommittee on Cybersecurity, and Gary Peters (D-Mich.) introduced a bipartisan bill to extend the Cybersecurity Information Sharing Act (CISA) of 2015 for an additional ten years.

CISA, signed into law in 2015, incentivizes companies to voluntarily share cybersecurity threat indicators, such as software vulnerabilities, malware or malicious IP addresses, with the Department of Homeland Security (DHS). This protects Americans’ personal information and makes certain that both the federal government and companies can take collaborative steps to prevent data breaches or attacks from cybercriminals and foreign adversaries.

“The Cybersecurity Information Sharing Act of 2015 has been instrumental in strengthening our nation's cyber defenses by enabling critical information sharing between the private sector and government,” said Rounds. “Allowing this legislation to lapse would significantly weaken our cybersecurity ecosystem, removing vital liability protections and hampering defensive operations across both the defense industrial base and critical infrastructure sectors.”

“As cybersecurity threats grow increasingly sophisticated, information sharing is not just valuable—it remains essential for our national security,” said Peters. “For the past ten years, these critical protections have helped to address rapidly evolving cybersecurity threats, and this bipartisan bill will renew them so we can continue this collaborative partnership between the private sector and government to bolster our nation’s cybersecurity defenses against a wide range of adversaries.”

Click HERE to read full text of the bill.

BACKGROUND:

Since it was first enacted ten years ago, the Cybersecurity Information Sharing Act of 2015 has been instrumental in fostering collaboration between industry leaders and federal agencies, enabling the identification and mitigation of cybersecurity threats. Protection from legal or regulatory punishment in the legislation has encouraged private sector organizations to voluntarily share information about cybersecurity threats, providing valuable insights into malicious cyber activities and strengthening our nation’s ability to respond to cyberattacks. Information sharing about security flaws also helps prevent significant breaches and helps CISA support victims of attacks as they recover. The legislation also established comprehensive privacy protection to prevent individuals’ personally identifiable information (PII) from being included in threat information reports.

In recent years, these information sharing protections have been used to help address the SolarWinds cyberattack, operations like Volt Typhoon and Salt Typhoon, and to alert federal agencies to ongoing attacks from Russia, China, Iran, North Korea and other attackers. This threat information is also often shared widely with state and local governments, and critical infrastructure sectors through the Cybersecurity and Infrastructure Security Agency’s (CISA’s) Joint Cyber Defense Collaborative and various Information Sharing and Analysis Centers, or ISACs – making certain communities throughout the nation and businesses across a range of industries are informed of ongoing cybersecurity threats.

###"
102675,2025-05-21,T000482,Lori Trahan,House,"During AI Hearing, Trahan Blasts GOP’s Massive Giveaway to Big Tech",https://trahan.house.gov/news/documentsingle.aspx?DocumentID=3591,0,1,0,"UNVERIFIED -- broad-phrase match only, never individually read; may be off-topic (e.g. release 11009 confirmed off-topic, about reproductive-health data not APRA)","WASHINGTON, DC – Today, during a House Energy and Commerce Committee hearing, Congresswoman Lori Trahan (MA-03) blasted House Republicans for supporting a ten-year moratorium on state legislation to protect Americans from harms caused by artificial intelligence (AI). The ban was included in the GOP’s reconciliation package passed by the Committee last week and set to be considered on the House floor as soon as today.

CLICK HERE or the image below to view Trahan’s remarks during the Committee’s consideration of reconciliation legislation. A transcript is embedded below.

“Under Republican leadership, this committee has failed time and time again to protect Americans’ privacy and safeguard our children online. GOP leaders have blocked whistleblower protections for tech workers who risk their livelihoods to shine a light on their employers' privacy abuses. They killed comprehensive privacy legislation to minimize data collection and ensure proper use. They said no to simple transparency legislation so independent auditors could make sure Big Tech companies aren’t breaking the law,” Congresswoman Trahan said. “But what Republican members of this committee did find time to do last week – in the middle of the night by the way – is force through an unprecedented giveaway to the tech industry: A ten-year ban on state laws that could make AI safer for our constituents.”

Last week, the House Energy and Commerce Committee marked up House Republicans’ reconciliation package that will cut $715 billion from Medicaid and eliminate health coverage for at least 13.7 million Americans. Included in that bill is a provision that would ban states from creating or implementing laws to limit potential harms of AI, effectively allowing Big Tech companies to deploy a rapidly changing technology without any accountability for its negative impacts.

During debate over the legislation, Trahan spoke in support of an amendment filed by House Energy and Commerce Committee Ranking Member Frank Pallone, Jr. (NJ-06) to strike the 10-year moratorium on state AI regulation. Every Republican on the committee voted against the amendment, preserving the provision in the bill. In response to Republicans’ ban on AI regulation and its passage out of the Committee, hundreds of civil liberties and consumer protection organizations, as well as a bipartisan group of over 40 state Attorneys General, have expressed strong opposition, describing the harmful impact the ban would have on consumers by depriving them of rights duly provided by state legislatures.

“Make no mistake. The families who have come to this committee and begged for us to act won’t benefit from this proposal, but you know who will? The Big Tech CEOs who were sitting behind Donald Trump at his inauguration,” Congresswoman Trahan continued.

----------------------------------------

Congresswoman Lori Trahan

Remarks As Delivered

House Energy and Commerce Committee Hearing on “AI Regulation and the Future of US Leadership”

May 21, 2025

I thank the Ranking Member for yielding.

Under Republican leadership, this committee has failed time and time again to protect Americans’ privacy and safeguard our children online.

GOP leaders have blocked whistleblower protections for tech workers who risk their livelihoods to shine a light on their employers' privacy abuses. They killed comprehensive privacy legislation to minimize data collection and ensure proper use. They said no to simple transparency legislation so independent auditors could make sure Big Tech companies aren’t breaking the law.

But what Republican members of this committee did find time to do last week – in the middle of the night by the way – is force through an unprecedented giveaway to the tech industry: A ten-year ban on state laws that could make AI safer for our constituents.

Make no mistake. The families who have come to this committee and begged for us to act won’t benefit from this proposal, but you know who will? The Big Tech CEOs who were sitting behind Donald Trump at his inauguration.

Now, we can agree that a patchwork of various state laws is not good for innovation, for business, or consumers. But this is a bad policy because it sets another disincentive for us to act urgently or even in time. All the while, Republicans are once again ceding Congress’s duty to protect Americans’ privacy to the very companies who are perpetrating the worst abuses online.

You’re basically inviting the fox into the hen house.

And you’re doing so under the justification that this will somehow motivate Congress to unify the patchwork of state laws currently in existence. But that hasn’t happened yet.

Just look at what happened to the privacy bill that we crafted together on this committee. The moment that Big Tech started lobbying against it, the Republican Speaker and the Majority Leader caved. They killed the bill. And now you turn around and try to deceive the American people into accepting this ridiculous alternative?

Come on. Our constituents aren’t stupid. They want real action from us to rein in the abuses of tech companies, not to give them blanket immunity to abuse our most sensitive data even more.

At the same time, our Republican colleagues are complaining about Europe’s tech laws, which we can acknowledge are imperfect. But at least they had the guts to do something – literally anything – to make the internet better for the folks they represent. Shame on us if we don’t answer the same demands from the American people.

I urge my colleagues to reject this giveaway to the same Big Tech companies that have stymied every attempt at updating our privacy laws. I want to urge my colleagues to vote no on the partisan reconciliation bill when the same leaders who killed our bipartisan privacy legislation bring it to the floor.

And let’s just get to work in a bipartisan way to foster innovation and protect our constituents with sensible guardrails on Big Tech. Thank you. I yield back.

###"
105368,2025-06-11,D000563,Richard J. Durbin,Senate,Durbin Delivers Opening Statement In Senate Judiciary Committee Hearing On The Privacy & National Security Implications Of The 23andMe Bankruptcy,https://www.durbin.senate.gov/newsroom/press-releases/durbin-delivers-opening-statement-in-senate-judiciary-committee-hearing-on-the-privacy-and-national-security-implications-of-the-23andme-bankruptcy,1,1,0,high confidence -- exact bill name/ADPPA acronym in text,"WASHINGTON – U.S. Senate Democratic Whip Dick Durbin (D-IL), Ranking Member of the Senate Judiciary Committee, today delivered an opening statement at a Senate Judiciary Committee hearing entitled “23 and You: The Privacy and National Security Implications of the 23andMe Bankruptcy.” Today’s hearing will examine the bankruptcy of 23andMe, Inc., and the potential sale of the company’s database of customers’ personal genetic information. The hearing also will provide an opportunity to examine policy and ethical issues associated with the collection and use of personal genetic information, the need for a comprehensive federal data privacy law in the United States, and the treatment of consumer data privacy in the bankruptcy process.

Key Quotes:

“In short, 23andMe has access to deeply personal information about you and your health. Information that you would normally want to keep private—between you, your family, and your doctor. Yet no federal law—no federal law—prevents 23andMe from sharing this data with others, including insurance companies, future employers, and law enforcement. Rather, a patchwork of state laws and [23andMe’s] privacy policy are the only things protecting the genetic information of millions of Americans.”

“If 23andMe’s customers are anything like [their] fellow Americans, they likely didn’t read this privacy policy. According to a survey by the Pew Research Center, more than half of Americans say they always, almost always, or often agree with privacy policies without ever reading them. Who can blame them?”

“When 23andMe filed for bankruptcy on March 23, a lot of people suddenly became interested in that privacy policy. Because, buried in the fine print of their privacy policy is the following, listen carefully: ‘If we are involved in a bankruptcy, merger, acquisition, reorganization, or sale of assets, your Personal Information may be accessed, sold or transferred as part of that transaction.’”

“So 23andMe’s 15 million customers were left wondering: Who is going to get access to my genetic information? What are they going to do with it? What rights do I have to stop it?”

“Thankfully, 23andMe’s privacy policy gave its customers the right to delete their data upon request. And millions have done so—so many, in fact, that 23andMe’s website crashed with the traffic. But again, this wasn’t required by federal law.”

“There are very few federal guardrails to protect your most sensitive data, including your DNA and who can share it. It’s time for Congress to put some protections in place for Americans.”

“The American people deserve to have faith that their sensitive information will be in—and stay in—the right hands before they agree to share it. Yet, nearly 20 years after 23andMe came on the scene and at least that long since the surveillance industrial complex started taking over the Internet, America still lacks a comprehensive federal law to protect our privacy.”

“There have been signs of hope, including in 2022 when the American Data Privacy and Protection Act passed the House Energy and Commerce Committee by a broad, bipartisan vote of 53-to-2. But the American people are still waiting.”

Video of Durbin’s opening statement is available here.

Audio of Durbin’s opening statement is available here.

Footage of Durbin’s opening statement is available here for TV Stations.

-30-"
105374,2025-06-11,D000563,Richard J. Durbin,Senate,Durbin Questions Witnesses In Senate Judiciary Committee Hearing On The Privacy & National Security Implications Of The 23andMe Bankruptcy,https://www.durbin.senate.gov/newsroom/press-releases/durbin-questions-witnesses-in-senate-judiciary-committee-hearing-on-the-privacy-and-national-security-implications-of-the-23andme-bankruptcy,0,1,0,"UNVERIFIED -- broad-phrase match only, never individually read; may be off-topic (e.g. release 11009 confirmed off-topic, about reproductive-health data not APRA)","WASHINGTON – U.S. Senate Democratic Whip Dick Durbin (D-IL), Ranking Member of the Senate Judiciary Committee, today questioned witnesses during a Senate Judiciary Committee hearing entitled “23 and You: The Privacy and National Security Implications of the 23andMe Bankruptcy.” Today’s hearing examined the bankruptcy of 23andMe, Inc., and the potential sale of the company’s database of customers’ personal genetic information. The hearing also provided an opportunity to examine policy and ethical issues associated with the collection and use of personal genetic information, the need for a comprehensive federal data privacy law in the United States, and the treatment of consumer data privacy in the bankruptcy process.

Durbin began by asking Joe Selsavage, Interim CEO & Chief Financial & Accounting Officer at 23andMe, about 23andMe’s privacy policy and the need for a federal data privacy law to ensure individuals’ sensitive information is subject to a minimum degree of protection.

“So, it seems to me that 23andMe tried, Mr. Selsavage, to come up with a policy to protect its consumers,” Durbin said. “But there is little to guarantee that the next buyer or the one after that won’t abuse that policy, is there?”

Mr. Selsavage responded, “23andMe has required as part of the sale of the assets of the company that any buyer of the company must comply and adopt the privacy policy and consents that 23andMe has in place today.”

Durbin pushed back, saying, “What I am suggesting to you is that two or three buyers removed, your best intentions don’t mean much, do they?”

Mr. Selsavage repeated his first response noting that 23andMe has required as part of the sale of the company that any buyer must comply and adopt the privacy policy and consents that 23andMe has in place today.

Durbin responded, “Unless we have a federal law relative to this issue that applies to future transactions, your best intentions don’t mean much.”

Durbin then asked Glenn Cohen, Professor of Law at Harvard Law School and Director of the Petrie-Flom Center for Health Law Policy, about the best-selling book called The Immortal Life of Henrietta Lacks. It tells the story of an African American woman who died in 1951 of cervical cancer. A sample of her tumor generated what is known as the HeLa cell line. That cell line was mass-produced and sold to laboratories all over the world. It has been used in scientific research, including research into cancer, the human genome, and the development of the polio vaccine. It’s still being used today. Famously, Henrietta Lacks never consented to the use of her cells in this way. And, despite the vast sums of money the cell line has generated, her family has never seen a dime of those profits.

“Part of what is being sold by 23andMe is a collection of biological samples submitted by consumers who wanted their DNA examined. They may have consented to some use of their samples, but I question how informed it actually was,” Durbin said. “And there’s no guarantee a new owner won’t change how those samples are used. Are you familiar with this story? Is there anything we can learn from it in this application?”

Professor Cohen said he was familiar with this story, responding, “[We can learn the] importance of affirmative consent. And again, affirmative consent that can explain, as much as possible, what you want to do with the material. And again, we still haven’t heard an answer in why, at this stage, they are not going back to all of their customers and asking, ‘can you consent to the transfer of your data to this new buyer?’ It is a very simple thing that the company could do. Why aren’t they doing it?”

Durbin then directed Professor Cohen’s question to Mr. Selsavage: “Why aren’t you doing it [going back to all of their customers and asking, ‘can you consent to the transfer of your data to this new buyer?’]? Mr. Selsavage?”

Mr. Selsavage said that 23andMe believes that they have obtained consent from their customers when they signed up for the service.

Durbin noted that what Professor Cohen is suggesting is that there is more that could be done to protect 23andMe’s consumers. Mr. Selsavage responded, “I can take that back to our team.”

Durbin concluded by asking Brook Gotberg, Professor of Law at Brigham Young University Law School, about the need for a federal data privacy law to ensure individuals’ sensitive information is subject to a minimum degree of protection.

“I guess my conclusion from your testimony was the bankruptcy code really didn’t envision what we were talking about?” Durbin said. “And what you say is, in your testimony, ‘current bankruptcy law provides some oversight that can prevent the worst privacy policy abuses in a bankruptcy sale, but it does not prohibit the sale from taking place. Placing a prohibition on bankruptcy sales would simply push them outside bankruptcy proceedings where there are fewer protections. The best policy would make any restrictions on the sale of personal consumer data universally applicable. It’s time for us to legislate, isn’t it?”

Professor Gotberg responded, “If you want to protect consumers from having their personal consumer data bought and sold, you need to do that.”

Video of Durbin’s questions in Committee is available here.

Audio of Durbin’s questions in Committee is available here.

Footage of Durbin’s questions in Committee is available here for TV Stations.

-30-"
105395,2025-06-11,K000367,Amy Klobuchar,Senate,Klobuchar Raises Concerns on Genetic Data Privacy at Senate Judiciary Hearing On 23andMe,https://www.klobuchar.senate.gov/public/index.cfm/news-releases?ID=8C2F0790-5003-4462-9B2A-C2EA4D2BAD4C,0,1,0,"UNVERIFIED -- broad-phrase match only, never individually read; may be off-topic (e.g. release 11009 confirmed off-topic, about reproductive-health data not APRA)","WATCH KLOBUCHAR’S FULL QUESTIONS HERE

WASHINGTON - U.S. Senator Amy Klobuchar (D-MN), Ranking Member of the Senate Judiciary Subcommittee on Privacy, Technology, and the Law, raised concerns about what will happen to the genetic data collected by 23andMe following the company’s bankruptcy during a hearing titled “23 and You: The Privacy and National Security Implications of the 23andMe Bankruptcy.”

“It is my belief that the privacy policies [of 23andMe] aren't meeting the privacy needs of consumers during bankruptcy. That's why I've worked with Senator Cornyn. I appreciate his leadership, and Grassley to give consumers control over their genetic data with our bill, Don't Sell My DNA Act,” said Klobuchar.

Testifying at the hearing was Joe Selsavage, Interim CEO at 23andMe; I. Glenn Cohen, Professor of Law, Harvard Law School; Brook Gotberg, Professor of Law, BYU Law; Adam Klein, Director, Strauss Center for International Security and Law.

A rough transcript of Klobuchar’s questions is available below. Video is available HERE.

Klobuchar: Thank you. I think I'll start by following up with Senator Blackburn's good questions. And by the way, thank you, Mr. Klein, for mentioning the need for a general privacy bill, which we badly need.

So, on this deletion issue, it's my understanding that 1.3 million consumers asked 23andMe to delete their genetic data. Many faced technical issues. So, how long is the backlog right now, and what are you doing to make sure all the requests are fulfilled?

Joseph Selsavage: Senator, the good news is that today, there is no backlog, that we are current on all of the deletion requests. What did occur, you know, is when we filed for bankruptcy. And you know, many state attorneys general requested, or suggested, to consumers that they delete their data at 23andMe. We did receive a significant amount of deletion requests. We quickly added additional staff, and you know, basically were able to reduce that backlog.

Klobuchar: Will you commit to ensuring that consumers will retain their right to have their genetic data deleted after the bankruptcy sale is completed, by making deletion rights a condition of the sale?

Selsavage: Both of the bidders, and you know, the bankruptcy sale of 23andMe, both Regeneron and TTAM Research Institute, have agreed to adopt the policies of 23andMe, the privacy policy.

Klobuchar: So the answer is yes?

Selsavage: So, you know the answer is yes.

Klobuchar: Okay, during the bankruptcy process, how has 23andMe insured consumers could decide how information is used and for what purposes? That's what your, that's what your website has promised consumers.

Selsavage: Our consumers consent, not only to a terms of service, a privacy policy, there are also separate consents for our customers to, if they so choose, to engage in research at 23andMe. And yet, and then a separate consent to allow us to engage with research with third parties. And you know, we make sure that customers have the right to actually opt in. We don't default those. Customers are actually clicking 'yes' to indicate that they want to conduct or enable their data to be used for research purposes. Many customers understand these are important for understanding disease and genetic conditions, and life-saving medical treatments.

Klobuchar: Thank you. Professor Cohen, it's my belief that the privacy policies aren't meeting the privacy needs of consumers during bankruptcy. That's why I've worked with Senator Cornyn. I appreciate his leadership, and Grassley to give consumers control over their genetic data with our bill, Don't Sell My DNA Act. Why is it so important that we require consent from the consumer before their genetic data is sold to another company with which they have no prior relationship?

Professor I. Glenn Cohen: People are engaged in a trust relationship. You know, if my father gave me access to his medical records and said, “Son, I want you to look at this and be careful with this.” And I went ahead and said, “Let me give it to somebody else” without asking my dad, you'd look askance at what I was doing. The same thing is happening here. They're essentially transferring data and transferring a trust relationship to a new entity, and people have the right to know who they're dealing with and a right to consent to it.

Klobuchar: Do you believe that the right to control one's personal genetic information should take precedence over maximizing returns for creditors in a bankruptcy proceeding?

Cohen: Well, I think that it would be nice for the creditors to get paid. Senator, in this instance, I think this information is so sensitive and so important, it's really important to protect people's information.

Klobuchar: Okay, thank you. And Professor Gotberg, do you believe that the current Consumer Privacy Ombudsman system in bankruptcy proceedings is sufficient to protect consumers' most sensitive information?

Professor Brook Gotberg: So, the Consumer Privacy Ombudsman is appointed to help the court in weighing the costs and the benefits of any particular sale of assets. If you permit personal consumer data to be sold outside of bankruptcy, it's permissible inside of bankruptcy as well. And so the Consumer Privacy Ombudsman is just trying to weigh what would be the negative effects of that sale. Without an understanding of the price of privacy, so to speak, that's a very hard balancing act to perform. To my knowledge, there's been no final litigation to determine what the damages would be for an individual to have their privacy violated in that way. So it makes it really hard for the Consumer Privacy Ombudsman to have an effective role there.

Klobuchar: Okay, and sort of to end where I began with Mr. Klein's point. Why is it so important that Congress enact a comprehensive privacy law?

By the way, the same companies that were lobbying against one, because I'm also on the Commerce Committee, say, 10 years ago, now want one because of the patchwork of laws that we now have in our states. Which is very predictable, which I hope people will realize that we should need some AI rules of the road in place and tech rules of the law in place. And it's just the worst that people just think they can lobby against things, and then all of a sudden they're like, “oh no.” So, tell me why we need a privacy law and how that would have helped here.

Gotberg: So, a greater predictability for companies when they're entering into agreements with consumers would be, is always beneficial. So if companies know what the legal limitations are, then they can take that into account, and creditors can take that into account whether an asset will be available before lending to the, to the debtor. So it's important to have that law in place inside and outside bankruptcy.

###"
112264,2025-07-30,K000367,Amy Klobuchar,Senate,Klobuchar Opening Remarks on Protecting Online Data,https://www.klobuchar.senate.gov/public/index.cfm/news-releases?ID=AE7B4F17-718E-47B9-9D1A-C8B2D1B94D32,0,1,0,"UNVERIFIED -- broad-phrase match only, never individually read; may be off-topic (e.g. release 11009 confirmed off-topic, about reproductive-health data not APRA)","WASHINGTON – U.S. Senator Amy Klobuchar (D-MN), Ranking Member of the Senate Judiciary Subcommittee on Privacy, Technology, and the Law, delivered the following opening statement at the subcommittee hearing titled “Protecting the Virtual You: Safeguarding Americans' Online Data.”

Testifying at the hearing was Alan Butler, Executive Director and President of the Electronic Privacy Information Center; Samuel Levine, Senior Fellow at the UC Berkeley Center for Consumer Law & Economic Justice; Kate Goodloe, Managing Director at the Business Software Alliance; Paul Martino, General Counsel at the Main Street Privacy Coalition; and Joel Thayer, President of the Digital Progress Institute.

A rough transcript of Klobuchar’s full opening statement is available below and a video can be downloaded here.

Senator Klobuchar: Well. Thank you very much, Chair Blackburn, and thank you to all of our witnesses, and I'm really grateful for your leadership on these issues, Madam Chair, and your willingness to work with me and Senator Blumenthal and many others.

We all know new technologies have made it easier for people to monitor their health, collaborate with colleagues, communicate with loved ones, and more. But federal law doesn't do enough, as we all know, to address the privacy that comes with these innovations, the privacy concerns.

Technology companies collect an enormous amount of personal information about our daily lives. They know what we buy, who our friends are, where we live, where we work and travel, even how much we would be willing to pay for something. Yet, for too long, the big tech companies, many of which dominate the market that they operate in, have been telling American consumers, “Just trust us,” even though their business models are designed to collect personal information and to use it for profit.

The bottom line is that we are the product, we are, and that's how many tech companies make their money, and a lot of it. In 2024, Google and Meta earned a combined $420 billion in advertising revenues alone. And they made a lot more money because Americans lack privacy protections. An American’s data earned Meta $68 in a single quarter last year. Think about that, all these people who don't realize that they're being tracked. But a European Facebook user with a comprehensive privacy protection only generated $23, and that money can be used for a lot of other things that people need right now.

And it seems like every day we hear a new story about companies playing fast and loose with data and taking advantage of customers. Earlier this year, a whistleblower from Facebook, now Meta, testified to another subcommittee about how the company would track users so closely that it could identify when teenage girls felt emotionally vulnerable and then target them with ads exploiting these emotions. For example, when a teenage girl would delete a selfie, Facebook might serve her an ad for diet products.

Criminals also view huge troves of data as attractive targets for hacking. We've seen major data breaches ranging from the 2017 Equifax database breach that exposed sensitive financial information from more than 140 million individuals to the hack of Change Healthcare, affecting 190 million people and causing more than 100 electronic systems vital to the U.S. health care system to be shut down.

On my way here, I was on the phone with the mayor of St. Paul, Minnesota, because they, like so many other jurisdictions, are responding to a targeted cyber-attack on their IT infrastructure, which has shut down some of the city's digital services and may have compromised city employee data.

Once in the hands of criminals, data can be used for everything from identity theft to more serious crimes. And we all learned too tragically with the horrific murders in my state of my good friend Melissa Hortman, the former Speaker of the House, and her husband Mark how accessible personal data is, including people's addresses, because the murderer only killed the people and went to the houses of the people whose addresses he had.

Businesses are also using personal data collected across the internet in novel ways, such as to set individualized prices designed to increase costs for consumers.

Should a person, and this is a question we have to ask as Senators, really have to submit to this kind of intrusive data collection just to send a message to a friend online, to book a flight, or to order some diapers? I don't think so.

That's why more than 20 states have stepped in. I suspect today we'll hear from some of our witnesses about the patchwork of state laws. I agree it's a problem, but I believe we should have passed privacy legislation many, many years ago. I advocated for it back then. We tried, and in fact, in [2024], I [worked on] a comprehensive privacy bill with Senator Cantwell and Kathy McMorris Rogers, a former Republican House member. The bill would have required companies to collect only the information necessary to provide the goods and services that consumers sought, ensured consumers consented before their personal data was shared with third parties, and put consumers in control of their data by allowing them to access, correct, and even delete personal data.

But many of the businesses that today complain about the burden of complying with the patchwork of state laws, I have the advantage of having been there then, even before Maria Cantwell's bill was introduced, when the companies were lobbying against a federal privacy law, and now they're back complaining about the patchwork of laws. And I would like to change that, but I do think it's important to know that's why we're in the position that we are and to understand why some of these states are looking at this going, “Wait a minute.”

The need for federal privacy reform is even more urgent as AI continues to expand its role in to our lives. Data is both the gasoline and the engine for AI models. That means that demand for our data is skyrocketing, so it is critical that we set guardrails to ensure the data that powers AI is responsibly sourced and used for legitimate means and protected when you want to have it protected.

Luckily, there is a bipartisan agreement that Congress needs to act. The Commerce Committee, on which Chair Blackburn and I also sit, has seen strong bipartisan, bicameral proposals for federal privacy reform. Not everyone agrees with all of them, but there has been some start out of that committee, and I look forward to hearing from our witnesses about why we need these guardrails now.

Thank you, Senator Blackburn.

###"
112403,2025-07-31,B001243,Marsha Blackburn,Senate,VIDEO: Blackburn Holds Hearing on Protecting Americans’ Privacy Online,https://www.blackburn.senate.gov/2025/7/technology/video-blackburn-holds-hearing-on-protecting-americans-privacy-online,0,1,0,"UNVERIFIED -- broad-phrase match only, never individually read; may be off-topic (e.g. release 11009 confirmed off-topic, about reproductive-health data not APRA)","WASHINGTON, D.C. – U.S. Senator Marsha Blackburn (R-Tenn.) chaired a Senate Judiciary Subcommittee on Privacy, Technology, and the Law hearing, where she examined how a national data privacy framework can protect Americans’ personal information across state lines, empower consumers, and promote responsible innovation:

Click here to download video of Senator Blackburn’s opening remarks during the Senate Judiciary subcommittee hearing.

Click here to download video of Senator Blackburn’s questions during the Senate Judiciary subcommittee hearing.

Americans Are Vulnerable without a National Data Privacy Framework

Senator Blackburn: “The absence of a comprehensive national data privacy framework has left millions of Americans vulnerable... For years now, I have been clear we need a national privacy standard that is comprehensive and enforceable. One that empowers consumers, promotes innovation and ensures accountability. It should prioritize transparency, minimize data collection and provide meaningful consent, not just a box to check.”

Senator Blackburn Has Led the Fight to Protect Americans in the Virtual Space"
112665,2025-08-01,H000273,John W. Hickenlooper,Senate,"Hickenlooper, Capito Reintroduce Bipartisan Bill to Boost AI Standards, Create Guidelines for Third-Party Evaluations of AI",https://www.hickenlooper.senate.gov/press_releases/hickenlooper-capito-reintroduce-bipartisan-bill-to-boost-ai-standards-create-guidelines-for-third-party-evaluations-of-ai/,0,1,0,"UNVERIFIED -- broad-phrase match only, never individually read; may be off-topic (e.g. release 11009 confirmed off-topic, about reproductive-health data not APRA)","Auditors would verify risk management claims of AI companies and compliance with AI guardrails

WASHINGTON –U.S. Senators John Hickenlooper and Shelley Moore Capito reintroduced their bipartisan Validation and Evaluation for Trustworthy Artificial Intelligence (VET AI) Act. The bill directs the National Institute of Standards and Technology (NIST) to work with federal agencies and stakeholders across industry, academia, and civil society to develop detailed specifications, guidelines, and recommendations for third-party evaluators to work with AI companies to provide robust independent external assurance and verification of how their AI systems are developed and tested.

“The horse is already out of the barn when it comes to AI. The U.S. should lead in setting sensible guardrails for AI to ensure these innovations are developed responsibly to benefit all Americans as they harness this rapidly growing technology,” said Hickenlooper, Ranking Member of the Senate Commerce Committee’s Subcommittee on Consumer Protection, Technology, and Data Privacy.

“The VET AI Act is a commonsense bill that will allow for a voluntary set of guidelines for AI, which will only help the development of systems that choose to adopt them. I was proud to join Senator Hickenlooper in reintroducing this legislation, and I look forward to getting this bill passed out of the Commerce Committee soon,” Capito said.

Currently, AI companies make claims about how they train, conduct safety red-team exercises, and carry out risk management on their AI models without any independent verification. The VET AI Act would create a pathway for independent evaluators, with a function similar to those in the financial industry and other sectors, to work with companies as a neutral third-party to verify their development, testing, and use of AI is in compliance with established guardrails. As Congress moves to establish AI guardrails, evidence-based benchmarks to independently validate AI companies’ claims on safety testing will only become more essential.

The senators initially introduced the bill in the 118th Congress and helped pass it out of the Senate Commerce Committee last year. For the full bill text, clickHERE.

Last year, Hickenlooper proposed a “Trust, but Verify Framework”, which included a call to establish auditing standards for Artificial Intelligence (AI) systems in order to increase transparency and adoption of AI while protecting consumers. In the same speech, Hickenlooper also called for federal data privacy legislation to create a national standard for protecting Americans’ personal and sensitive data and encouraged collaboration with international partners to promote democratic values in AI.

Specifically, the VET AI Act would:

Direct NIST, in coordination with the Department of Energy and National Science Foundation, to develop voluntary specifications and guidelines for developers and deployers of AI systems to conduct internal assurance and work with third parties on external assurance regarding the verification and red-teaming of AI systems.

Such specifications require considerations for data privacy protections, mitigations against potential harms to individuals from an AI system, dataset quality, and governance and communications processes of a developer or deployer throughout the AI systems’ development lifecycles.

Establish a collaborative Advisory Committee to review and recommend criteria for individuals or organizations seeking to obtain certification of their ability to conduct internal or external assurance for AI systems.

Require NIST to conduct a study examining various aspects of the ecosystem of AI assurance, including the current capabilities and methodologies used, facilities or resources needed, and overall market demand for internal and external AI assurance.

“BPC Action applauds Sens. Shelley Moore Capito (R-WV) and John Hickenlooper (D-CO) for their thoughtful leadership on the VET Artificial Intelligence Act. This bill will spur AI development and deployment while also protecting Americans from privacy harms. Its commonsense public-private sector approach will help grow consumer trust in AI, ensuring more Americans and businesses can reap its benefits. At a time when AI is being used by countless Americans in nearly every sector of our economy, we’re excited to see Sens. Moore Capito and Hickenlooper work together to craft this timely bill,” says Michele Stockwell, president of Bipartisan Policy Center Action (BPC Action).

“The reintroduction of the Validation and Evaluation for Trustworthy (VET) AI Act in this Congress is a timely and important step toward establishing clear and consistent guidance for AI developers, deployers, and third-party evaluators,” said Daniel Correa, Chief Executive Officer of the Federation of American Scientists. “By outlining key processes like verification, red teaming, and compliance, the bill helps fill a critical gap as the U.S. shapes its broader AI governance strategy. The bill also reinforces the central role of NIST in driving innovative and equitable AI standards—and highlights the need to ensure the agency has the resources necessary to lead. We commend Senators Hickenlooper and Capito for their bipartisan leadership on this global policy issue and for advancing a vision of U.S. leadership in setting standards for AI safety and accountability. ”

“The Institute of Internal Auditors (The IIA) is proud to support the bipartisan VET AI Act. As artificial intelligence and other emerging technologies transform the global economy, it is essential that Congress establish commonsense guardrails designed to protect American businesses and consumers. The VET AI Act takes an important step in this direction by recognizing, in part, the critical role of independent internal assurance in advancing organizational transparency and accountability. The IIA commends Senator Hickenlooper and Senator Capito for their leadership on this important issue and looks forward to continued engagement with congressional leaders to help advance the VET AI Act,”said Anthony J. Pugliese, CIA, CPA, CGMA, CITP President and Chief Executive Officer, The Institute of Internal Auditors.

“To fully harness the enormous power of AI, it’s critical that we empower AI developers and deployers with stakeholder-informed, voluntary frameworks for assuring the resilience of their AI systems — to include cybersecurity. Palo Alto Networks firmly believes that AI adoption and security go hand-in-hand, and applauds Senators Hickenlooper and Capito for this common sense legislation,” said Daniel Kroese, Vice President, Public Policy & Government Affairs, Palo Alto Networks.

“Senator Hickenlooper’s and Senator Capito’s VET AI Act is a smart, balanced approach toward developing voluntary standards for third-party evaluators to assess the safety of AI systems, promoting innovation, adoption, and accountability,” said Karan Bhatia, VP of Google Government Affairs and Public Policy.

“Developing responsible AI requires flexible regulation. The VET AI Act takes important steps towards ensuring a multistakeholder process to reinforce privacy and reduce harms through voluntary consensus standards that will assist those who continue to innovate in AI deployment,” said Josh Landau, Senior Counsel for Innovation Policy at CCIA.

“As Americans increasingly rely on AI systems to make decisions in every aspect of daily life – from travel to banking to healthcare – many remain wary about who or what to trust when using these systems. IEEE-USA believes that the Validation and Evaluation for Trustworthy (VET) AI Act is a necessary and significant step towards addressing public concerns while encouraging adoption and innovation. Industry-led technical standards, such as those that IEEE develops, are valuable tools that enable third party validation and verification of systems which helps to minimize the risks that AI systems may pose when deployed. We are thankful that Senators Hickenlooper and Capito have introduced this legislation acknowledging the role that technical standards can play in ensuring that AI systems are demonstrably protecting American interests,” said Tim Lee, President, IEEE-USA.

“Booz Allen proudly supports the bipartisan ‘Validation and Evaluation for Trustworthy (VET) Artificial Intelligence Act’. We welcome the bill’s focus on practical, use-case-based evaluation and third-party assurance, which helps build public confidence in AI systems and fostering innovation. By advancing voluntary, evidence-based guidelines, the VET AI Act reflects the kind of flexible framework needed to accelerate U.S. leadership in AI. Its emphasis on testing, validation, and external verification promotes transparency and trust, which are key drivers of widespread AI adoption. We are encouraged by the bill’s commitment to unlocking AI’s full potential while ensuring that systems are tested and trusted, not overregulated,”said John Larson, Executive Vice President, Head of Booz Allen’s AI Business.

“The Software & Information Industry Association (SIIA) proudly supports the bipartisan VET AI Act from Senators Hickenlooper and Capito. This bill lays essential groundwork for strengthening trust in AI while supporting continued U.S. leadership in AI and innovation. By directing NIST to work with government, industry, and civil society on clear standards for third-party evaluation, the VET AI Act helps ensure AI systems are aligned with public interest throughout their lifecycle, as these standards would factor in privacy protections, harm mitigation, dataset quality, and governance. We look forward to working with Congress to advance this important legislation,” said Paul Lekas, Head of Global Public Policy & Government Affairs and Senior Vice President of SIIA.

“It’s important that AI companies don’t just grade their own homework. The VET AI Act brings much-needed structure to how we verify safety claims in this fast-moving field. Clear, independent standards for review are going to be key to building public trust and accelerating adoption of AI, which in turn support innovation. ARI applauds Senators Hickenlooper and Capito for their work to make AI more transparent and trustworthy,” said Brad Carson, President of Americans for Responsible Innovation.

“The Center for AI Policy (CAIP) strongly endorses the reintroduction of the Validation and Evaluation for Trustworthy (VET) AI Act championed by Senators Hickenlooper and Capito. While companies increasingly conduct model evaluations, these assessments remain opaque to outside stakeholders, who cannot verify their completeness, accuracy, or adequacy. By establishing standards and studying the evaluations sector, the VET AI Act promotes much-needed transparency. CAIP supports this pragmatic step towards ensuring that AI systems advance American competitiveness and security rather than introducing severe risks, and hopes to see this valuable legislation succeed in the new Congress,” said Jason Green-Lowe, Executive Director for the Center for AI Policy.

###"
114147,2025-08-20,K000367,Amy Klobuchar,Senate,ICYMI – Klobuchar Op-Ed in The New York Times: What I Didn’t Say About Sydney Sweeney,https://www.klobuchar.senate.gov/public/index.cfm/news-releases?ID=181883BB-3D73-47AD-9501-8ACDBB79C98F,0,1,0,"UNVERIFIED -- broad-phrase match only, never individually read; may be off-topic (e.g. release 11009 confirmed off-topic, about reproductive-health data not APRA)","WASHINGTON — Senator Amy Klobuchar (D-MN) published an op-ed in The New York Times chronicling her recent experience being deepfaked, the risks of AI-generated videos, and the need to put in place rules of the road, including creating protections for those who have their voice and likeness replicated through AI without their permission.

From the op-ed:

There’s a centuries-old expression that “a lie can travel halfway around the world while the truth is still putting on its shoes.” Today, a realistic deepfake — an A.I.-generated video that shows someone doing or saying something they never did — can circle the globe and land in the phones of millions while the truth is still stuck on a landline. That’s why it is urgent for Congress to immediately pass new laws to protect Americans by preventing their likenesses from being used to do harm. I learned that lesson in a visceral way over the last month when a fake video of me — opining on, of all things, the actress Sydney Sweeney’s jeans — went viral.

On Jul. 30, Senator Marsha Blackburn and I led a Senate Judiciary subcommittee hearing on data privacy. We’ve both been leaders in the tech and privacy space and have the legislative scars to show for it. The hearing featured a wide-reaching discussion with five experts about the need for a strong federal data privacy law. It was cordial and even-keeled, no partisan flare-ups. So I was surprised later that week when I noticed a clip of me from that hearing circulating widely on X, to the tune of more than a million views. I clicked to see what was getting so much attention.

That’s when I heard my voice — but certainly not me — spewing a vulgar and absurd critique of an ad campaign for jeans featuring Sydney Sweeney. The A.I. deepfake featured me using the phrase “perfect titties” and lamenting that Democrats were “too fat to wear jeans or too ugly to go outside.” Though I could immediately tell that someone used footage from the hearing to make a deepfake, there was no getting around the fact that it looked and sounded very real.

As anyone would, I wanted the video taken down or at least labeled “digitally altered content.” It was using my likeness to stoke controversy where it did not exist. It had me saying vile things. And while I would like to think that most people would be able to recognize it as fake, some clearly thought it was real. Studies have shown that people who see this type of content develop lasting negative views of the person in the video, even when they know it is fake.

X refused to take it down or label it, even though its own policy says users are prohibited from sharing “inauthentic content on X that may deceive people,” including “manipulated, or out-of-context media that may result in widespread confusion on public issues.” As the video spread to other platforms, TikTok took it down and Meta labeled it as A.I. However, X’s response was that I should try to get a “Community Note” to say it was a fake, something the company would not help add.

For years I have been going after the growing problem that Americans have extremely limited options to get unauthorized deepfakes taken down. But this experience of sinking hours of time and resources into limiting the spread of a single video made clear just how powerless we are right now. Why should tech companies’ profits rule over our rights to our own images and voices? Why do their shareholders and C.E.O.s get to make more money with the spread of viral content at the expense of our privacy and reputations? And why are there no consequences for the people who actually make the unauthorized deepfakes and spread the lies?

This particular video does not in any way represent the gravest threat posed by deepfakes. In July, it was revealed that an impostor had used A.I. to pretend to be Secretary of State Marco Rubio and contacted at least three foreign ministers, a member of Congress and a governor. And this technology can turn the lives of just about anyone completely upside down. Last year, someone used A.I. to clone the voice of a high school principal in Maryland and create audio of him making racist and antisemitic comments. By the time the audio was proved to be fake, the principal had already been placed on administrative leave and families and students were left deeply hurt.

There is no way to quantify the chaos that could take place going forward without legal checks. Imagine a deepfake of a bank C.E.O. that triggers a bank run; a deepfake of an influencer telling children to use drugs; or a deepfake of a U.S. president starting a war that triggers attacks on our troops. The possibilities are endless. With A.I., the technology has gotten ahead of the law, and we can’t let it go any further without rules of the road.

As complicated as this technology is, some solutions are within reach. Earlier this year, President Trump signed the TAKE IT DOWN Act, which Senator Ted Cruz and I pushed to create legal protections for victims when intimate images, including deepfakes, are shared without their consent. This law addresses the rise in cases of predators using A.I. tools to create nude images of victims to humiliate or extort them. We know the consequences of this can be deadly — at least 20 children have died by suicide recently because of the threat of explicit images being shared without their consent.

That bill was only the first step. That is why I am again working across the aisle on a bill to give all Americans more control over how deepfakes of our voices and visual likenesses are used. The proposed bipartisan NO FAKES Act, cosponsored by Senators Chris Coons, Marsha Blackburn, Thom Tillis and me, would give people the right to demand that social media companies remove deepfakes of their voice and likeness, while making exceptions for speech protected by the First Amendment.

Read the full op-ed here.

###"
127865,2025-12-11,T000482,Lori Trahan,House,Trahan Calls Out Unserious Effort to Protect Kids Online,https://trahan.house.gov/news/documentsingle.aspx?DocumentID=3714,0,1,0,"UNVERIFIED -- broad-phrase match only, never individually read; may be off-topic (e.g. release 11009 confirmed off-topic, about reproductive-health data not APRA)","WASHINGTON, DC – Today, Congresswoman Lori Trahan (MA-03) delivered an opening statement during a House Energy and Commerce Committee markup with the stated purpose of passing legislation to update protections for children and teens online. During her remarks, Trahan ripped the effort as failing “to meet the seriousness of what families are living through.”

CLICK HERE or the image below to view Trahan’s full opening statement. A transcription is embedded at the end of this release.

“Protecting our kids when they are online is one of the most urgent responsibilities we face. It’s a crisis for families in every corner of this country, and it demands urgent action from Congress,” Congresswoman Trahan said. “That’s why I’m so frustrated that today’s markup fails once again to meet the seriousness of what families are living through. Some may point to the number of bills on today’s agenda as evidence of progress, I’m not one of them and I urge my colleagues not to be fooled.”

Many of the bills included in the markup today fail to address what Trahan described as the most glaring issues facing children and families online, including the monopolistic behavior of giant online corporations, the business model of Big Tech focused on harvesting and selling access to Americans’ private data, and the lack of independent enforcement to hold tech corporation executives accountable for their decisions that harm children.

“When I look at this list of legislation, I don’t see a focus on platform design, I don’t see comprehensive privacy, and I don’t see market reform,” Congresswoman Trahan continued. “But what I do see is a continuation of a status quo where Big Tech continues productizing its users, insulating itself from competition, and shifting the responsibility for protecting kids onto parents who are stretched thinner than ever.”

In her remarks, Trahan called on both Republicans and Democrats to work together on a three-pronged strategy to address the most obvious issues kids and parents face when they are online:

Competition: Update century-old antitrust laws to better target corporate monopolies, curtail vertical integration, and require interoperability and data portability.

Comprehensive Privacy: Put an end to Big Tech’s predatory collection, deployment, and sale of Americans’ data.

Independent Enforcement: Preserve and strengthen the independence of regulators like the Federal Trade Commission and allow researchers to inspect online platforms for violations of child protections.

----------------------------------------------

Congresswoman Lori Trahan

Remarks as Delivered

House Energy and Commerce Committee Subcommittee on Commerce, Manufacturing, and Trade Markup

December 11, 2025

Thank you, Mr. Chairman.

Protecting our kids when they are online is one of the most urgent responsibilities we face. It’s a crisis for families in every corner of this country, and it demands urgent action from Congress. That’s why I’m so frustrated that today’s markup fails once again to meet the seriousness of what families are living through. Some may point to the number of bills on today’s agenda as evidence of progress – I’m not one of them and I urge my colleagues not to be fooled.

When I look at this list of legislation, I don’t see a focus on platform design, I don’t see comprehensive privacy, and I don’t see market reform. But what I do see is a continuation of a status quo where Big Tech continues productizing its users, insulating itself from competition, and shifting the responsibility for protecting kids onto parents who are stretched thinner than ever. And it would be bad enough if these bills simply failed to move us forward, but they actually take us back. They undermine the work that state legislators and state regulators are already doing to protect kids.

Mr. Chairman, when you combine the weak standards with a wide, low federal ceiling, you get worst of all worlds legislation like the new version of KOSA. I’m proud to stand with parents, advocates, and our colleagues on this Committee who oppose this legislation. And because we’re here together with the very families this markup was supposed to serve in the audience, I want to offer a better path forward. It’s a tech policy agenda focused on real systemic reform, reform that targets the core practices, business models, and market dominance of Big Tech that perpetuate harm, especially to young people.

First is antitrust reform. When giant corporate monopolies shut out competition, they shut out the innovation that serves the public interest. We need to break up monopolies – just as Republican Teddy Roosevelt did over a century ago. We need to curtail vertical integration, and we need to require interoperability and data portability. Our competition laws must be updated so that parents and consumers have real choices, and so that smaller companies have a fair chance to succeed.

Second is comprehensive federal privacy and online safety standards that finally disrupt Big Tech’s predatory harvesting, deployment, and sale of Americans’ private data. State legislatures have repeatedly outpaced Congress in regulating digital platforms, a fact that should embarrass us all. And even when Congress does act, it’s often in ways that entrench the status quo rather than improve it, which is exactly what we are seeing today. Comprehensive privacy and online safety legislation are opportunities for bipartisan, commonsense progress.

The third component is simple: independent and well-funded enforcement. Laws without enforcement are just words on paper, and parents across this country have seen enough empty letters from Congress. We need to preserve the independence of our regulators and fund them to do their jobs.

That is the three-pronged strategy that I put forward to this committee, and I urge us to pursue it. I steadfastly remain ready to work in a bipartisan way to deliver the reforms that American families and consumers deserve.

And I yield back my time.

###"
138073,2026-03-04,L000607,Sam T. Liccardo,House,Rep. Sam Liccardo Forces Vote on  Pentagon’s Misguided AI Posture,https://liccardo.house.gov/media/press-releases/rep-sam-liccardo-forces-vote-pentagons-misguided-ai-posture,0,0,1,"read in full by 2026-07-08 fork, judged on-topic","WASHINGTON, D.C. – Today, Congressman Sam Liccardo (CA-16) forced a committee-wide vote on whether Congress will stop the Department of Defense from retaliating against developers for instituting safeguards on high-risk technologies. His action comes on the heels of a dispute between Anthropic and the Pentagon over the AI company’s effort to set guardrails preventing its chatbot, Claude, from being used for mass surveillance of U.S. citizens or autonomous weapons.

After Anthropic raised concerns about Claude’s potential use, Secretary Pete Hegseth threatened to invoke the Defense Production Act (DPA) to force the removal of those safeguards. Liccardo introduced an amendment during today’s hearing on the reauthorization of the Defense Production Act.

Liccardo's amendment later failed on a party line vote.

Full Transcript:

Thank you, Mr. Chair. I move to strike the last word.

I appreciate the very good bipartisan work that has resulted in crafting this reauthorization of the Defense Production Act. Like our national defense, AI safety should not be a partisan issue.

According to a recent Gallup survey, by a ratio of 8 to 1, U.S. adults believe government should maintain rules for AI safety, even if it means developing AI capabilities more slowly. That’s 79% of Republicans and 89% of Democrats who urge prioritizing AI safety over other goals.

“Agentic misalignment” is not yet a household term, but it soon will be. In Silicon Valley, where I live, it’s on the mind of every AI researcher and engineer with whom I speak, including those who work at the largest hyperscalers. Even the most optimistic among them warn of the potential misuse of AI to produce very dystopian outcomes.

A $380 billion hyperscaler, Anthropic, has warned the Pentagon and the public about the potential misuse of its product for mass surveillance of U.S. citizens and for autonomous killing machines that could exceed human constraint. They seek reasonable guardrails. They believe so strongly in those guardrails that they are willing to walk away from a lucrative government contract without them.

And full disclosure: I am a Claude subscriber, though I can’t claim to have used it to create any homicidal bots.

Regardless, when the company that designs and builds the jet fighter tells us when to use the brakes, we should listen. Instead, the Pentagon’s bureaucrats and lawyers believe they know better. They think they can fly the plane without brakes.

Instead of listening, they are threatening.

They told Anthropic that if it sought guardrails, they would blacklist the company as a supply chain threat, preventing any other government agency from buying its software. Ironically, the Pentagon also invoked the Defense Production Act and threatened to deploy Anthropic’s software without paying the company a dime for the next six months.

So let’s be clear: the people who built a very complex technological tool seek guardrails to protect the American public from its misuse. They are not simply being ignored by the government. The government has a right to ignore them. They are not simply being passed over for another company; the Pentagon certainly has a right to do that.

They are being punished for seeking guardrails.

The Pentagon’s response publicly has been: don’t worry your pretty little heads. When we deploy AI tools, we’ll follow the law.

There is only one problem with the Pentagon’s approach: there is no law. The law is years behind the technology.

The American public eagerly awaits this Congress or this administration to enact laws providing reasonable safeguards for AI use. But nobody should hold their breath. The same American public has waited 30 years for Congress to enact a simple data privacy statute that every industrialized nation on the planet has adopted.

The same American public has waited three decades for meaningful online protections for children, lacking even modest changes to Section 230 of the Communications Decency Act since 1996.

The only response from the majority in Congress or this administration has been to propose a moratorium on state laws that might provide AI guardrails—without any federal AI safety law to replace those state rules.

Nonetheless, the Pentagon persists in saying: don’t worry, we’ll follow the law.

To Secretary Hegseth, I say: please forgive the American public for demanding a more sober approach to AI.

Let’s also be clear about the power granted to the federal government by the Defense Production Act. It gives the Pentagon uniquely daunting authority to commandeer the private sector in service of national security. We should all be very wary of abuse of this expansive authority.

The Supreme Court expressed that wariness in 1952 when it struck down President Truman’s assertion of presidential authority to seize Youngstown steel mills during the Korean War.

This very committee has expressed its own wariness through changes to this reauthorization bill by narrowing the scope of Title I authorities to declared national emergencies. That is the right thing to do.

If we believe in capitalism, then we should agree that we must constrain the federal government’s potential to abuse its power to dictate prices, production, or the paths of supply chains.

But there is another concern. We cannot deploy and build AI in a climate of fear if it is to be trustworthy. We cannot have honest conversations about AI if people and companies are afraid to speak.

And we cannot protect the American public without doing so.

This amendment offers a very narrow, essential intervention."
139961,2026-03-19,L000397,Zoe Lofgren,House,Lofgren Introduces Online Privacy Act to Protect Americans' Personal Data,https://lofgren.house.gov/media/press-releases/lofgren-introduces-online-privacy-act-protect-americans-personal-data,0,1,0,"UNVERIFIED -- broad-phrase match only, never individually read; may be off-topic (e.g. release 11009 confirmed off-topic, about reproductive-health data not APRA)","WASHINGTON, D.C. — Today, Rep. Zoe Lofgren (CA-18) re-introduced the Online Privacy Act, legislation that sets a national baseline for how Americans' personal data can be collected, used, and shared.

“Privacy is a fundamental right, but for too long, Congress has failed to set clear nationwide rules to protect Americans’ personal data. The Online Privacy Act gives Americans the power to view, correct, and delete their information,” Rep. Lofgren said. “This legislation shifts power back to the people and ensures federal law finally catches up to the realities of the 21st century.""

Key provisions of the Online Privacy Act:

Prohibits companies from using private communications like users' emails or web traffic for ads or other invasive purposes

Requires companies to articulate the need for and minimize the user data they collect, process, disclose, and maintain

Criminalizes doxxing

Ensures companies minimize employee and contractor access to user data

Gives users the right to access, correct, delete, and transfer data about them; choose for how long their data can be kept; and request a human review of impactful automated decisions

Establishes a Digital Privacy Agency (DPA) to issue regulations for bill implementation and impose fines for violations

The full bill text for the 119th Congress can be read here. A one-page explainer of the bill can be found here.

The Online Privacy Act was previously introduced by Rep. Lofgren and former Rep. Anna Eshoo (CA-17) in the 116th, 117th, and 118th Congresses. This legislation has the support of organizations including Public Knowledge and Free Press Action.

""With federal privacy protections long overdue, Public Knowledge is pleased to see that Rep. Lofgren remains committed to this important work,"" said Sara Collins, Director of Government Affairs at Public Knowledge. ""The OPA includes strong data minimization standards, prohibitions against discrimination, and a critical private right of action to ensure the law is enforced. We hope the Commerce Committee takes this bill seriously and returns to the vital work of protecting Americans' privacy.""

""It’s unbelievable that in 2026, after years of understanding the harms that come from rampant data collection, we still don’t have a comprehensive federal data privacy standard,"" said Amanda Beckham, Government Relations Director at Free Press Action. ""Private companies collect an enormous amount of our personal data. Websites, apps, and devices we wear or carry collect information about where we work, the places we visit, our browsing history, political opinions, medical and biometric data, and more. When aggregated, all of this data represents the power to influence, manipulate, and discriminate. Especially now, when AI tools are being deployed by private industry and government to ingest and analyze massive amounts of data to make predictions about us, data privacy legislation with robust civil rights and anti-discrimination principles is critical. The Online Privacy Act would be an important step in that direction.""

###"
140868,2026-03-26,M000934,Jerry Moran,Senate,Sen. Moran Reintroduces Legislation to Create Clear Federal Standard for Consumer Data Privacy,https://www.moran.senate.gov/public/index.cfm/news-releases?ID=1D9ACDEB-1D59-4442-A66B-ED471B6F3EDD,0,0,1,"read in full by 2026-07-08 fork, judged on-topic","WASHINGTON – U.S. Senator Jerry Moran (R-Kan.) – a member of the Senate Committee on Commerce, Science, and Transportation – today reintroduced the Consumer Data Privacy and Security Act, legislation to strengthen the laws that govern consumers’ personal data and create clear standards and regulations for American businesses that collect, process and use consumers’ personally identifiable data.

“More and more Americans are recognizing the need for a clear federal standard for data privacy that guarantees them the ability to determine how their personal data is used,” said Sen. Moran. “U.S. consumers need to be able to count on strong baseline standards that businesses must uphold when collecting, processing and protecting their personally identifiable information. Without action from Congress, consumers will continue to be vulnerable to future threats against their personal data, and innovators and job creators will be plagued with regulatory uncertainty resulting from a growing patchwork of state laws. I urge my colleagues to support the Consumer Data Privacy and Security Act, and I look forward to receiving additional feedback on this legislation from consumers, industry leaders, and my colleagues in Congress as we strive to create a federal standard for comprehensive data privacy.”

The Consumer Data Privacy and Security Act would:

Establish a clear federal standard for data privacy protection – Gives businesses a uniform standard rather than a patchwork of confusing state laws.

Provide consumers with control over their own data – Makes certain consumers can access, correct and erase their personal data.

Create appropriately-scaled business requirements based on a company’s size and resources – Requires businesses that collect and process a significant amount of personal data to take extra precautionary steps to protect and responsibly process that data.

Require notification and consent measures – Prohibits companies from collecting data without consumers’ consent with limited and specific exceptions.

Implement robust security programs – Requires businesses to develop and implement robust data security programs to protect personal data from unauthorized access and disclosure.

Equip the Federal Trade Commission (FTC) and state attorneys general – Provides these entities with authority to uniformly enforce federal consumer privacy protections while providing the FTC with the resources necessary to carry out those authorities.

An overview of this legislation can be found here.

A detailed section-by-section of this legislation can be found here.

Full text of the legislation can be found here.

# # #"
