member,bioguide,in_house_registrant_client,contribution_date,amount,amount_num,honoree_name_as_filed,filing_year,filing_period,filing_uuid,lda_url
"Cantwell (Senate co-author of the discussion draft, not up for re-election, not retiring)",C000127,INFORMATION TECHNOLOGY INDUSTRY COUNCIL,2022-12-06,1000.00,1000.0,Maria Cantwell,2022,Year-End (July 1 - Dec 31),93358f66-5a5c-4cbd-af5a-6b5d4436d493,https://lda.gov/filings/public/contribution/93358f66-5a5c-4cbd-af5a-6b5d4436d493/print/
"Cantwell (Senate co-author of the discussion draft, not up for re-election, not retiring)",C000127,AMAZON.COM SERVICES LLC,2022-12-14,2500.00,2500.0,Senator Maria Cantwell,2022,Year-End (July 1 - Dec 31),218a8eaa-a8a5-4c68-bb1f-95d6f54be222,https://lda.gov/filings/public/contribution/218a8eaa-a8a5-4c68-bb1f-95d6f54be222/print/
"Cantwell (Senate co-author of the discussion draft, not up for re-election, not retiring)",C000127,INFORMATION TECHNOLOGY INDUSTRY COUNCIL,2023-01-30,1000.00,1000.0,Maria Cantwell,2023,Mid-Year (Jan 1 - Jun 30),e08e32eb-e6b0-4919-b231-ab4d1739fae8,https://lda.gov/filings/public/contribution/e08e32eb-e6b0-4919-b231-ab4d1739fae8/print/
"Cantwell (Senate co-author of the discussion draft, not up for re-election, not retiring)",C000127,NEWS CORPORATION,2023-03-05,250.00,250.0,Maria Cantwell,2023,Mid-Year (Jan 1 - Jun 30),aafe251c-5978-43bc-8f00-9cf69c21b405,https://lda.gov/filings/public/contribution/aafe251c-5978-43bc-8f00-9cf69c21b405/print/
"Cantwell (Senate co-author of the discussion draft, not up for re-election, not retiring)",C000127,COX ENTERPRISES INC.,2023-03-17,1000.00,1000.0,Sen. Maria Cantwell,2023,Mid-Year (Jan 1 - Jun 30),e2b7a776-a7fd-448c-8c8b-ca33da5cee60,https://lda.gov/filings/public/contribution/e2b7a776-a7fd-448c-8c8b-ca33da5cee60/print/
"Cantwell (Senate co-author of the discussion draft, not up for re-election, not retiring)",C000127,BYTEDANCE INC.,2023-03-28,500.00,500.0,Maria Cantwell,2023,Mid-Year (Jan 1 - Jun 30),3d4a56b8-457e-418f-b56b-4916d1938919,https://lda.gov/filings/public/contribution/3d4a56b8-457e-418f-b56b-4916d1938919/print/
"Cantwell (Senate co-author of the discussion draft, not up for re-election, not retiring)",C000127,BYTEDANCE INC.,2023-03-28,500.00,500.0,Maria Cantwell,2023,Mid-Year (Jan 1 - Jun 30),9193805a-18fc-432b-9237-e45beedcb309,https://lda.gov/filings/public/contribution/9193805a-18fc-432b-9237-e45beedcb309/print/
"Cantwell (Senate co-author of the discussion draft, not up for re-election, not retiring)",C000127,HONEYWELL INTERNATIONAL,2023-03-30,500.00,500.0,Maria Cantwell,2023,Mid-Year (Jan 1 - Jun 30),2d050dba-7338-445a-81db-45465ebe0851,https://lda.gov/filings/public/contribution/2d050dba-7338-445a-81db-45465ebe0851/print/
"Cantwell (Senate co-author of the discussion draft, not up for re-election, not retiring)",C000127,"SAP AMERICA, INC.",2023-03-31,1000.00,1000.0,Maria Cantwell,2023,Mid-Year (Jan 1 - Jun 30),03332dbd-1da6-4aad-9874-b27724c0a9a7,https://lda.gov/filings/public/contribution/03332dbd-1da6-4aad-9874-b27724c0a9a7/print/
"Cantwell (Senate co-author of the discussion draft, not up for re-election, not retiring)",C000127,AMAZON.COM SERVICES LLC,2023-03-31,700.00,700.0,SENATOR MARIA CANTWELL,2023,Mid-Year (Jan 1 - Jun 30),25aef028-dd62-4aca-a759-b89e2eb74c64,https://lda.gov/filings/public/contribution/25aef028-dd62-4aca-a759-b89e2eb74c64/print/
"Cantwell (Senate co-author of the discussion draft, not up for re-election, not retiring)",C000127,BYTEDANCE INC.,2023-07-13,1000.00,1000.0,Senator Maria Cantwell,2023,Year-End (July 1 - Dec 31),9a7d80d2-b465-4bc5-8f21-4b7677528b1b,https://lda.gov/filings/public/contribution/9a7d80d2-b465-4bc5-8f21-4b7677528b1b/print/
"Cantwell (Senate co-author of the discussion draft, not up for re-election, not retiring)",C000127,INFORMATION TECHNOLOGY INDUSTRY COUNCIL,2023-09-28,250.00,250.0,Senator Maria Cantwell,2023,Year-End (July 1 - Dec 31),9e55e4d2-c51e-4a82-b686-915f6e22dd53,https://lda.gov/filings/public/contribution/9e55e4d2-c51e-4a82-b686-915f6e22dd53/print/
"Cantwell (Senate co-author of the discussion draft, not up for re-election, not retiring)",C000127,"LUMEN TECHNOLOGIES, INC.",2023-10-30,1500.00,1500.0,Maria Cantwell,2023,Year-End (July 1 - Dec 31),fef7d7e6-ed23-4e6d-9894-e22f0ab719ea,https://lda.gov/filings/public/contribution/fef7d7e6-ed23-4e6d-9894-e22f0ab719ea/print/
"Cantwell (Senate co-author of the discussion draft, not up for re-election, not retiring)",C000127,PARAMOUNT SKYDANCE CORPORATION (FKA PARAMOUNT GLOBAL),2023-11-13,4000.00,4000.0,Maria Cantwell,2023,Year-End (July 1 - Dec 31),ed4d18df-c6e6-420b-ba9f-f3e46dcc25fc,https://lda.gov/filings/public/contribution/ed4d18df-c6e6-420b-ba9f-f3e46dcc25fc/print/
"Cantwell (Senate co-author of the discussion draft, not up for re-election, not retiring)",C000127,AMERICAN BANKERS ASSOCIATION,2023-11-16,5000.00,5000.0,Sen Maria Cantwell,2023,Year-End (July 1 - Dec 31),2871ee0d-e813-40b1-9569-19d6c8c26c55,https://lda.gov/filings/public/contribution/2871ee0d-e813-40b1-9569-19d6c8c26c55/print/
"Cantwell (Senate co-author of the discussion draft, not up for re-election, not retiring)",C000127,INFORMATION TECHNOLOGY INDUSTRY COUNCIL,2023-12-03,1000.00,1000.0,Senator Maria Cantwell,2023,Year-End (July 1 - Dec 31),9e55e4d2-c51e-4a82-b686-915f6e22dd53,https://lda.gov/filings/public/contribution/9e55e4d2-c51e-4a82-b686-915f6e22dd53/print/
"Cantwell (Senate co-author of the discussion draft, not up for re-election, not retiring)",C000127,INFORMATION TECHNOLOGY INDUSTRY COUNCIL,2024-02-08,500.00,500.0,Senator Maria Cantwell,2024,Mid-Year (Jan 1 - Jun 30),97684d7e-4f15-4b8f-8176-87d7347a9b22,https://lda.gov/filings/public/contribution/97684d7e-4f15-4b8f-8176-87d7347a9b22/print/
"Cantwell (Senate co-author of the discussion draft, not up for re-election, not retiring)",C000127,PORTLAND GENERAL ELECTRIC,2024-02-16,500.00,500.0,Senator Maria Cantwell,2024,Mid-Year (Jan 1 - Jun 30),1a203be8-e538-4b48-a882-23eb6d32088f,https://lda.gov/filings/public/contribution/1a203be8-e538-4b48-a882-23eb6d32088f/print/
"Cantwell (Senate co-author of the discussion draft, not up for re-election, not retiring)",C000127,"NETFLIX, INC.",2024-03-05,1000.00,1000.0,MARIA CANTWELL,2024,Mid-Year (Jan 1 - Jun 30),28bc4ea0-f9d1-4410-8a5c-95cbc8b2dd83,https://lda.gov/filings/public/contribution/28bc4ea0-f9d1-4410-8a5c-95cbc8b2dd83/print/
"Cantwell (Senate co-author of the discussion draft, not up for re-election, not retiring)",C000127,INFORMATION TECHNOLOGY INDUSTRY COUNCIL,2024-03-19,500.00,500.0,Senator Maria Cantwell,2024,Mid-Year (Jan 1 - Jun 30),97684d7e-4f15-4b8f-8176-87d7347a9b22,https://lda.gov/filings/public/contribution/97684d7e-4f15-4b8f-8176-87d7347a9b22/print/
"Cantwell (Senate co-author of the discussion draft, not up for re-election, not retiring)",C000127,AMAZON.COM SERVICES LLC,2024-03-31,500.00,500.0,Senator Maria Cantwell,2024,Mid-Year (Jan 1 - Jun 30),71dbec37-ef13-40d1-9015-424a5c6586a5,https://lda.gov/filings/public/contribution/71dbec37-ef13-40d1-9015-424a5c6586a5/print/
"Cantwell (Senate co-author of the discussion draft, not up for re-election, not retiring)",C000127,APPLE INC.,2024-06-18,500.00,500.0,Senator Maria Cantwell,2024,Mid-Year (Jan 1 - Jun 30),4a5ed3a0-8390-40f5-a40d-055281bdb273,https://lda.gov/filings/public/contribution/4a5ed3a0-8390-40f5-a40d-055281bdb273/print/
"Cantwell (Senate co-author of the discussion draft, not up for re-election, not retiring)",C000127,PARAMOUNT SKYDANCE CORPORATION (FKA PARAMOUNT GLOBAL),2024-09-09,2000.00,2000.0,Sen. Maria Cantwell,2024,Year-End (July 1 - Dec 31),990a9a3d-26e2-450d-8cfb-f110f6a927a9,https://lda.gov/filings/public/contribution/990a9a3d-26e2-450d-8cfb-f110f6a927a9/print/
"Cantwell (Senate co-author of the discussion draft, not up for re-election, not retiring)",C000127,MUTUAL OF OMAHA,2024-09-30,1500.00,1500.0,Sen Maria Cantwell,2024,Year-End (July 1 - Dec 31),8cd84164-766c-41d3-8ca9-dbb243d99bf2,https://lda.gov/filings/public/contribution/8cd84164-766c-41d3-8ca9-dbb243d99bf2/print/
"Cantwell (Senate co-author of the discussion draft, not up for re-election, not retiring)",C000127,APPLE INC.,2025-03-07,500.00,500.0,Senator Maria Cantwell,2025,Mid-Year (Jan 1 - Jun 30),b43bbaea-6002-4bba-9294-2e46aa95ef19,https://lda.gov/filings/public/contribution/b43bbaea-6002-4bba-9294-2e46aa95ef19/print/
"Cantwell (Senate co-author of the discussion draft, not up for re-election, not retiring)",C000127,"INTUIT, INC. AND AFFILIATES (FORMERLY INTUIT, INC.)",2025-09-04,1500.00,1500.0,Maria Cantwell,2025,Year-End (July 1 - Dec 31),3c1c3690-9762-4125-839f-4f895a2ccce7,https://lda.gov/filings/public/contribution/3c1c3690-9762-4125-839f-4f895a2ccce7/print/
"Johnson (Speaker, reportedly arranged the block)",J000299,"KOCH GOVERNMENT AFFAIRS, LLC",2022-02-14,1000.00,1000.0,Rep. Mike Johnson,2022,Mid-Year (Jan 1 - Jun 30),bf5ed86a-c833-4f27-964e-034f5e3525ac,https://lda.gov/filings/public/contribution/bf5ed86a-c833-4f27-964e-034f5e3525ac/print/
"Johnson (Speaker, reportedly arranged the block)",J000299,AMERICAN BANKERS ASSOCIATION,2022-03-23,1000.00,1000.0,Rep Mike Johnson,2022,Mid-Year (Jan 1 - Jun 30),fa928533-3f60-4134-9538-94fbdd3699a9,https://lda.gov/filings/public/contribution/fa928533-3f60-4134-9538-94fbdd3699a9/print/
"Johnson (Speaker, reportedly arranged the block)",J000299,NATIONAL RESTAURANT ASSOCIATION,2022-03-28,500.00,500.0,Mike Johnson,2022,Mid-Year (Jan 1 - Jun 30),d32977c2-d78f-4c18-998e-723b857b6e73,https://lda.gov/filings/public/contribution/d32977c2-d78f-4c18-998e-723b857b6e73/print/
"Johnson (Speaker, reportedly arranged the block)",J000299,COX ENTERPRISES INC.,2022-03-29,5000.00,5000.0,Rep. Mike Johnson,2022,Mid-Year (Jan 1 - Jun 30),270e0de8-c3e0-48bb-88d3-61580db661ba,https://lda.gov/filings/public/contribution/270e0de8-c3e0-48bb-88d3-61580db661ba/print/
"Johnson (Speaker, reportedly arranged the block)",J000299,"LUMEN TECHNOLOGIES, INC.",2022-05-09,-250.00,-250.0,Rep. Mike Johnson,2022,Mid-Year (Jan 1 - Jun 30),5cb9370f-9216-420d-8130-cd279a796be1,https://lda.gov/filings/public/contribution/5cb9370f-9216-420d-8130-cd279a796be1/print/
"Johnson (Speaker, reportedly arranged the block)",J000299,INTERNATIONAL FRANCHISE ASSOCIATION,2022-06-16,1000.00,1000.0,Mike Johnson,2022,Mid-Year (Jan 1 - Jun 30),0e9a79f1-b505-4926-b104-9d16638e0a81,https://lda.gov/filings/public/contribution/0e9a79f1-b505-4926-b104-9d16638e0a81/print/
"Johnson (Speaker, reportedly arranged the block)",J000299,"KOCH GOVERNMENT AFFAIRS, LLC",2022-06-20,500.00,500.0,Rep. Mike Johnson,2022,Mid-Year (Jan 1 - Jun 30),bf5ed86a-c833-4f27-964e-034f5e3525ac,https://lda.gov/filings/public/contribution/bf5ed86a-c833-4f27-964e-034f5e3525ac/print/
"Johnson (Speaker, reportedly arranged the block)",J000299,"KOCH GOVERNMENT AFFAIRS, LLC",2022-06-20,500.00,500.0,Rep. Mike Johnson,2022,Mid-Year (Jan 1 - Jun 30),bf5ed86a-c833-4f27-964e-034f5e3525ac,https://lda.gov/filings/public/contribution/bf5ed86a-c833-4f27-964e-034f5e3525ac/print/
"Johnson (Speaker, reportedly arranged the block)",J000299,INDEPENDENT INSURANCE AGENTS & BROKERS OF AMERICA,2022-06-22,2000.00,2000.0,Mike Johnson,2022,Mid-Year (Jan 1 - Jun 30),2164fa60-5968-41b1-bfbf-d16405b12041,https://lda.gov/filings/public/contribution/2164fa60-5968-41b1-bfbf-d16405b12041/print/
"Johnson (Speaker, reportedly arranged the block)",J000299,FINSECA,2022-06-28,2000.00,2000.0,Mike Johnson,2022,Mid-Year (Jan 1 - Jun 30),6dd91475-9020-4ab8-8427-d17ef0654968,https://lda.gov/filings/public/contribution/6dd91475-9020-4ab8-8427-d17ef0654968/print/
"Johnson (Speaker, reportedly arranged the block)",J000299,AMERICAN BANKERS ASSOCIATION,2022-07-22,3000.00,3000.0,Rep Mike Johnson,2022,Year-End (July 1 - Dec 31),edc78b40-0d33-4c37-9475-2e522ec38b5a,https://lda.gov/filings/public/contribution/edc78b40-0d33-4c37-9475-2e522ec38b5a/print/
"Johnson (Speaker, reportedly arranged the block)",J000299,MORTGAGE BANKERS ASSOCIATION,2022-08-01,2500.00,2500.0,Rep Mike Johnson,2022,Year-End (July 1 - Dec 31),e8b3e72d-ceba-4730-982a-6f6739c195d4,https://lda.gov/filings/public/contribution/e8b3e72d-ceba-4730-982a-6f6739c195d4/print/
"Johnson (Speaker, reportedly arranged the block)",J000299,"KOCH GOVERNMENT AFFAIRS, LLC",2022-08-03,2500.00,2500.0,Rep. Mike Johnson,2022,Year-End (July 1 - Dec 31),53e0f471-1390-4e47-971c-d1a228cd2ad4,https://lda.gov/filings/public/contribution/53e0f471-1390-4e47-971c-d1a228cd2ad4/print/
"Johnson (Speaker, reportedly arranged the block)",J000299,"KOCH GOVERNMENT AFFAIRS, LLC",2022-09-12,5000.00,5000.0,Rep. Mike Johnson,2022,Year-End (July 1 - Dec 31),53e0f471-1390-4e47-971c-d1a228cd2ad4,https://lda.gov/filings/public/contribution/53e0f471-1390-4e47-971c-d1a228cd2ad4/print/
"Johnson (Speaker, reportedly arranged the block)",J000299,"KOCH GOVERNMENT AFFAIRS, LLC",2022-09-20,2000.00,2000.0,Rep. Mike Johnson,2022,Year-End (July 1 - Dec 31),53e0f471-1390-4e47-971c-d1a228cd2ad4,https://lda.gov/filings/public/contribution/53e0f471-1390-4e47-971c-d1a228cd2ad4/print/
"Johnson (Speaker, reportedly arranged the block)",J000299,PARAMOUNT SKYDANCE CORPORATION (FKA PARAMOUNT GLOBAL),2022-09-28,1500.00,1500.0,Mike Johnson,2022,Year-End (July 1 - Dec 31),55e0b779-4fe6-45ce-887a-1d00b2dd8e7d,https://lda.gov/filings/public/contribution/55e0b779-4fe6-45ce-887a-1d00b2dd8e7d/print/
"Johnson (Speaker, reportedly arranged the block)",J000299,PARAMOUNT SKYDANCE CORPORATION (FKA PARAMOUNT GLOBAL),2023-04-12,1000.00,1000.0,Mike Johnson,2023,Mid-Year (Jan 1 - Jun 30),b66e396c-4a41-4f11-b3fe-3dc2a302d7cd,https://lda.gov/filings/public/contribution/b66e396c-4a41-4f11-b3fe-3dc2a302d7cd/print/
"Johnson (Speaker, reportedly arranged the block)",J000299,CAPITAL ONE FINANCIAL CORPORATION,2023-04-14,1000.00,1000.0,Mike Johnson,2023,Mid-Year (Jan 1 - Jun 30),eaab76dd-2e1d-479b-b3a7-dc1a91dbddb7,https://lda.gov/filings/public/contribution/eaab76dd-2e1d-479b-b3a7-dc1a91dbddb7/print/
"Johnson (Speaker, reportedly arranged the block)",J000299,NATIONAL RESTAURANT ASSOCIATION,2023-04-25,1000.00,1000.0,Mike Johnson,2023,Mid-Year (Jan 1 - Jun 30),55423847-8a7d-4310-bd49-7279e9ed1ecc,https://lda.gov/filings/public/contribution/55423847-8a7d-4310-bd49-7279e9ed1ecc/print/
"Johnson (Speaker, reportedly arranged the block)",J000299,AMERICAN BANKERS ASSOCIATION,2023-05-03,2500.00,2500.0,Rep Mike Johnson,2023,Mid-Year (Jan 1 - Jun 30),fe31b64c-1451-4a83-8d0a-d16830e8aab1,https://lda.gov/filings/public/contribution/fe31b64c-1451-4a83-8d0a-d16830e8aab1/print/
"Johnson (Speaker, reportedly arranged the block)",J000299,"KOCH GOVERNMENT AFFAIRS, LLC",2023-05-23,2500.00,2500.0,Rep. Mike Johnson,2023,Mid-Year (Jan 1 - Jun 30),ea139a30-8db7-4f1e-85f2-c20d4ab6d2cc,https://lda.gov/filings/public/contribution/ea139a30-8db7-4f1e-85f2-c20d4ab6d2cc/print/
"Johnson (Speaker, reportedly arranged the block)",J000299,MORTGAGE BANKERS ASSOCIATION,2023-05-30,2500.00,2500.0,Rep Mike Johnson,2023,Mid-Year (Jan 1 - Jun 30),4ad5c94f-bb96-4f72-bd30-3fec4aaa578a,https://lda.gov/filings/public/contribution/4ad5c94f-bb96-4f72-bd30-3fec4aaa578a/print/
"Johnson (Speaker, reportedly arranged the block)",J000299,"KOCH GOVERNMENT AFFAIRS, LLC",2023-07-24,1000.00,1000.0,Rep. Mike Johnson,2023,Year-End (July 1 - Dec 31),8e7b6166-68a9-484e-8303-efe1cf4d2736,https://lda.gov/filings/public/contribution/8e7b6166-68a9-484e-8303-efe1cf4d2736/print/
"Johnson (Speaker, reportedly arranged the block)",J000299,"KOCH GOVERNMENT AFFAIRS, LLC",2023-09-19,1000.00,1000.0,Rep. Mike Johnson,2023,Year-End (July 1 - Dec 31),8e7b6166-68a9-484e-8303-efe1cf4d2736,https://lda.gov/filings/public/contribution/8e7b6166-68a9-484e-8303-efe1cf4d2736/print/
"Johnson (Speaker, reportedly arranged the block)",J000299,AMERICAN BANKERS ASSOCIATION,2023-10-13,2500.00,2500.0,Rep Mike Johnson,2023,Year-End (July 1 - Dec 31),2871ee0d-e813-40b1-9569-19d6c8c26c55,https://lda.gov/filings/public/contribution/2871ee0d-e813-40b1-9569-19d6c8c26c55/print/
"Johnson (Speaker, reportedly arranged the block)",J000299,"KOCH GOVERNMENT AFFAIRS, LLC",2023-10-25,500.00,500.0,Rep. Mike Johnson,2023,Year-End (July 1 - Dec 31),8e7b6166-68a9-484e-8303-efe1cf4d2736,https://lda.gov/filings/public/contribution/8e7b6166-68a9-484e-8303-efe1cf4d2736/print/
"Johnson (Speaker, reportedly arranged the block)",J000299,"KOCH GOVERNMENT AFFAIRS, LLC",2023-10-25,2000.00,2000.0,Rep. Mike Johnson,2023,Year-End (July 1 - Dec 31),8e7b6166-68a9-484e-8303-efe1cf4d2736,https://lda.gov/filings/public/contribution/8e7b6166-68a9-484e-8303-efe1cf4d2736/print/
"Johnson (Speaker, reportedly arranged the block)",J000299,AMERICAN BANKERS ASSOCIATION,2023-10-27,2500.00,2500.0,Rep Mike Johnson,2023,Year-End (July 1 - Dec 31),2871ee0d-e813-40b1-9569-19d6c8c26c55,https://lda.gov/filings/public/contribution/2871ee0d-e813-40b1-9569-19d6c8c26c55/print/
"Johnson (Speaker, reportedly arranged the block)",J000299,APPLE INC.,2023-11-18,1000.00,1000.0,Mike Johnson,2023,Year-End (July 1 - Dec 31),982b4b69-cda6-4224-a17e-0af070c62493,https://lda.gov/filings/public/contribution/982b4b69-cda6-4224-a17e-0af070c62493/print/
"Johnson (Speaker, reportedly arranged the block)",J000299,GOOGLE CLIENT SERVICES LLC,2023-11-22,1000.00,1000.0,Rep. Mike Johnson,2023,Year-End (July 1 - Dec 31),e60aace0-a9ca-4252-bac3-28c87d247d5d,https://lda.gov/filings/public/contribution/e60aace0-a9ca-4252-bac3-28c87d247d5d/print/
"Johnson (Speaker, reportedly arranged the block)",J000299,AMERICAN BANKERS ASSOCIATION,2023-11-27,5000.00,5000.0,Rep Mike Johnson,2023,Year-End (July 1 - Dec 31),2871ee0d-e813-40b1-9569-19d6c8c26c55,https://lda.gov/filings/public/contribution/2871ee0d-e813-40b1-9569-19d6c8c26c55/print/
"Johnson (Speaker, reportedly arranged the block)",J000299,HONEYWELL INTERNATIONAL,2023-11-28,5000.00,5000.0,Mike Johnson,2023,Year-End (July 1 - Dec 31),d0290e25-94af-493c-8592-b2e35b77a549,https://lda.gov/filings/public/contribution/d0290e25-94af-493c-8592-b2e35b77a549/print/
"Johnson (Speaker, reportedly arranged the block)",J000299,HONEYWELL INTERNATIONAL,2023-11-28,5000.00,5000.0,Mike Johnson,2023,Year-End (July 1 - Dec 31),d0290e25-94af-493c-8592-b2e35b77a549,https://lda.gov/filings/public/contribution/d0290e25-94af-493c-8592-b2e35b77a549/print/
"Johnson (Speaker, reportedly arranged the block)",J000299,HONEYWELL INTERNATIONAL,2023-11-28,5000.00,5000.0,Mike Johnson,2023,Year-End (July 1 - Dec 31),d0290e25-94af-493c-8592-b2e35b77a549,https://lda.gov/filings/public/contribution/d0290e25-94af-493c-8592-b2e35b77a549/print/
"Johnson (Speaker, reportedly arranged the block)",J000299,GOOGLE CLIENT SERVICES LLC,2023-11-30,5000.00,5000.0,Rep. Mike Johnson,2023,Year-End (July 1 - Dec 31),ea995f73-c848-4867-8cf6-0aef9a8f428a,https://lda.gov/filings/public/contribution/ea995f73-c848-4867-8cf6-0aef9a8f428a/print/
"Johnson (Speaker, reportedly arranged the block)",J000299,GOOGLE CLIENT SERVICES LLC,2023-11-30,5000.00,5000.0,Rep. Mike Johnson,2023,Year-End (July 1 - Dec 31),ea995f73-c848-4867-8cf6-0aef9a8f428a,https://lda.gov/filings/public/contribution/ea995f73-c848-4867-8cf6-0aef9a8f428a/print/
"Johnson (Speaker, reportedly arranged the block)",J000299,INDEPENDENT INSURANCE AGENTS & BROKERS OF AMERICA,2023-12-11,5000.00,5000.0,Mike Johnson,2023,Year-End (July 1 - Dec 31),8ef9f145-97ad-4514-b0ad-1a642bee49cc,https://lda.gov/filings/public/contribution/8ef9f145-97ad-4514-b0ad-1a642bee49cc/print/
"Johnson (Speaker, reportedly arranged the block)",J000299,"KOCH GOVERNMENT AFFAIRS, LLC",2023-12-11,5000.00,5000.0,Rep. Mike Johnson,2023,Year-End (July 1 - Dec 31),8e7b6166-68a9-484e-8303-efe1cf4d2736,https://lda.gov/filings/public/contribution/8e7b6166-68a9-484e-8303-efe1cf4d2736/print/
"Johnson (Speaker, reportedly arranged the block)",J000299,THE HOME DEPOT,2023-12-11,5000.00,5000.0,Rep. Mike Johnson,2023,Year-End (July 1 - Dec 31),874060a3-3cd1-42c2-8886-da959d3671c5,https://lda.gov/filings/public/contribution/874060a3-3cd1-42c2-8886-da959d3671c5/print/
"Johnson (Speaker, reportedly arranged the block)",J000299,AMERICAN BANKERS ASSOCIATION,2023-12-14,5000.00,5000.0,Rep Mike Johnson,2023,Year-End (July 1 - Dec 31),2871ee0d-e813-40b1-9569-19d6c8c26c55,https://lda.gov/filings/public/contribution/2871ee0d-e813-40b1-9569-19d6c8c26c55/print/
"Johnson (Speaker, reportedly arranged the block)",J000299,COX ENTERPRISES INC.,2023-12-14,5000.00,5000.0,Rep. Mike Johnson,2023,Year-End (July 1 - Dec 31),63eb1b90-5722-4b42-9e24-c5b24a4ee1f2,https://lda.gov/filings/public/contribution/63eb1b90-5722-4b42-9e24-c5b24a4ee1f2/print/
"Johnson (Speaker, reportedly arranged the block)",J000299,CAPITAL ONE FINANCIAL CORPORATION,2023-12-15,5000.00,5000.0,Mike Johnson,2023,Year-End (July 1 - Dec 31),9b180124-5680-4bcb-a43f-9ddf6eb8f0dc,https://lda.gov/filings/public/contribution/9b180124-5680-4bcb-a43f-9ddf6eb8f0dc/print/
"Johnson (Speaker, reportedly arranged the block)",J000299,THE HOME DEPOT,2023-12-17,5000.00,5000.0,Rep. Mike Johnson,2023,Year-End (July 1 - Dec 31),874060a3-3cd1-42c2-8886-da959d3671c5,https://lda.gov/filings/public/contribution/874060a3-3cd1-42c2-8886-da959d3671c5/print/
"Johnson (Speaker, reportedly arranged the block)",J000299,THE HOME DEPOT,2023-12-17,5000.00,5000.0,Rep. Mike Johnson,2023,Year-End (July 1 - Dec 31),874060a3-3cd1-42c2-8886-da959d3671c5,https://lda.gov/filings/public/contribution/874060a3-3cd1-42c2-8886-da959d3671c5/print/
"Johnson (Speaker, reportedly arranged the block)",J000299,ROCK CENTRAL,2023-12-19,5000.00,5000.0,Congressman Mike Johnson,2023,Year-End (July 1 - Dec 31),273f8952-1bb9-4cd7-944e-a16cf67291d8,https://lda.gov/filings/public/contribution/273f8952-1bb9-4cd7-944e-a16cf67291d8/print/
"Johnson (Speaker, reportedly arranged the block)",J000299,MORTGAGE BANKERS ASSOCIATION,2023-12-20,5000.00,5000.0,Rep Mike Johnson,2023,Year-End (July 1 - Dec 31),9f985404-b53e-4dd7-b04b-7280daa59aac,https://lda.gov/filings/public/contribution/9f985404-b53e-4dd7-b04b-7280daa59aac/print/
"Johnson (Speaker, reportedly arranged the block)",J000299,FORD MOTOR COMPANY,2024-01-17,10000.00,10000.0,Rep. Mike Johnson,2024,Mid-Year (Jan 1 - Jun 30),ff569b5a-49b3-4b29-b528-5052b1d4f551,https://lda.gov/filings/public/contribution/ff569b5a-49b3-4b29-b528-5052b1d4f551/print/
"Johnson (Speaker, reportedly arranged the block)",J000299,INTERNATIONAL FRANCHISE ASSOCIATION,2024-01-19,5000.00,5000.0,Mike Johnson,2024,Mid-Year (Jan 1 - Jun 30),cc25d471-9e21-4cb7-a2b5-da5d91519627,https://lda.gov/filings/public/contribution/cc25d471-9e21-4cb7-a2b5-da5d91519627/print/
"Johnson (Speaker, reportedly arranged the block)",J000299,INTERNATIONAL FRANCHISE ASSOCIATION,2024-01-19,5000.00,5000.0,Mike Johnson,2024,Mid-Year (Jan 1 - Jun 30),cc25d471-9e21-4cb7-a2b5-da5d91519627,https://lda.gov/filings/public/contribution/cc25d471-9e21-4cb7-a2b5-da5d91519627/print/
"Johnson (Speaker, reportedly arranged the block)",J000299,AMERICAN BANKERS ASSOCIATION,2024-02-01,5000.00,5000.0,Rep Mike Johnson,2024,Mid-Year (Jan 1 - Jun 30),082d5e8f-dd55-450a-bf22-7f3e2e5d9a51,https://lda.gov/filings/public/contribution/082d5e8f-dd55-450a-bf22-7f3e2e5d9a51/print/
"Johnson (Speaker, reportedly arranged the block)",J000299,CAPITAL ONE FINANCIAL CORPORATION,2024-02-09,4000.00,4000.0,Mike Johnson,2024,Mid-Year (Jan 1 - Jun 30),3e780ad4-ac2f-430e-a04b-4929e28c5ecc,https://lda.gov/filings/public/contribution/3e780ad4-ac2f-430e-a04b-4929e28c5ecc/print/
"Johnson (Speaker, reportedly arranged the block)",J000299,CAPITAL ONE FINANCIAL CORPORATION,2024-02-09,1000.00,1000.0,Mike Johnson,2024,Mid-Year (Jan 1 - Jun 30),3e780ad4-ac2f-430e-a04b-4929e28c5ecc,https://lda.gov/filings/public/contribution/3e780ad4-ac2f-430e-a04b-4929e28c5ecc/print/
"Johnson (Speaker, reportedly arranged the block)",J000299,"KOCH GOVERNMENT AFFAIRS, LLC",2024-02-12,5000.00,5000.0,Rep. Mike Johnson,2024,Mid-Year (Jan 1 - Jun 30),d45eacd3-1a80-44ac-94ad-d6763df2fb23,https://lda.gov/filings/public/contribution/d45eacd3-1a80-44ac-94ad-d6763df2fb23/print/
"Johnson (Speaker, reportedly arranged the block)",J000299,AFLAC INCORPORATED,2024-02-22,5000.00,5000.0,Rep. Mike Johnson,2024,Mid-Year (Jan 1 - Jun 30),c430dddb-72d1-47d0-a28e-1afec91a6b50,https://lda.gov/filings/public/contribution/c430dddb-72d1-47d0-a28e-1afec91a6b50/print/
"Johnson (Speaker, reportedly arranged the block)",J000299,AFLAC INCORPORATED,2024-02-22,5000.00,5000.0,Rep. Mike Johnson,2024,Mid-Year (Jan 1 - Jun 30),c430dddb-72d1-47d0-a28e-1afec91a6b50,https://lda.gov/filings/public/contribution/c430dddb-72d1-47d0-a28e-1afec91a6b50/print/
"Johnson (Speaker, reportedly arranged the block)",J000299,AMERICAN BANKERS ASSOCIATION,2024-02-26,5000.00,5000.0,Rep Mike Johnson,2024,Mid-Year (Jan 1 - Jun 30),082d5e8f-dd55-450a-bf22-7f3e2e5d9a51,https://lda.gov/filings/public/contribution/082d5e8f-dd55-450a-bf22-7f3e2e5d9a51/print/
"Johnson (Speaker, reportedly arranged the block)",J000299,ALABAMA FARMERS FEDERATION,2024-02-28,10000.00,10000.0,Mike Johnson,2024,Mid-Year (Jan 1 - Jun 30),ffeb1542-b501-47c6-bf33-d11c762377c0,https://lda.gov/filings/public/contribution/ffeb1542-b501-47c6-bf33-d11c762377c0/print/
"Johnson (Speaker, reportedly arranged the block)",J000299,MORTGAGE BANKERS ASSOCIATION,2024-02-29,2500.00,2500.0,Rep Mike Johnson,2024,Mid-Year (Jan 1 - Jun 30),20e3e019-00a9-4f16-890d-27e6445cb2c4,https://lda.gov/filings/public/contribution/20e3e019-00a9-4f16-890d-27e6445cb2c4/print/
"Johnson (Speaker, reportedly arranged the block)",J000299,NATIONAL ASSOCIATION OF MUTUAL INSURANCE COMPANIES,2024-03-01,5000.00,5000.0,Rep Mike Johnson,2024,Mid-Year (Jan 1 - Jun 30),5012d220-0e5d-4961-ad17-ba5bc5689cc5,https://lda.gov/filings/public/contribution/5012d220-0e5d-4961-ad17-ba5bc5689cc5/print/
"Johnson (Speaker, reportedly arranged the block)",J000299,NATIONAL ASSOCIATION OF MUTUAL INSURANCE COMPANIES,2024-03-01,5000.00,5000.0,Rep Mike Johnson,2024,Mid-Year (Jan 1 - Jun 30),5012d220-0e5d-4961-ad17-ba5bc5689cc5,https://lda.gov/filings/public/contribution/5012d220-0e5d-4961-ad17-ba5bc5689cc5/print/
"Johnson (Speaker, reportedly arranged the block)",J000299,NATIONAL ASSOCIATION OF MUTUAL INSURANCE COMPANIES,2024-03-01,5000.00,5000.0,Rep Mike Johnson,2024,Mid-Year (Jan 1 - Jun 30),5012d220-0e5d-4961-ad17-ba5bc5689cc5,https://lda.gov/filings/public/contribution/5012d220-0e5d-4961-ad17-ba5bc5689cc5/print/
"Johnson (Speaker, reportedly arranged the block)",J000299,"LUMEN TECHNOLOGIES, INC.",2024-03-07,5000.00,5000.0,Mike Johnson,2024,Mid-Year (Jan 1 - Jun 30),bb1a91a3-354e-48d0-8183-d10d7833110c,https://lda.gov/filings/public/contribution/bb1a91a3-354e-48d0-8183-d10d7833110c/print/
"Johnson (Speaker, reportedly arranged the block)",J000299,"LUMEN TECHNOLOGIES, INC.",2024-03-07,5000.00,5000.0,Mike Johnson,2024,Mid-Year (Jan 1 - Jun 30),bb1a91a3-354e-48d0-8183-d10d7833110c,https://lda.gov/filings/public/contribution/bb1a91a3-354e-48d0-8183-d10d7833110c/print/
"Johnson (Speaker, reportedly arranged the block)",J000299,HONEYWELL INTERNATIONAL,2024-03-14,5000.00,5000.0,Mike Johnson,2024,Mid-Year (Jan 1 - Jun 30),227096b0-5abc-4276-bc3f-f4b4fa0e73c6,https://lda.gov/filings/public/contribution/227096b0-5abc-4276-bc3f-f4b4fa0e73c6/print/
"Johnson (Speaker, reportedly arranged the block)",J000299,"KOCH GOVERNMENT AFFAIRS, LLC",2024-03-15,3000.00,3000.0,Rep. Mike Johnson,2024,Mid-Year (Jan 1 - Jun 30),d45eacd3-1a80-44ac-94ad-d6763df2fb23,https://lda.gov/filings/public/contribution/d45eacd3-1a80-44ac-94ad-d6763df2fb23/print/
"Johnson (Speaker, reportedly arranged the block)",J000299,INDEPENDENT INSURANCE AGENTS & BROKERS OF AMERICA,2024-03-20,5000.00,5000.0,Mike Johnson,2024,Mid-Year (Jan 1 - Jun 30),74e57ec6-f46f-4340-af21-22780b34b6b4,https://lda.gov/filings/public/contribution/74e57ec6-f46f-4340-af21-22780b34b6b4/print/
"Johnson (Speaker, reportedly arranged the block)",J000299,INDEPENDENT INSURANCE AGENTS & BROKERS OF AMERICA,2024-03-20,5000.00,5000.0,Mike Johnson,2024,Mid-Year (Jan 1 - Jun 30),74e57ec6-f46f-4340-af21-22780b34b6b4,https://lda.gov/filings/public/contribution/74e57ec6-f46f-4340-af21-22780b34b6b4/print/
"Johnson (Speaker, reportedly arranged the block)",J000299,ROCK CENTRAL,2024-03-27,5000.00,5000.0,Representative Mike Johnson,2024,Mid-Year (Jan 1 - Jun 30),037907e3-17a2-4b83-9bf7-156399f83417,https://lda.gov/filings/public/contribution/037907e3-17a2-4b83-9bf7-156399f83417/print/
"Johnson (Speaker, reportedly arranged the block)",J000299,GOOGLE CLIENT SERVICES LLC,2024-03-29,5000.00,5000.0,Rep. Mike Johnson,2024,Mid-Year (Jan 1 - Jun 30),a17e1768-be6f-4c1f-b2ff-bbc82c80dfb2,https://lda.gov/filings/public/contribution/a17e1768-be6f-4c1f-b2ff-bbc82c80dfb2/print/
"Johnson (Speaker, reportedly arranged the block)",J000299,AMAZON.COM SERVICES LLC,2024-06-02,5000.00,5000.0,Rep. Mike Johnson,2024,Mid-Year (Jan 1 - Jun 30),59b18ae4-0b3d-4bc5-9e05-94eea720d928,https://lda.gov/filings/public/contribution/59b18ae4-0b3d-4bc5-9e05-94eea720d928/print/
"Johnson (Speaker, reportedly arranged the block)",J000299,AMAZON.COM SERVICES LLC,2024-06-02,5000.00,5000.0,Rep. Mike Johnson,2024,Mid-Year (Jan 1 - Jun 30),59b18ae4-0b3d-4bc5-9e05-94eea720d928,https://lda.gov/filings/public/contribution/59b18ae4-0b3d-4bc5-9e05-94eea720d928/print/
"Johnson (Speaker, reportedly arranged the block)",J000299,AMAZON.COM SERVICES LLC,2024-06-02,5000.00,5000.0,Rep. Mike Johnson,2024,Mid-Year (Jan 1 - Jun 30),59b18ae4-0b3d-4bc5-9e05-94eea720d928,https://lda.gov/filings/public/contribution/59b18ae4-0b3d-4bc5-9e05-94eea720d928/print/
"Johnson (Speaker, reportedly arranged the block)",J000299,THE PROCTER AND GAMBLE COMPANY,2024-06-06,2500.00,2500.0,Rep. Mike Johnson,2024,Mid-Year (Jan 1 - Jun 30),1984a192-f3b9-497e-976e-30fb2a6ab9a6,https://lda.gov/filings/public/contribution/1984a192-f3b9-497e-976e-30fb2a6ab9a6/print/
"Johnson (Speaker, reportedly arranged the block)",J000299,CAPITAL ONE FINANCIAL CORPORATION,2024-06-12,4000.00,4000.0,Mike Johnson,2024,Mid-Year (Jan 1 - Jun 30),3e780ad4-ac2f-430e-a04b-4929e28c5ecc,https://lda.gov/filings/public/contribution/3e780ad4-ac2f-430e-a04b-4929e28c5ecc/print/
"Johnson (Speaker, reportedly arranged the block)",J000299,LOWE'S COMPANIES INC.,2024-06-17,5000.00,5000.0,Rep. Mike Johnson,2024,Mid-Year (Jan 1 - Jun 30),ae72b70d-4025-44c7-a16b-e914c799459d,https://lda.gov/filings/public/contribution/ae72b70d-4025-44c7-a16b-e914c799459d/print/
"Johnson (Speaker, reportedly arranged the block)",J000299,LOWE'S COMPANIES INC.,2024-06-17,5000.00,5000.0,Rep. Mike Johnson,2024,Mid-Year (Jan 1 - Jun 30),ae72b70d-4025-44c7-a16b-e914c799459d,https://lda.gov/filings/public/contribution/ae72b70d-4025-44c7-a16b-e914c799459d/print/
"Johnson (Speaker, reportedly arranged the block)",J000299,AMERICAN LAND TITLE ASSOCIATION,2024-06-20,5000.00,5000.0,Mike Johnson,2024,Mid-Year (Jan 1 - Jun 30),caa81685-35ac-487d-b18b-cb08a3a6e54e,https://lda.gov/filings/public/contribution/caa81685-35ac-487d-b18b-cb08a3a6e54e/print/
"Johnson (Speaker, reportedly arranged the block)",J000299,CHAMBER OF COMMERCE OF THE U.S.A.,2024-06-25,5000.00,5000.0,Mike Johnson,2024,Mid-Year (Jan 1 - Jun 30),bea9efeb-3567-4fb4-a33f-843e40b226ca,https://lda.gov/filings/public/contribution/bea9efeb-3567-4fb4-a33f-843e40b226ca/print/
"Johnson (Speaker, reportedly arranged the block)",J000299,PACIFIC GAS AND ELECTRIC COMPANY,2024-06-27,2500.00,2500.0,Rep. Mike Johnson,2024,Mid-Year (Jan 1 - Jun 30),2853a4ed-6795-4845-a608-6a46ae651a34,https://lda.gov/filings/public/contribution/2853a4ed-6795-4845-a608-6a46ae651a34/print/
"Johnson (Speaker, reportedly arranged the block)",J000299,EDISON ELECTRIC INSTITUTE,2024-06-28,5000.00,5000.0,Rep. Mike Johnson,2024,Mid-Year (Jan 1 - Jun 30),2493ab22-fabc-4a80-8b3f-5bb29ab25d99,https://lda.gov/filings/public/contribution/2493ab22-fabc-4a80-8b3f-5bb29ab25d99/print/
"Johnson (Speaker, reportedly arranged the block)",J000299,RETAIL INDUSTRY LEADERS ASSOCIATION,2024-07-08,2500.00,2500.0,Mike Johnson,2024,Year-End (July 1 - Dec 31),65d59cc8-2944-4618-9246-29a3a8e3725c,https://lda.gov/filings/public/contribution/65d59cc8-2944-4618-9246-29a3a8e3725c/print/
"Johnson (Speaker, reportedly arranged the block)",J000299,MORTGAGE BANKERS ASSOCIATION,2024-07-24,5000.00,5000.0,Rep Mike Johnson,2024,Year-End (July 1 - Dec 31),5baae0d8-ef97-4519-babf-6269bf20431a,https://lda.gov/filings/public/contribution/5baae0d8-ef97-4519-babf-6269bf20431a/print/
"Johnson (Speaker, reportedly arranged the block)",J000299,GOOGLE CLIENT SERVICES LLC,2024-07-31,5000.00,5000.0,Rep. Mike Johnson,2024,Year-End (July 1 - Dec 31),7e39679c-3d35-4a91-b3db-4779c580ae15,https://lda.gov/filings/public/contribution/7e39679c-3d35-4a91-b3db-4779c580ae15/print/
"Johnson (Speaker, reportedly arranged the block)",J000299,NATIONAL ASSOCIATION OF MANUFACTURERS,2024-08-08,5000.00,5000.0,Mike Johnson,2024,Year-End (July 1 - Dec 31),81b17fa1-bb78-4b7d-84ee-6ba0025d27b3,https://lda.gov/filings/public/contribution/81b17fa1-bb78-4b7d-84ee-6ba0025d27b3/print/
"Johnson (Speaker, reportedly arranged the block)",J000299,"LUMEN TECHNOLOGIES, INC.",2024-09-19,5000.00,5000.0,Mike Johnson,2024,Year-End (July 1 - Dec 31),1f9e378b-609a-49e0-bee8-aa2f3ebf8150,https://lda.gov/filings/public/contribution/1f9e378b-609a-49e0-bee8-aa2f3ebf8150/print/
"Johnson (Speaker, reportedly arranged the block)",J000299,INDEPENDENT INSURANCE AGENTS & BROKERS OF AMERICA,2024-09-25,5000.00,5000.0,Mike Johnson,2024,Year-End (July 1 - Dec 31),6ce77553-d9c7-4410-98f4-91a1dc99206a,https://lda.gov/filings/public/contribution/6ce77553-d9c7-4410-98f4-91a1dc99206a/print/
"Johnson (Speaker, reportedly arranged the block)",J000299,MORTGAGE BANKERS ASSOCIATION,2024-09-26,5000.00,5000.0,Rep Mike Johnson,2024,Year-End (July 1 - Dec 31),5baae0d8-ef97-4519-babf-6269bf20431a,https://lda.gov/filings/public/contribution/5baae0d8-ef97-4519-babf-6269bf20431a/print/
"Johnson (Speaker, reportedly arranged the block)",J000299,RAI SERVICES COMPANY,2024-10-02,5000.00,5000.0,Rep Mike Johnson,2024,Year-End (July 1 - Dec 31),728db5fb-82a4-4190-b2db-c11164ea7096,https://lda.gov/filings/public/contribution/728db5fb-82a4-4190-b2db-c11164ea7096/print/
"Johnson (Speaker, reportedly arranged the block)",J000299,PARAMOUNT SKYDANCE CORPORATION (FKA PARAMOUNT GLOBAL),2024-10-04,2500.00,2500.0,Rep. Mike Johnson,2024,Year-End (July 1 - Dec 31),990a9a3d-26e2-450d-8cfb-f110f6a927a9,https://lda.gov/filings/public/contribution/990a9a3d-26e2-450d-8cfb-f110f6a927a9/print/
"Johnson (Speaker, reportedly arranged the block)",J000299,NATIONAL ASSOCIATION OF MANUFACTURERS,2024-10-07,5000.00,5000.0,Mike Johnson,2024,Year-End (July 1 - Dec 31),81b17fa1-bb78-4b7d-84ee-6ba0025d27b3,https://lda.gov/filings/public/contribution/81b17fa1-bb78-4b7d-84ee-6ba0025d27b3/print/
"Johnson (Speaker, reportedly arranged the block)",J000299,FORD MOTOR COMPANY,2024-10-29,10000.00,10000.0,Rep. Mike Johnson,2024,Year-End (July 1 - Dec 31),7ce01279-2952-45a1-b13b-5a10aa11931f,https://lda.gov/filings/public/contribution/7ce01279-2952-45a1-b13b-5a10aa11931f/print/
"Johnson (Speaker, reportedly arranged the block)",J000299,AMERICAN BANKERS ASSOCIATION,2025-01-30,5000.00,5000.0,Rep Mike Johnson,2025,Mid-Year (Jan 1 - Jun 30),3b59d0c1-3f93-4da9-be3b-f16be44da9dd,https://lda.gov/filings/public/contribution/3b59d0c1-3f93-4da9-be3b-f16be44da9dd/print/
"Johnson (Speaker, reportedly arranged the block)",J000299,ALABAMA FARMERS FEDERATION,2025-02-03,5000.00,5000.0,Mike Johnson,2025,Mid-Year (Jan 1 - Jun 30),9e439737-8780-41b7-80a6-761a5a584dd2,https://lda.gov/filings/public/contribution/9e439737-8780-41b7-80a6-761a5a584dd2/print/
"Johnson (Speaker, reportedly arranged the block)",J000299,CAPITAL ONE FINANCIAL CORPORATION,2025-02-03,5000.00,5000.0,Mike Johnson,2025,Mid-Year (Jan 1 - Jun 30),43fecb4e-7759-4a78-84a1-e28388ce4311,https://lda.gov/filings/public/contribution/43fecb4e-7759-4a78-84a1-e28388ce4311/print/
"Johnson (Speaker, reportedly arranged the block)",J000299,NEWS CORPORATION,2025-02-06,2000.00,2000.0,Mike Johnson,2025,Mid-Year (Jan 1 - Jun 30),ed4a72dd-f251-48dc-9874-c42618ffa351,https://lda.gov/filings/public/contribution/ed4a72dd-f251-48dc-9874-c42618ffa351/print/
"Johnson (Speaker, reportedly arranged the block)",J000299,PARAMOUNT SKYDANCE CORPORATION (FKA PARAMOUNT GLOBAL),2025-02-07,2000.00,2000.0,Rep. Mike Johnson,2025,Mid-Year (Jan 1 - Jun 30),c5932fc8-02ba-4be5-bb1d-384bbf28caf9,https://lda.gov/filings/public/contribution/c5932fc8-02ba-4be5-bb1d-384bbf28caf9/print/
"Johnson (Speaker, reportedly arranged the block)",J000299,AMAZON.COM SERVICES LLC,2025-02-18,5000.00,5000.0,Rep. Mike Johnson,2025,Mid-Year (Jan 1 - Jun 30),4aeb0fb5-80e0-445f-b9c6-77da72d2840a,https://lda.gov/filings/public/contribution/4aeb0fb5-80e0-445f-b9c6-77da72d2840a/print/
"Johnson (Speaker, reportedly arranged the block)",J000299,AMAZON.COM SERVICES LLC,2025-02-18,5000.00,5000.0,Rep. Mike Johnson,2025,Mid-Year (Jan 1 - Jun 30),4aeb0fb5-80e0-445f-b9c6-77da72d2840a,https://lda.gov/filings/public/contribution/4aeb0fb5-80e0-445f-b9c6-77da72d2840a/print/
"Johnson (Speaker, reportedly arranged the block)",J000299,AMAZON.COM SERVICES LLC,2025-02-18,5000.00,5000.0,Rep. Mike Johnson,2025,Mid-Year (Jan 1 - Jun 30),4aeb0fb5-80e0-445f-b9c6-77da72d2840a,https://lda.gov/filings/public/contribution/4aeb0fb5-80e0-445f-b9c6-77da72d2840a/print/
"Johnson (Speaker, reportedly arranged the block)",J000299,NATIONAL ASSOCIATION OF MUTUAL INSURANCE COMPANIES,2025-02-24,5000.00,5000.0,Rep Mike Johnson,2025,Mid-Year (Jan 1 - Jun 30),d6eec8d5-f7ec-4853-ae34-cc61e68b74b3,https://lda.gov/filings/public/contribution/d6eec8d5-f7ec-4853-ae34-cc61e68b74b3/print/
"Johnson (Speaker, reportedly arranged the block)",J000299,NATIONAL ASSOCIATION OF MUTUAL INSURANCE COMPANIES,2025-02-24,5000.00,5000.0,Rep Mike Johnson,2025,Mid-Year (Jan 1 - Jun 30),d6eec8d5-f7ec-4853-ae34-cc61e68b74b3,https://lda.gov/filings/public/contribution/d6eec8d5-f7ec-4853-ae34-cc61e68b74b3/print/
"Johnson (Speaker, reportedly arranged the block)",J000299,AMERICAN BANKERS ASSOCIATION,2025-02-27,5000.00,5000.0,Rep Mike Johnson,2025,Mid-Year (Jan 1 - Jun 30),3b59d0c1-3f93-4da9-be3b-f16be44da9dd,https://lda.gov/filings/public/contribution/3b59d0c1-3f93-4da9-be3b-f16be44da9dd/print/
"Johnson (Speaker, reportedly arranged the block)",J000299,AMERICAN BANKERS ASSOCIATION,2025-02-27,5000.00,5000.0,Rep Mike Johnson,2025,Mid-Year (Jan 1 - Jun 30),3b59d0c1-3f93-4da9-be3b-f16be44da9dd,https://lda.gov/filings/public/contribution/3b59d0c1-3f93-4da9-be3b-f16be44da9dd/print/
"Johnson (Speaker, reportedly arranged the block)",J000299,AMERICAN BANKERS ASSOCIATION,2025-02-27,5000.00,5000.0,Rep Mike Johnson,2025,Mid-Year (Jan 1 - Jun 30),3b59d0c1-3f93-4da9-be3b-f16be44da9dd,https://lda.gov/filings/public/contribution/3b59d0c1-3f93-4da9-be3b-f16be44da9dd/print/
"Johnson (Speaker, reportedly arranged the block)",J000299,INDEPENDENT INSURANCE AGENTS & BROKERS OF AMERICA,2025-02-28,20000.00,20000.0,Mike Johnson,2025,Mid-Year (Jan 1 - Jun 30),b655e396-64bc-4dd9-ad1d-7d5e83e73aa4,https://lda.gov/filings/public/contribution/b655e396-64bc-4dd9-ad1d-7d5e83e73aa4/print/
"Johnson (Speaker, reportedly arranged the block)",J000299,GOOGLE CLIENT SERVICES LLC,2025-03-07,5000.00,5000.0,Rep. Mike Johnson,2025,Mid-Year (Jan 1 - Jun 30),bd034571-ccfd-4eaf-a175-f5d1a1e37d1e,https://lda.gov/filings/public/contribution/bd034571-ccfd-4eaf-a175-f5d1a1e37d1e/print/
"Johnson (Speaker, reportedly arranged the block)",J000299,INTERNATIONAL FRANCHISE ASSOCIATION,2025-03-14,5000.00,5000.0,Mike Johnson,2025,Mid-Year (Jan 1 - Jun 30),f9fda97d-ae74-4ef5-a7a0-cc01e6cad8d8,https://lda.gov/filings/public/contribution/f9fda97d-ae74-4ef5-a7a0-cc01e6cad8d8/print/
"Johnson (Speaker, reportedly arranged the block)",J000299,INTERNATIONAL FRANCHISE ASSOCIATION,2025-03-14,5000.00,5000.0,Mike Johnson,2025,Mid-Year (Jan 1 - Jun 30),f9fda97d-ae74-4ef5-a7a0-cc01e6cad8d8,https://lda.gov/filings/public/contribution/f9fda97d-ae74-4ef5-a7a0-cc01e6cad8d8/print/
"Johnson (Speaker, reportedly arranged the block)",J000299,"KOCH GOVERNMENT AFFAIRS, LLC",2025-03-18,5000.00,5000.0,Rep. Mike Johnson,2025,Mid-Year (Jan 1 - Jun 30),9c2db4db-1e6c-4b9c-8c19-1aaaab7d20df,https://lda.gov/filings/public/contribution/9c2db4db-1e6c-4b9c-8c19-1aaaab7d20df/print/
"Johnson (Speaker, reportedly arranged the block)",J000299,"KOCH GOVERNMENT AFFAIRS, LLC",2025-03-18,5000.00,5000.0,Rep. Mike Johnson,2025,Mid-Year (Jan 1 - Jun 30),9c2db4db-1e6c-4b9c-8c19-1aaaab7d20df,https://lda.gov/filings/public/contribution/9c2db4db-1e6c-4b9c-8c19-1aaaab7d20df/print/
"Johnson (Speaker, reportedly arranged the block)",J000299,AFLAC INCORPORATED,2025-03-20,5000.00,5000.0,Rep. Mike Johnson,2025,Mid-Year (Jan 1 - Jun 30),8dcb1127-5a63-47a5-8102-23adadfe4bbc,https://lda.gov/filings/public/contribution/8dcb1127-5a63-47a5-8102-23adadfe4bbc/print/
"Johnson (Speaker, reportedly arranged the block)",J000299,"CONSTELLATION ENERGY GENERATION, LLC",2025-03-21,2500.00,2500.0,Rep. Mike Johnson,2025,Mid-Year (Jan 1 - Jun 30),0bc97d2a-3c4d-48fb-80d0-16dbd6b10069,https://lda.gov/filings/public/contribution/0bc97d2a-3c4d-48fb-80d0-16dbd6b10069/print/
"Johnson (Speaker, reportedly arranged the block)",J000299,GOOGLE CLIENT SERVICES LLC,2025-03-21,5000.00,5000.0,Rep. Mike Johnson,2025,Mid-Year (Jan 1 - Jun 30),bd034571-ccfd-4eaf-a175-f5d1a1e37d1e,https://lda.gov/filings/public/contribution/bd034571-ccfd-4eaf-a175-f5d1a1e37d1e/print/
"Johnson (Speaker, reportedly arranged the block)",J000299,LOWE'S COMPANIES INC.,2025-03-24,2500.00,2500.0,Rep. Mike Johnson,2025,Mid-Year (Jan 1 - Jun 30),ccb6803d-2fb7-45d7-b829-495518369b29,https://lda.gov/filings/public/contribution/ccb6803d-2fb7-45d7-b829-495518369b29/print/
"Johnson (Speaker, reportedly arranged the block)",J000299,LOWE'S COMPANIES INC.,2025-03-24,5000.00,5000.0,Rep. Mike Johnson,2025,Mid-Year (Jan 1 - Jun 30),ccb6803d-2fb7-45d7-b829-495518369b29,https://lda.gov/filings/public/contribution/ccb6803d-2fb7-45d7-b829-495518369b29/print/
"Johnson (Speaker, reportedly arranged the block)",J000299,ROCKET LP FKA RKT HOLDINGS,2025-03-25,5000.00,5000.0,Representative Mike Johnson,2025,Mid-Year (Jan 1 - Jun 30),c2400be8-efbf-421b-bda9-6fa894a371cd,https://lda.gov/filings/public/contribution/c2400be8-efbf-421b-bda9-6fa894a371cd/print/
"Johnson (Speaker, reportedly arranged the block)",J000299,CAPITAL ONE FINANCIAL CORPORATION,2025-03-26,5000.00,5000.0,Mike Johnson,2025,Mid-Year (Jan 1 - Jun 30),43fecb4e-7759-4a78-84a1-e28388ce4311,https://lda.gov/filings/public/contribution/43fecb4e-7759-4a78-84a1-e28388ce4311/print/
"Johnson (Speaker, reportedly arranged the block)",J000299,RETAIL INDUSTRY LEADERS ASSOCIATION,2025-03-27,3000.00,3000.0,Mike Johnson,2025,Mid-Year (Jan 1 - Jun 30),178bfa4f-4080-4182-8f21-865f96648b9d,https://lda.gov/filings/public/contribution/178bfa4f-4080-4182-8f21-865f96648b9d/print/
"Johnson (Speaker, reportedly arranged the block)",J000299,AMERICAN LAND TITLE ASSOCIATION,2025-03-27,5000.00,5000.0,Rep. Mike Johnson,2025,Mid-Year (Jan 1 - Jun 30),bc06c0a3-7a93-4de7-adb0-0774a409b31e,https://lda.gov/filings/public/contribution/bc06c0a3-7a93-4de7-adb0-0774a409b31e/print/
"Johnson (Speaker, reportedly arranged the block)",J000299,MORTGAGE BANKERS ASSOCIATION,2025-03-28,5000.00,5000.0,Mike Johnson,2025,Mid-Year (Jan 1 - Jun 30),e4ba990d-ad76-434b-a64f-fa1f69a0a437,https://lda.gov/filings/public/contribution/e4ba990d-ad76-434b-a64f-fa1f69a0a437/print/
"Johnson (Speaker, reportedly arranged the block)",J000299,MORTGAGE BANKERS ASSOCIATION,2025-03-28,5000.00,5000.0,Rep Mike Johnson,2025,Mid-Year (Jan 1 - Jun 30),e4ba990d-ad76-434b-a64f-fa1f69a0a437,https://lda.gov/filings/public/contribution/e4ba990d-ad76-434b-a64f-fa1f69a0a437/print/
"Johnson (Speaker, reportedly arranged the block)",J000299,FORD MOTOR COMPANY,2025-04-07,5000.00,5000.0,Rep. Mike Johnson,2025,Mid-Year (Jan 1 - Jun 30),c495031e-7480-4f69-b913-f1fd2a9f35ad,https://lda.gov/filings/public/contribution/c495031e-7480-4f69-b913-f1fd2a9f35ad/print/
"Johnson (Speaker, reportedly arranged the block)",J000299,FORD MOTOR COMPANY,2025-04-07,5000.00,5000.0,Rep. Mike Johnson,2025,Mid-Year (Jan 1 - Jun 30),4fa9e11e-b0d9-49ed-81c0-ba2b527ca4f6,https://lda.gov/filings/public/contribution/4fa9e11e-b0d9-49ed-81c0-ba2b527ca4f6/print/
"Johnson (Speaker, reportedly arranged the block)",J000299,CHAMBER OF COMMERCE OF THE U.S.A.,2025-04-08,1033.06,1033.06,Rep. Mike Johnson,2025,Mid-Year (Jan 1 - Jun 30),fda4cfb7-4c62-466e-9e99-b374b0578fab,https://lda.gov/filings/public/contribution/fda4cfb7-4c62-466e-9e99-b374b0578fab/print/
"Johnson (Speaker, reportedly arranged the block)",J000299,"LUMEN TECHNOLOGIES, INC.",2025-04-15,15000.00,15000.0,Mike Johnson,2025,Mid-Year (Jan 1 - Jun 30),ac7953c3-5668-4c30-97b7-15b8165ebb7d,https://lda.gov/filings/public/contribution/ac7953c3-5668-4c30-97b7-15b8165ebb7d/print/
"Johnson (Speaker, reportedly arranged the block)",J000299,NATIONAL GROCERS ASSOCIATION,2025-04-29,2500.00,2500.0,Mike Johnson,2025,Mid-Year (Jan 1 - Jun 30),982b0ff8-e01a-42bb-83ef-90dedc064572,https://lda.gov/filings/public/contribution/982b0ff8-e01a-42bb-83ef-90dedc064572/print/
"Johnson (Speaker, reportedly arranged the block)",J000299,COX ENTERPRISES INC.,2025-05-22,5000.00,5000.0,Mike Johnson,2025,Mid-Year (Jan 1 - Jun 30),1c54fd69-4507-44ae-80b3-fc4f500b64e9,https://lda.gov/filings/public/contribution/1c54fd69-4507-44ae-80b3-fc4f500b64e9/print/
"Johnson (Speaker, reportedly arranged the block)",J000299,COX ENTERPRISES INC.,2025-05-22,5000.00,5000.0,Mike Johnson,2025,Mid-Year (Jan 1 - Jun 30),1c54fd69-4507-44ae-80b3-fc4f500b64e9,https://lda.gov/filings/public/contribution/1c54fd69-4507-44ae-80b3-fc4f500b64e9/print/
"Johnson (Speaker, reportedly arranged the block)",J000299,HONEYWELL INTERNATIONAL,2025-05-30,5000.00,5000.0,Mike Johnson,2025,Mid-Year (Jan 1 - Jun 30),38d8797c-43b5-4c06-95f2-fff50e0a34f6,https://lda.gov/filings/public/contribution/38d8797c-43b5-4c06-95f2-fff50e0a34f6/print/
"Johnson (Speaker, reportedly arranged the block)",J000299,HONEYWELL INTERNATIONAL,2025-05-30,5000.00,5000.0,Mike Johnson,2025,Mid-Year (Jan 1 - Jun 30),38d8797c-43b5-4c06-95f2-fff50e0a34f6,https://lda.gov/filings/public/contribution/38d8797c-43b5-4c06-95f2-fff50e0a34f6/print/
"Johnson (Speaker, reportedly arranged the block)",J000299,RELX INC.,2025-06-10,2500.00,2500.0,Rep. Mike Johnson,2025,Mid-Year (Jan 1 - Jun 30),d15d332c-78f7-4fe3-b373-2b525d5ee334,https://lda.gov/filings/public/contribution/d15d332c-78f7-4fe3-b373-2b525d5ee334/print/
"Johnson (Speaker, reportedly arranged the block)",J000299,ROCKET LP FKA RKT HOLDINGS,2025-06-24,5000.00,5000.0,Representative Mike Johnson,2025,Mid-Year (Jan 1 - Jun 30),c2400be8-efbf-421b-bda9-6fa894a371cd,https://lda.gov/filings/public/contribution/c2400be8-efbf-421b-bda9-6fa894a371cd/print/
"Johnson (Speaker, reportedly arranged the block)",J000299,MORTGAGE BANKERS ASSOCIATION,2025-06-26,5000.00,5000.0,Rep Mike Johnson,2025,Mid-Year (Jan 1 - Jun 30),e4ba990d-ad76-434b-a64f-fa1f69a0a437,https://lda.gov/filings/public/contribution/e4ba990d-ad76-434b-a64f-fa1f69a0a437/print/
"Johnson (Speaker, reportedly arranged the block)",J000299,THE PROCTER AND GAMBLE COMPANY,2025-07-22,2500.00,2500.0,Rep. Mike Johnson,2025,Year-End (July 1 - Dec 31),63b0df97-3c73-4e21-89d3-5384845e9001,https://lda.gov/filings/public/contribution/63b0df97-3c73-4e21-89d3-5384845e9001/print/
"Johnson (Speaker, reportedly arranged the block)",J000299,"KOCH GOVERNMENT AFFAIRS, LLC",2025-09-29,5000.00,5000.0,Rep. Mike Johnson,2025,Year-End (July 1 - Dec 31),6e662a5f-e4d3-4cd3-a29e-421c1c3dbddc,https://lda.gov/filings/public/contribution/6e662a5f-e4d3-4cd3-a29e-421c1c3dbddc/print/
"Johnson (Speaker, reportedly arranged the block)",J000299,AFLAC INCORPORATED,2025-11-20,5000.00,5000.0,Rep. Mike Johnson,2025,Year-End (July 1 - Dec 31),d0a93bc7-f841-4a56-bc52-1b51cb5dc179,https://lda.gov/filings/public/contribution/d0a93bc7-f841-4a56-bc52-1b51cb5dc179/print/
"Johnson (Speaker, reportedly arranged the block)",J000299,AMERICAN LAND TITLE ASSOCIATION,2025-12-02,5000.00,5000.0,Rep. Mike Johnson,2025,Year-End (July 1 - Dec 31),c19bec6c-5a02-45ad-b6f3-39b039d3c4b2,https://lda.gov/filings/public/contribution/c19bec6c-5a02-45ad-b6f3-39b039d3c4b2/print/
"Johnson (Speaker, reportedly arranged the block)",J000299,UNITED SERVICES AUTOMOBILE ASSOCIATION,2025-12-09,5000.00,5000.0,Rep. Mike Johnson,2025,Year-End (July 1 - Dec 31),5f66bbfd-0769-411a-b13c-3753fc8ad770,https://lda.gov/filings/public/contribution/5f66bbfd-0769-411a-b13c-3753fc8ad770/print/
"Johnson (Speaker, reportedly arranged the block)",J000299,AFLAC INCORPORATED,2025-12-16,5000.00,5000.0,Rep. Mike Johnson,2025,Year-End (July 1 - Dec 31),d0a93bc7-f841-4a56-bc52-1b51cb5dc179,https://lda.gov/filings/public/contribution/d0a93bc7-f841-4a56-bc52-1b51cb5dc179/print/
"Johnson (Speaker, reportedly arranged the block)",J000299,RAI SERVICES COMPANY,2025-12-17,5000.00,5000.0,Rep Mike Johnson,2025,Year-End (July 1 - Dec 31),6c7f5b6d-5729-4b55-97fc-9f847e8e35d0,https://lda.gov/filings/public/contribution/6c7f5b6d-5729-4b55-97fc-9f847e8e35d0/print/
"Johnson (Speaker, reportedly arranged the block)",J000299,NATIONAL ASSOCIATION OF MANUFACTURERS,2025-12-22,5000.00,5000.0,Mike Johnson,2025,Year-End (July 1 - Dec 31),765ab183-a612-4af5-a3cc-f4a63037f80d,https://lda.gov/filings/public/contribution/765ab183-a612-4af5-a3cc-f4a63037f80d/print/
"Johnson (Speaker, reportedly arranged the block)",J000299,NATIONAL ASSOCIATION OF MANUFACTURERS,2025-12-22,5000.00,5000.0,Mike Johnson,2025,Year-End (July 1 - Dec 31),ac584077-3c2a-43a7-a20a-2e2c4278367f,https://lda.gov/filings/public/contribution/ac584077-3c2a-43a7-a20a-2e2c4278367f/print/
"McMorris Rodgers (bill's own lead GOP sponsor, reportedly excluded)",M001159,PORTLAND GENERAL ELECTRIC,2022-01-12,1000.00,1000.0,Cathy McMorris Rodgers,2022,Mid-Year (Jan 1 - Jun 30),0d215b46-e8f1-41e0-ac2d-327ac072b1b0,https://lda.gov/filings/public/contribution/0d215b46-e8f1-41e0-ac2d-327ac072b1b0/print/
"McMorris Rodgers (bill's own lead GOP sponsor, reportedly excluded)",M001159,THE NONPROFIT ALLIANCE,2022-01-18,500.00,500.0,Rep. Cathy McMorris Rodgers,2022,Mid-Year (Jan 1 - Jun 30),bfb56d43-4501-4a2e-a983-f0162fa34ca6,https://lda.gov/filings/public/contribution/bfb56d43-4501-4a2e-a983-f0162fa34ca6/print/
"McMorris Rodgers (bill's own lead GOP sponsor, reportedly excluded)",M001159,CHAMBER OF COMMERCE OF THE U.S.A.,2022-01-19,500.00,500.0,Congresswoman Cathy McMorris Rodgers,2022,Mid-Year (Jan 1 - Jun 30),4c577072-ccac-4289-8b3d-b25dac99fbea,https://lda.gov/filings/public/contribution/4c577072-ccac-4289-8b3d-b25dac99fbea/print/
"McMorris Rodgers (bill's own lead GOP sponsor, reportedly excluded)",M001159,GUARDIAN LIFE INSURANCE COMPANY OF AMERICA,2022-02-01,1000.00,1000.0,Rep Cathy McMorris Rodgers,2022,Mid-Year (Jan 1 - Jun 30),6b3e82d1-c534-478e-bb3c-090a5bde8d72,https://lda.gov/filings/public/contribution/6b3e82d1-c534-478e-bb3c-090a5bde8d72/print/
"McMorris Rodgers (bill's own lead GOP sponsor, reportedly excluded)",M001159,LOWE'S COMPANIES INC.,2022-02-14,2000.00,2000.0,Rep. Cathy McMorris Rodgers,2022,Mid-Year (Jan 1 - Jun 30),f7b9e4ac-3107-43dd-8ca4-61d5d5fc6ae9,https://lda.gov/filings/public/contribution/f7b9e4ac-3107-43dd-8ca4-61d5d5fc6ae9/print/
"McMorris Rodgers (bill's own lead GOP sponsor, reportedly excluded)",M001159,TARGET CORPORATION,2022-02-15,2500.00,2500.0,Cathy McMorris Rodgers,2022,Mid-Year (Jan 1 - Jun 30),4b9eda30-b8f3-4b2a-ab92-60b2162d2b3b,https://lda.gov/filings/public/contribution/4b9eda30-b8f3-4b2a-ab92-60b2162d2b3b/print/
"McMorris Rodgers (bill's own lead GOP sponsor, reportedly excluded)",M001159,AFLAC INCORPORATED,2022-02-17,2500.00,2500.0,Rep. Cathy McMorris Rodgers,2022,Mid-Year (Jan 1 - Jun 30),6edac9b5-b15a-4580-b115-03f55e4d0933,https://lda.gov/filings/public/contribution/6edac9b5-b15a-4580-b115-03f55e4d0933/print/
"McMorris Rodgers (bill's own lead GOP sponsor, reportedly excluded)",M001159,PARAMOUNT SKYDANCE CORPORATION (FKA PARAMOUNT GLOBAL),2022-02-28,2000.00,2000.0,Cathy McMorris Rodgers,2022,Mid-Year (Jan 1 - Jun 30),f287d3c9-62e8-4ded-8f18-d1eff4492323,https://lda.gov/filings/public/contribution/f287d3c9-62e8-4ded-8f18-d1eff4492323/print/
"McMorris Rodgers (bill's own lead GOP sponsor, reportedly excluded)",M001159,PORTLAND GENERAL ELECTRIC,2022-03-02,1500.00,1500.0,Cathy McMorris Rodgers,2022,Mid-Year (Jan 1 - Jun 30),0d215b46-e8f1-41e0-ac2d-327ac072b1b0,https://lda.gov/filings/public/contribution/0d215b46-e8f1-41e0-ac2d-327ac072b1b0/print/
"McMorris Rodgers (bill's own lead GOP sponsor, reportedly excluded)",M001159,THE NONPROFIT ALLIANCE,2022-03-07,500.00,500.0,Rep. Cathy McMorris Rodgers,2022,Mid-Year (Jan 1 - Jun 30),bfb56d43-4501-4a2e-a983-f0162fa34ca6,https://lda.gov/filings/public/contribution/bfb56d43-4501-4a2e-a983-f0162fa34ca6/print/
"McMorris Rodgers (bill's own lead GOP sponsor, reportedly excluded)",M001159,INTERNATIONAL FRANCHISE ASSOCIATION,2022-03-22,5000.00,5000.0,Cathy McMorris Rodgers,2022,Mid-Year (Jan 1 - Jun 30),0e9a79f1-b505-4926-b104-9d16638e0a81,https://lda.gov/filings/public/contribution/0e9a79f1-b505-4926-b104-9d16638e0a81/print/
"McMorris Rodgers (bill's own lead GOP sponsor, reportedly excluded)",M001159,ROCK CENTRAL,2022-03-24,3000.00,3000.0,Cathy McMorris Rodgers,2022,Mid-Year (Jan 1 - Jun 30),06b342f6-2277-4b4a-aa45-79704891a4ec,https://lda.gov/filings/public/contribution/06b342f6-2277-4b4a-aa45-79704891a4ec/print/
"McMorris Rodgers (bill's own lead GOP sponsor, reportedly excluded)",M001159,PACIFIC GAS AND ELECTRIC COMPANY,2022-03-25,5000.00,5000.0,Rep. Cathy McMorris Rodgers,2022,Mid-Year (Jan 1 - Jun 30),c72fe972-fe5b-41ab-b330-74179056cc32,https://lda.gov/filings/public/contribution/c72fe972-fe5b-41ab-b330-74179056cc32/print/
"McMorris Rodgers (bill's own lead GOP sponsor, reportedly excluded)",M001159,PACIFIC GAS AND ELECTRIC COMPANY,2022-03-25,5000.00,5000.0,Rep. Cathy McMorris Rodgers,2022,Mid-Year (Jan 1 - Jun 30),c72fe972-fe5b-41ab-b330-74179056cc32,https://lda.gov/filings/public/contribution/c72fe972-fe5b-41ab-b330-74179056cc32/print/
"McMorris Rodgers (bill's own lead GOP sponsor, reportedly excluded)",M001159,NATIONAL ASSOCIATION OF MANUFACTURERS,2022-03-31,2500.00,2500.0,CATHY MCMORRIS RODGERS,2022,Mid-Year (Jan 1 - Jun 30),f134fb38-a5aa-4a14-b789-20308f650fa0,https://lda.gov/filings/public/contribution/f134fb38-a5aa-4a14-b789-20308f650fa0/print/
"McMorris Rodgers (bill's own lead GOP sponsor, reportedly excluded)",M001159,NATIONAL ASSOCIATION OF MANUFACTURERS,2022-03-31,2500.00,2500.0,CATHY MCMORRIS RODGERS,2022,Mid-Year (Jan 1 - Jun 30),f134fb38-a5aa-4a14-b789-20308f650fa0,https://lda.gov/filings/public/contribution/f134fb38-a5aa-4a14-b789-20308f650fa0/print/
"McMorris Rodgers (bill's own lead GOP sponsor, reportedly excluded)",M001159,AMAZON.COM SERVICES LLC,2022-04-04,1000.00,1000.0,Cathy McMorris Rodgers,2022,Mid-Year (Jan 1 - Jun 30),c16f0d05-9b5f-4d04-ae49-453dad81cb90,https://lda.gov/filings/public/contribution/c16f0d05-9b5f-4d04-ae49-453dad81cb90/print/
"McMorris Rodgers (bill's own lead GOP sponsor, reportedly excluded)",M001159,RAI SERVICES COMPANY,2022-04-19,2500.00,2500.0,Rep Cathy McMorris Rodgers,2022,Mid-Year (Jan 1 - Jun 30),e39c8ca1-b415-4979-8adc-0901197d200c,https://lda.gov/filings/public/contribution/e39c8ca1-b415-4979-8adc-0901197d200c/print/
"McMorris Rodgers (bill's own lead GOP sponsor, reportedly excluded)",M001159,NEWS CORPORATION,2022-04-21,1000.00,1000.0,Rep. Cathy McMorris Rodgers,2022,Mid-Year (Jan 1 - Jun 30),c22b58a9-fa29-4f02-a03a-00aae7e15ec3,https://lda.gov/filings/public/contribution/c22b58a9-fa29-4f02-a03a-00aae7e15ec3/print/
"McMorris Rodgers (bill's own lead GOP sponsor, reportedly excluded)",M001159,THE HOME DEPOT,2022-04-27,5000.00,5000.0,Rep. Cathy McMorris Rodgers,2022,Mid-Year (Jan 1 - Jun 30),3ff151a7-03ed-4835-a8cc-350a09faf1e2,https://lda.gov/filings/public/contribution/3ff151a7-03ed-4835-a8cc-350a09faf1e2/print/
"McMorris Rodgers (bill's own lead GOP sponsor, reportedly excluded)",M001159,NATIONAL GROCERS ASSOCIATION,2022-05-12,1000.00,1000.0,Rep. Cathy McMorris Rodgers,2022,Mid-Year (Jan 1 - Jun 30),60d6d212-4a2c-4fcd-bd71-9968c18d9212,https://lda.gov/filings/public/contribution/60d6d212-4a2c-4fcd-bd71-9968c18d9212/print/
"McMorris Rodgers (bill's own lead GOP sponsor, reportedly excluded)",M001159,INTERNATIONAL FRANCHISE ASSOCIATION,2022-05-17,5000.00,5000.0,Cathy McMorris Rodgers,2022,Mid-Year (Jan 1 - Jun 30),0e9a79f1-b505-4926-b104-9d16638e0a81,https://lda.gov/filings/public/contribution/0e9a79f1-b505-4926-b104-9d16638e0a81/print/
"McMorris Rodgers (bill's own lead GOP sponsor, reportedly excluded)",M001159,RAI SERVICES COMPANY,2022-05-20,2500.00,2500.0,Rep Cathy McMorris Rodgers,2022,Mid-Year (Jan 1 - Jun 30),e39c8ca1-b415-4979-8adc-0901197d200c,https://lda.gov/filings/public/contribution/e39c8ca1-b415-4979-8adc-0901197d200c/print/
"McMorris Rodgers (bill's own lead GOP sponsor, reportedly excluded)",M001159,THE HOME DEPOT,2022-05-25,5000.00,5000.0,Rep. Cathy McMorris Rodgers,2022,Mid-Year (Jan 1 - Jun 30),3ff151a7-03ed-4835-a8cc-350a09faf1e2,https://lda.gov/filings/public/contribution/3ff151a7-03ed-4835-a8cc-350a09faf1e2/print/
"McMorris Rodgers (bill's own lead GOP sponsor, reportedly excluded)",M001159,TARGET CORPORATION,2022-06-06,1000.00,1000.0,Cathy McMorris Rodgers,2022,Mid-Year (Jan 1 - Jun 30),4b9eda30-b8f3-4b2a-ab92-60b2162d2b3b,https://lda.gov/filings/public/contribution/4b9eda30-b8f3-4b2a-ab92-60b2162d2b3b/print/
"McMorris Rodgers (bill's own lead GOP sponsor, reportedly excluded)",M001159,AMAZON.COM SERVICES LLC,2022-06-08,5000.00,5000.0,Rep. Cathy McMorris Rodgers,2022,Mid-Year (Jan 1 - Jun 30),e2064ae7-a2e2-4e2c-9c2b-bb565664ff32,https://lda.gov/filings/public/contribution/e2064ae7-a2e2-4e2c-9c2b-bb565664ff32/print/
"McMorris Rodgers (bill's own lead GOP sponsor, reportedly excluded)",M001159,AMERICAN LAND TITLE ASSOCIATION,2022-06-16,1000.00,1000.0,Rep. Cathy McMorris Rodgers,2022,Mid-Year (Jan 1 - Jun 30),5fa5f8ec-113f-469a-bdc2-2eed14ad87dd,https://lda.gov/filings/public/contribution/5fa5f8ec-113f-469a-bdc2-2eed14ad87dd/print/
"McMorris Rodgers (bill's own lead GOP sponsor, reportedly excluded)",M001159,AMERICAN LAND TITLE ASSOCIATION,2022-06-16,1500.00,1500.0,Rep. Cathy McMorris Rodgers,2022,Mid-Year (Jan 1 - Jun 30),5fa5f8ec-113f-469a-bdc2-2eed14ad87dd,https://lda.gov/filings/public/contribution/5fa5f8ec-113f-469a-bdc2-2eed14ad87dd/print/
"McMorris Rodgers (bill's own lead GOP sponsor, reportedly excluded)",M001159,"ZILLOW GROUP, INC.",2022-06-16,2500.00,2500.0,Rep. Cathy McMorris Rodgers,2022,Mid-Year (Jan 1 - Jun 30),ad1af562-77ee-4ec9-9f41-f2fb2496010d,https://lda.gov/filings/public/contribution/ad1af562-77ee-4ec9-9f41-f2fb2496010d/print/
"McMorris Rodgers (bill's own lead GOP sponsor, reportedly excluded)",M001159,"MEDTRONIC, INC.",2022-06-21,2500.00,2500.0,Cathy McMorris Rodgers,2022,Mid-Year (Jan 1 - Jun 30),32c36378-eac4-4c40-ac6f-da8646815cb6,https://lda.gov/filings/public/contribution/32c36378-eac4-4c40-ac6f-da8646815cb6/print/
"McMorris Rodgers (bill's own lead GOP sponsor, reportedly excluded)",M001159,ROCK CENTRAL,2022-06-22,2000.00,2000.0,Cathy McMorris Rodgers,2022,Mid-Year (Jan 1 - Jun 30),06b342f6-2277-4b4a-aa45-79704891a4ec,https://lda.gov/filings/public/contribution/06b342f6-2277-4b4a-aa45-79704891a4ec/print/
"McMorris Rodgers (bill's own lead GOP sponsor, reportedly excluded)",M001159,"INTUIT, INC. AND AFFILIATES (FORMERLY INTUIT, INC.)",2022-06-22,5000.00,5000.0,Rep. Cathy McMorris Rodgers,2022,Mid-Year (Jan 1 - Jun 30),81ba8953-ebc8-4104-9b99-c3a93a1b82dc,https://lda.gov/filings/public/contribution/81ba8953-ebc8-4104-9b99-c3a93a1b82dc/print/
"McMorris Rodgers (bill's own lead GOP sponsor, reportedly excluded)",M001159,GAP INC.,2022-06-23,2500.00,2500.0,Cathy McMorris Rodgers,2022,Mid-Year (Jan 1 - Jun 30),02ec541e-1daa-4446-be60-3d85288535bb,https://lda.gov/filings/public/contribution/02ec541e-1daa-4446-be60-3d85288535bb/print/
"McMorris Rodgers (bill's own lead GOP sponsor, reportedly excluded)",M001159,TECHNOLOGY NETWORK AKA TECHNET,2022-06-23,1500.00,1500.0,Congressmember Cathy McMorris Rodgers,2022,Mid-Year (Jan 1 - Jun 30),40f28b26-5efe-42e4-88c3-584775255934,https://lda.gov/filings/public/contribution/40f28b26-5efe-42e4-88c3-584775255934/print/
"McMorris Rodgers (bill's own lead GOP sponsor, reportedly excluded)",M001159,AMERICAN BANKERS ASSOCIATION,2022-06-27,5000.00,5000.0,Rep Cathy McMorris Rodgers,2022,Mid-Year (Jan 1 - Jun 30),fa928533-3f60-4134-9538-94fbdd3699a9,https://lda.gov/filings/public/contribution/fa928533-3f60-4134-9538-94fbdd3699a9/print/
"McMorris Rodgers (bill's own lead GOP sponsor, reportedly excluded)",M001159,THE NONPROFIT ALLIANCE,2022-06-28,1000.00,1000.0,Rep. Cathy McMorris Rodgers,2022,Mid-Year (Jan 1 - Jun 30),a7a1c265-a78f-4a4e-a509-e015430a4e66,https://lda.gov/filings/public/contribution/a7a1c265-a78f-4a4e-a509-e015430a4e66/print/
"McMorris Rodgers (bill's own lead GOP sponsor, reportedly excluded)",M001159,"CONSTELLATION ENERGY GENERATION, LLC",2022-06-28,2000.00,2000.0,Rep. Cathy McMorris Rodgers,2022,Mid-Year (Jan 1 - Jun 30),6cb0922a-591a-4d9c-a9a6-ad8226dc0a50,https://lda.gov/filings/public/contribution/6cb0922a-591a-4d9c-a9a6-ad8226dc0a50/print/
"McMorris Rodgers (bill's own lead GOP sponsor, reportedly excluded)",M001159,"CONSTELLATION ENERGY GENERATION, LLC",2022-06-28,2500.00,2500.0,Rep. Cathy McMorris Rodgers,2022,Mid-Year (Jan 1 - Jun 30),6cb0922a-591a-4d9c-a9a6-ad8226dc0a50,https://lda.gov/filings/public/contribution/6cb0922a-591a-4d9c-a9a6-ad8226dc0a50/print/
"McMorris Rodgers (bill's own lead GOP sponsor, reportedly excluded)",M001159,"SALESFORCE, INC.",2022-06-30,3000.00,3000.0,Rep. Cathy McMorris Rodgers,2022,Mid-Year (Jan 1 - Jun 30),0a2b8b65-2b36-4fd2-801f-82299d0eaa2a,https://lda.gov/filings/public/contribution/0a2b8b65-2b36-4fd2-801f-82299d0eaa2a/print/
"McMorris Rodgers (bill's own lead GOP sponsor, reportedly excluded)",M001159,EDISON ELECTRIC INSTITUTE,2022-06-30,5000.00,5000.0,Rep. Cathy McMorris Rodgers,2022,Mid-Year (Jan 1 - Jun 30),a28f3883-c138-48e6-801c-e1573f92a67f,https://lda.gov/filings/public/contribution/a28f3883-c138-48e6-801c-e1573f92a67f/print/
"McMorris Rodgers (bill's own lead GOP sponsor, reportedly excluded)",M001159,"INTUIT, INC. AND AFFILIATES (FORMERLY INTUIT, INC.)",2022-07-07,1500.00,1500.0,Cathy McMorris Rodgers,2022,Year-End (July 1 - Dec 31),0bf63a04-8743-432f-be99-173580761321,https://lda.gov/filings/public/contribution/0bf63a04-8743-432f-be99-173580761321/print/
"McMorris Rodgers (bill's own lead GOP sponsor, reportedly excluded)",M001159,CAPITAL ONE FINANCIAL CORPORATION,2022-07-09,2500.00,2500.0,Cathy McMorris Rodgers,2022,Year-End (July 1 - Dec 31),ee24b240-e183-473e-8b2d-67ce53044a2a,https://lda.gov/filings/public/contribution/ee24b240-e183-473e-8b2d-67ce53044a2a/print/
"McMorris Rodgers (bill's own lead GOP sponsor, reportedly excluded)",M001159,EBAY INC.,2022-07-11,2500.00,2500.0,Congressmember Cathy McMorris Rodgers,2022,Year-End (July 1 - Dec 31),31a52271-ac05-43df-8e6b-3f1247556e0f,https://lda.gov/filings/public/contribution/31a52271-ac05-43df-8e6b-3f1247556e0f/print/
"McMorris Rodgers (bill's own lead GOP sponsor, reportedly excluded)",M001159,"INTUIT, INC. AND AFFILIATES (FORMERLY INTUIT, INC.)",2022-07-13,2500.00,2500.0,Rep. Cathy McMorris Rodgers,2022,Year-End (July 1 - Dec 31),af4a2caa-07a2-484a-9430-d99f7c3f4f5d,https://lda.gov/filings/public/contribution/af4a2caa-07a2-484a-9430-d99f7c3f4f5d/print/
"McMorris Rodgers (bill's own lead GOP sponsor, reportedly excluded)",M001159,CMS ENERGY CORP,2022-07-21,1500.00,1500.0,Rep. Cathy McMorris Rodgers,2022,Year-End (July 1 - Dec 31),c83307cc-27b9-4724-b9d2-bb4a00d3cf2b,https://lda.gov/filings/public/contribution/c83307cc-27b9-4724-b9d2-bb4a00d3cf2b/print/
"McMorris Rodgers (bill's own lead GOP sponsor, reportedly excluded)",M001159,PORTLAND GENERAL ELECTRIC,2022-07-22,1500.00,1500.0,Cathy McMorris Rodgers,2022,Year-End (July 1 - Dec 31),072fa0f6-3af8-42f6-9aee-7397fd0b1280,https://lda.gov/filings/public/contribution/072fa0f6-3af8-42f6-9aee-7397fd0b1280/print/
"McMorris Rodgers (bill's own lead GOP sponsor, reportedly excluded)",M001159,STATE FARM MUTUAL AUTOMOBILE INSURANCE COMPANY,2022-07-25,500.00,500.0,Rep. Cathy McMorris Rodgers,2022,Year-End (July 1 - Dec 31),8b12dda9-50b3-45af-90a3-01d1e22a56d6,https://lda.gov/filings/public/contribution/8b12dda9-50b3-45af-90a3-01d1e22a56d6/print/
"McMorris Rodgers (bill's own lead GOP sponsor, reportedly excluded)",M001159,INDEPENDENT INSURANCE AGENTS & BROKERS OF AMERICA,2022-07-26,5000.00,5000.0,Cathy McMorris Rodgers,2022,Year-End (July 1 - Dec 31),e0374f0b-9c14-4878-8030-e9f6ed378ab1,https://lda.gov/filings/public/contribution/e0374f0b-9c14-4878-8030-e9f6ed378ab1/print/
"McMorris Rodgers (bill's own lead GOP sponsor, reportedly excluded)",M001159,INDEPENDENT INSURANCE AGENTS & BROKERS OF AMERICA,2022-07-26,5000.00,5000.0,Cathy McMorris Rodgers,2022,Year-End (July 1 - Dec 31),e0374f0b-9c14-4878-8030-e9f6ed378ab1,https://lda.gov/filings/public/contribution/e0374f0b-9c14-4878-8030-e9f6ed378ab1/print/
"McMorris Rodgers (bill's own lead GOP sponsor, reportedly excluded)",M001159,NATIONAL ASSOCIATION OF MUTUAL INSURANCE COMPANIES,2022-07-26,3500.00,3500.0,Rep Cathy McMorris Rodgers,2022,Year-End (July 1 - Dec 31),95d6edc9-6c4a-4a04-a86f-55bf88b20dc4,https://lda.gov/filings/public/contribution/95d6edc9-6c4a-4a04-a86f-55bf88b20dc4/print/
"McMorris Rodgers (bill's own lead GOP sponsor, reportedly excluded)",M001159,NATIONAL ASSOCIATION OF MUTUAL INSURANCE COMPANIES,2022-07-26,1500.00,1500.0,Rep Cathy McMorris Rodgers,2022,Year-End (July 1 - Dec 31),95d6edc9-6c4a-4a04-a86f-55bf88b20dc4,https://lda.gov/filings/public/contribution/95d6edc9-6c4a-4a04-a86f-55bf88b20dc4/print/
"McMorris Rodgers (bill's own lead GOP sponsor, reportedly excluded)",M001159,AMEREN SERVICES,2022-08-03,1500.00,1500.0,Rep Cathy McMorris Rodgers,2022,Year-End (July 1 - Dec 31),e83ce6d7-127d-4ced-a6dd-4575cc1c5927,https://lda.gov/filings/public/contribution/e83ce6d7-127d-4ced-a6dd-4575cc1c5927/print/
"McMorris Rodgers (bill's own lead GOP sponsor, reportedly excluded)",M001159,RAI SERVICES COMPANY,2022-08-05,2500.00,2500.0,Rep Cathy McMorris Rodgers,2022,Year-End (July 1 - Dec 31),3a500a45-8037-46f6-8d9f-38f596a4f4c8,https://lda.gov/filings/public/contribution/3a500a45-8037-46f6-8d9f-38f596a4f4c8/print/
"McMorris Rodgers (bill's own lead GOP sponsor, reportedly excluded)",M001159,RAI SERVICES COMPANY,2022-08-05,2500.00,2500.0,Rep Cathy McMorris Rodgers,2022,Year-End (July 1 - Dec 31),3a500a45-8037-46f6-8d9f-38f596a4f4c8,https://lda.gov/filings/public/contribution/3a500a45-8037-46f6-8d9f-38f596a4f4c8/print/
"McMorris Rodgers (bill's own lead GOP sponsor, reportedly excluded)",M001159,TARGET CORPORATION,2022-08-09,4000.00,4000.0,Cathy McMorris Rodgers,2022,Year-End (July 1 - Dec 31),72b7c0a5-066e-47c9-9d91-b4ec3bf63a61,https://lda.gov/filings/public/contribution/72b7c0a5-066e-47c9-9d91-b4ec3bf63a61/print/
"McMorris Rodgers (bill's own lead GOP sponsor, reportedly excluded)",M001159,"KOCH GOVERNMENT AFFAIRS, LLC",2022-08-29,5000.00,5000.0,Rep. Cathy McMorris Rodgers,2022,Year-End (July 1 - Dec 31),53e0f471-1390-4e47-971c-d1a228cd2ad4,https://lda.gov/filings/public/contribution/53e0f471-1390-4e47-971c-d1a228cd2ad4/print/
"McMorris Rodgers (bill's own lead GOP sponsor, reportedly excluded)",M001159,MEDICAL PROFESSIONAL LIABILITY ASSOCIATION,2022-08-30,1000.00,1000.0,Rep. Cathy McMorris Rodgers,2022,Year-End (July 1 - Dec 31),ce172e4d-cb3a-49e7-8813-d88cc4341b1a,https://lda.gov/filings/public/contribution/ce172e4d-cb3a-49e7-8813-d88cc4341b1a/print/
"McMorris Rodgers (bill's own lead GOP sponsor, reportedly excluded)",M001159,RAI SERVICES COMPANY,2022-09-08,2500.00,2500.0,Rep Cathy McMorris Rodgers,2022,Year-End (July 1 - Dec 31),3a500a45-8037-46f6-8d9f-38f596a4f4c8,https://lda.gov/filings/public/contribution/3a500a45-8037-46f6-8d9f-38f596a4f4c8/print/
"McMorris Rodgers (bill's own lead GOP sponsor, reportedly excluded)",M001159,RELX INC.,2022-09-12,1500.00,1500.0,Rep. Cathy McMorris Rodgers,2022,Year-End (July 1 - Dec 31),6b55befb-0736-40b7-8682-1f2c3f17a949,https://lda.gov/filings/public/contribution/6b55befb-0736-40b7-8682-1f2c3f17a949/print/
"McMorris Rodgers (bill's own lead GOP sponsor, reportedly excluded)",M001159,THE PROCTER AND GAMBLE COMPANY,2022-09-15,4000.00,4000.0,Rep. Cathy McMorris Rodgers,2022,Year-End (July 1 - Dec 31),a681eff6-f403-4f46-af1e-a6ccd085db15,https://lda.gov/filings/public/contribution/a681eff6-f403-4f46-af1e-a6ccd085db15/print/
"McMorris Rodgers (bill's own lead GOP sponsor, reportedly excluded)",M001159,"GARMIN INTERNATIONAL, INC.",2022-09-16,5000.00,5000.0,Congresswoman Cathy McMorris Rodgers,2022,Year-End (July 1 - Dec 31),2421a500-7df6-4898-9b65-b9c0cf24fcd8,https://lda.gov/filings/public/contribution/2421a500-7df6-4898-9b65-b9c0cf24fcd8/print/
"McMorris Rodgers (bill's own lead GOP sponsor, reportedly excluded)",M001159,AMERICAN BANKERS ASSOCIATION,2022-09-16,5000.00,5000.0,Rep Cathy McMorris Rodgers,2022,Year-End (July 1 - Dec 31),edc78b40-0d33-4c37-9475-2e522ec38b5a,https://lda.gov/filings/public/contribution/edc78b40-0d33-4c37-9475-2e522ec38b5a/print/
"McMorris Rodgers (bill's own lead GOP sponsor, reportedly excluded)",M001159,"KOCH GOVERNMENT AFFAIRS, LLC",2022-09-20,5000.00,5000.0,Rep. Cathy McMorris Rodgers,2022,Year-End (July 1 - Dec 31),53e0f471-1390-4e47-971c-d1a228cd2ad4,https://lda.gov/filings/public/contribution/53e0f471-1390-4e47-971c-d1a228cd2ad4/print/
"McMorris Rodgers (bill's own lead GOP sponsor, reportedly excluded)",M001159,"MEDTRONIC, INC.",2022-09-22,1500.00,1500.0,Cathy McMorris Rodgers,2022,Year-End (July 1 - Dec 31),41bba929-f90c-4685-a7d3-3e7bf775dac1,https://lda.gov/filings/public/contribution/41bba929-f90c-4685-a7d3-3e7bf775dac1/print/
"McMorris Rodgers (bill's own lead GOP sponsor, reportedly excluded)",M001159,INFORMATION TECHNOLOGY INDUSTRY COUNCIL,2022-09-22,2500.00,2500.0,Rep. Cathy McMorris Rodgers,2022,Year-End (July 1 - Dec 31),9160a9e9-c1ed-4bf3-95d6-9c2e5b104ecd,https://lda.gov/filings/public/contribution/9160a9e9-c1ed-4bf3-95d6-9c2e5b104ecd/print/
"McMorris Rodgers (bill's own lead GOP sponsor, reportedly excluded)",M001159,LOWE'S COMPANIES INC.,2022-09-22,2500.00,2500.0,Rep. Cathy McMorris Rodgers,2022,Year-End (July 1 - Dec 31),8847573f-5b1c-458c-939b-a16b22c62eb7,https://lda.gov/filings/public/contribution/8847573f-5b1c-458c-939b-a16b22c62eb7/print/
"McMorris Rodgers (bill's own lead GOP sponsor, reportedly excluded)",M001159,GOOGLE CLIENT SERVICES LLC,2022-09-23,1000.00,1000.0,Rep. Cathy McMorris Rodgers,2022,Year-End (July 1 - Dec 31),bd9ec6ec-9ddf-4f16-9194-ff3326707e64,https://lda.gov/filings/public/contribution/bd9ec6ec-9ddf-4f16-9194-ff3326707e64/print/
"McMorris Rodgers (bill's own lead GOP sponsor, reportedly excluded)",M001159,ROCK CENTRAL,2022-09-27,5000.00,5000.0,Rep. Cathy McMorris Rodgers,2022,Year-End (July 1 - Dec 31),15c4a453-2354-484a-a4d8-69d86a374f44,https://lda.gov/filings/public/contribution/15c4a453-2354-484a-a4d8-69d86a374f44/print/
"McMorris Rodgers (bill's own lead GOP sponsor, reportedly excluded)",M001159,RETAIL INDUSTRY LEADERS ASSOCIATION,2022-09-29,2500.00,2500.0,Cathy McMorris Rodgers,2022,Year-End (July 1 - Dec 31),dddfe08c-83a0-4007-8655-4b715f3d59a1,https://lda.gov/filings/public/contribution/dddfe08c-83a0-4007-8655-4b715f3d59a1/print/
"McMorris Rodgers (bill's own lead GOP sponsor, reportedly excluded)",M001159,HARTFORD INSURANCE GROUP (FKA HARTFORD FINANCIAL SERVICES GROUP),2022-09-30,1000.00,1000.0,Rep Cathy McMorris Rodgers,2022,Year-End (July 1 - Dec 31),2da59b36-3253-4e89-9e3b-8e5bc3bfa8ad,https://lda.gov/filings/public/contribution/2da59b36-3253-4e89-9e3b-8e5bc3bfa8ad/print/
"McMorris Rodgers (bill's own lead GOP sponsor, reportedly excluded)",M001159,HARTFORD INSURANCE GROUP (FKA HARTFORD FINANCIAL SERVICES GROUP),2022-09-30,1000.00,1000.0,Rep Cathy McMorris Rodgers,2022,Year-End (July 1 - Dec 31),88595995-eeb3-4212-a84f-6337230f8f33,https://lda.gov/filings/public/contribution/88595995-eeb3-4212-a84f-6337230f8f33/print/
"McMorris Rodgers (bill's own lead GOP sponsor, reportedly excluded)",M001159,MEDICAL PROFESSIONAL LIABILITY ASSOCIATION,2022-09-30,1000.00,1000.0,Rep. Cathy McMorris Rodgers,2022,Year-End (July 1 - Dec 31),ce172e4d-cb3a-49e7-8813-d88cc4341b1a,https://lda.gov/filings/public/contribution/ce172e4d-cb3a-49e7-8813-d88cc4341b1a/print/
"McMorris Rodgers (bill's own lead GOP sponsor, reportedly excluded)",M001159,YAHOO INC. AND VAR. SUBS/AFFILIATES,2022-09-30,1000.00,1000.0,Rep. Cathy McMorris Rodgers,2022,Year-End (July 1 - Dec 31),6d6de3af-a432-425a-8287-17ab9cba52fc,https://lda.gov/filings/public/contribution/6d6de3af-a432-425a-8287-17ab9cba52fc/print/
"McMorris Rodgers (bill's own lead GOP sponsor, reportedly excluded)",M001159,YAHOO INC. AND VAR. SUBS/AFFILIATES,2022-09-30,1000.00,1000.0,Rep. Cathy McMorris Rodgers,2022,Year-End (July 1 - Dec 31),71d9c429-5368-4425-8b8b-0821700d9975,https://lda.gov/filings/public/contribution/71d9c429-5368-4425-8b8b-0821700d9975/print/
"McMorris Rodgers (bill's own lead GOP sponsor, reportedly excluded)",M001159,STATE FARM MUTUAL AUTOMOBILE INSURANCE COMPANY,2022-10-03,1500.00,1500.0,Rep. Cathy McMorris Rodgers,2022,Year-End (July 1 - Dec 31),8b12dda9-50b3-45af-90a3-01d1e22a56d6,https://lda.gov/filings/public/contribution/8b12dda9-50b3-45af-90a3-01d1e22a56d6/print/
"McMorris Rodgers (bill's own lead GOP sponsor, reportedly excluded)",M001159,UNITED SERVICES AUTOMOBILE ASSOCIATION,2022-10-04,5000.00,5000.0,Rep. Cathy McMorris Rodgers,2022,Year-End (July 1 - Dec 31),daa5ba24-df4b-4995-9218-d857e0a15d20,https://lda.gov/filings/public/contribution/daa5ba24-df4b-4995-9218-d857e0a15d20/print/
"McMorris Rodgers (bill's own lead GOP sponsor, reportedly excluded)",M001159,"LUMEN TECHNOLOGIES, INC.",2022-10-17,4000.00,4000.0,Cathy McMorris Rodgers,2022,Year-End (July 1 - Dec 31),f278dcc5-6216-4a2b-8d82-01d1dc230c19,https://lda.gov/filings/public/contribution/f278dcc5-6216-4a2b-8d82-01d1dc230c19/print/
"McMorris Rodgers (bill's own lead GOP sponsor, reportedly excluded)",M001159,"SAP AMERICA, INC.",2022-11-02,1500.00,1500.0,Rep. Cathy McMorris Rodgers,2022,Year-End (July 1 - Dec 31),a6385da2-365d-4b26-9453-a7af94170aa4,https://lda.gov/filings/public/contribution/a6385da2-365d-4b26-9453-a7af94170aa4/print/
"McMorris Rodgers (bill's own lead GOP sponsor, reportedly excluded)",M001159,COX ENTERPRISES INC.,2022-11-03,2500.00,2500.0,Rep. Cathy McMorris Rodgers,2022,Year-End (July 1 - Dec 31),bf8643dc-d39f-4212-856d-5305c046f2ee,https://lda.gov/filings/public/contribution/bf8643dc-d39f-4212-856d-5305c046f2ee/print/
"McMorris Rodgers (bill's own lead GOP sponsor, reportedly excluded)",M001159,"SALESFORCE, INC.",2022-11-03,2000.00,2000.0,Rep. Cathy McMorris Rodgers,2022,Year-End (July 1 - Dec 31),216513c2-f399-42c5-a976-a77c4d4d36c4,https://lda.gov/filings/public/contribution/216513c2-f399-42c5-a976-a77c4d4d36c4/print/
"McMorris Rodgers (bill's own lead GOP sponsor, reportedly excluded)",M001159,ALLSTATE INSURANCE COMPANY,2022-11-04,1000.00,1000.0,Rep. Cathy McMorris Rodgers,2022,Year-End (July 1 - Dec 31),248fcf69-4ff4-493a-a4d4-4ab6716fff52,https://lda.gov/filings/public/contribution/248fcf69-4ff4-493a-a4d4-4ab6716fff52/print/
"McMorris Rodgers (bill's own lead GOP sponsor, reportedly excluded)",M001159,SUSAN B ANTHONY LIST,2022-12-12,2500.00,2500.0,Rep. Cathy McMorris Rodgers,2022,Year-End (July 1 - Dec 31),b9746cc0-62da-41e8-9a97-52d4dffecae7,https://lda.gov/filings/public/contribution/b9746cc0-62da-41e8-9a97-52d4dffecae7/print/
"McMorris Rodgers (bill's own lead GOP sponsor, reportedly excluded)",M001159,THE NONPROFIT ALLIANCE,2022-12-14,1000.00,1000.0,REP. CATHY MCMORRIS RODGERS,2022,Year-End (July 1 - Dec 31),e4d5778a-fb50-46c1-869a-722a17975717,https://lda.gov/filings/public/contribution/e4d5778a-fb50-46c1-869a-722a17975717/print/
"McMorris Rodgers (bill's own lead GOP sponsor, reportedly excluded)",M001159,"WORKDAY, INC.",2022-12-14,500.00,500.0,Rep. Cathy McMorris Rodgers,2022,Year-End (July 1 - Dec 31),5f169c77-fbbc-40fc-b910-fee5b8226762,https://lda.gov/filings/public/contribution/5f169c77-fbbc-40fc-b910-fee5b8226762/print/
"McMorris Rodgers (bill's own lead GOP sponsor, reportedly excluded)",M001159,GUARDIAN LIFE INSURANCE COMPANY OF AMERICA,2023-01-24,1000.00,1000.0,Rep Cathy McMorris Rodgers,2023,Mid-Year (Jan 1 - Jun 30),9a4ce503-4ef6-49af-8c55-01dc94dd742e,https://lda.gov/filings/public/contribution/9a4ce503-4ef6-49af-8c55-01dc94dd742e/print/
"McMorris Rodgers (bill's own lead GOP sponsor, reportedly excluded)",M001159,THE NONPROFIT ALLIANCE,2023-01-25,1000.00,1000.0,REP. CATHY MCMORRIS RODGERS,2023,Mid-Year (Jan 1 - Jun 30),f7f8cc8f-e08c-4cc2-b1ab-14d24baa3bd2,https://lda.gov/filings/public/contribution/f7f8cc8f-e08c-4cc2-b1ab-14d24baa3bd2/print/
"McMorris Rodgers (bill's own lead GOP sponsor, reportedly excluded)",M001159,PARAMOUNT SKYDANCE CORPORATION (FKA PARAMOUNT GLOBAL),2023-01-28,5000.00,5000.0,Cathy McMorris Rodgers,2023,Mid-Year (Jan 1 - Jun 30),b66e396c-4a41-4f11-b3fe-3dc2a302d7cd,https://lda.gov/filings/public/contribution/b66e396c-4a41-4f11-b3fe-3dc2a302d7cd/print/
"McMorris Rodgers (bill's own lead GOP sponsor, reportedly excluded)",M001159,AMAZON.COM SERVICES LLC,2023-01-31,2500.00,2500.0,Rep. Cathy McMorris Rodgers,2023,Mid-Year (Jan 1 - Jun 30),774c155b-e8b3-475c-8dec-d24b479d8474,https://lda.gov/filings/public/contribution/774c155b-e8b3-475c-8dec-d24b479d8474/print/
"McMorris Rodgers (bill's own lead GOP sponsor, reportedly excluded)",M001159,THE NONPROFIT ALLIANCE,2023-02-01,500.00,500.0,Rep. Cathy McMorris Rodgers,2023,Mid-Year (Jan 1 - Jun 30),97b9e7e7-3ad0-4e3e-be04-c4d32a0d11ea,https://lda.gov/filings/public/contribution/97b9e7e7-3ad0-4e3e-be04-c4d32a0d11ea/print/
"McMorris Rodgers (bill's own lead GOP sponsor, reportedly excluded)",M001159,AMERICAN PUBLIC POWER ASSOCIATION,2023-02-03,2000.00,2000.0,Rep. Cathy McMorris Rodgers,2023,Mid-Year (Jan 1 - Jun 30),54fd75c2-a403-45dd-a94d-ecfcea3d5dcd,https://lda.gov/filings/public/contribution/54fd75c2-a403-45dd-a94d-ecfcea3d5dcd/print/
"McMorris Rodgers (bill's own lead GOP sponsor, reportedly excluded)",M001159,COX ENTERPRISES INC.,2023-02-07,5000.00,5000.0,Rep. Cathy McMorris Rodgers,2023,Mid-Year (Jan 1 - Jun 30),5a8b62f2-0eee-4253-a3ae-cc0c2b0416b8,https://lda.gov/filings/public/contribution/5a8b62f2-0eee-4253-a3ae-cc0c2b0416b8/print/
"McMorris Rodgers (bill's own lead GOP sponsor, reportedly excluded)",M001159,HONEYWELL INTERNATIONAL,2023-02-14,2500.00,2500.0,Cathy McMorris Rodgers,2023,Mid-Year (Jan 1 - Jun 30),c6f8861a-56b5-4060-bf8c-9922aa2f6a3e,https://lda.gov/filings/public/contribution/c6f8861a-56b5-4060-bf8c-9922aa2f6a3e/print/
"McMorris Rodgers (bill's own lead GOP sponsor, reportedly excluded)",M001159,CONSUMER TECHNOLOGY ASSOCIATION,2023-02-16,5000.00,5000.0,Rep. Cathy McMorris Rodgers (R),2023,Mid-Year (Jan 1 - Jun 30),f63d1b65-b047-4f00-9f64-870ec42b4345,https://lda.gov/filings/public/contribution/f63d1b65-b047-4f00-9f64-870ec42b4345/print/
"McMorris Rodgers (bill's own lead GOP sponsor, reportedly excluded)",M001159,AMEREN SERVICES,2023-02-17,2500.00,2500.0,Rep Cathy McMorris Rodgers,2023,Mid-Year (Jan 1 - Jun 30),139c8ecf-e0b0-437e-8a68-e815def8ab8d,https://lda.gov/filings/public/contribution/139c8ecf-e0b0-437e-8a68-e815def8ab8d/print/
"McMorris Rodgers (bill's own lead GOP sponsor, reportedly excluded)",M001159,TARGET CORPORATION,2023-02-27,5000.00,5000.0,Cathy McMorris Rodgers,2023,Mid-Year (Jan 1 - Jun 30),f5533f36-55a0-4efc-934b-52f8f5e2ac34,https://lda.gov/filings/public/contribution/f5533f36-55a0-4efc-934b-52f8f5e2ac34/print/
"McMorris Rodgers (bill's own lead GOP sponsor, reportedly excluded)",M001159,AMERICAN BANKERS ASSOCIATION,2023-03-01,5000.00,5000.0,Rep Cathy McMorris Rodgers,2023,Mid-Year (Jan 1 - Jun 30),fe31b64c-1451-4a83-8d0a-d16830e8aab1,https://lda.gov/filings/public/contribution/fe31b64c-1451-4a83-8d0a-d16830e8aab1/print/
"McMorris Rodgers (bill's own lead GOP sponsor, reportedly excluded)",M001159,"KOCH GOVERNMENT AFFAIRS, LLC",2023-03-06,2500.00,2500.0,Rep. Cathy McMorris Rodgers,2023,Mid-Year (Jan 1 - Jun 30),ea139a30-8db7-4f1e-85f2-c20d4ab6d2cc,https://lda.gov/filings/public/contribution/ea139a30-8db7-4f1e-85f2-c20d4ab6d2cc/print/
"McMorris Rodgers (bill's own lead GOP sponsor, reportedly excluded)",M001159,"KOCH GOVERNMENT AFFAIRS, LLC",2023-03-06,3000.00,3000.0,Rep. Cathy McMorris Rodgers,2023,Mid-Year (Jan 1 - Jun 30),ea139a30-8db7-4f1e-85f2-c20d4ab6d2cc,https://lda.gov/filings/public/contribution/ea139a30-8db7-4f1e-85f2-c20d4ab6d2cc/print/
"McMorris Rodgers (bill's own lead GOP sponsor, reportedly excluded)",M001159,CHAMBER OF COMMERCE OF THE U.S.A.,2023-03-07,1500.00,1500.0,Cathy McMorris Rodgers,2023,Mid-Year (Jan 1 - Jun 30),240f7409-d319-4ddd-8cda-696054dbf64b,https://lda.gov/filings/public/contribution/240f7409-d319-4ddd-8cda-696054dbf64b/print/
"McMorris Rodgers (bill's own lead GOP sponsor, reportedly excluded)",M001159,PACIFIC GAS AND ELECTRIC COMPANY,2023-03-07,5000.00,5000.0,Rep. Cathy McMorris Rodgers,2023,Mid-Year (Jan 1 - Jun 30),3bd18935-364a-4f1e-a256-bbaaa37d34ae,https://lda.gov/filings/public/contribution/3bd18935-364a-4f1e-a256-bbaaa37d34ae/print/
"McMorris Rodgers (bill's own lead GOP sponsor, reportedly excluded)",M001159,PACIFIC GAS AND ELECTRIC COMPANY,2023-03-07,5000.00,5000.0,Rep. Cathy McMorris Rodgers,2023,Mid-Year (Jan 1 - Jun 30),3bd18935-364a-4f1e-a256-bbaaa37d34ae,https://lda.gov/filings/public/contribution/3bd18935-364a-4f1e-a256-bbaaa37d34ae/print/
"McMorris Rodgers (bill's own lead GOP sponsor, reportedly excluded)",M001159,TRANS UNION LLC,2023-03-14,1000.00,1000.0,Rep. Cathy McMorris Rodgers,2023,Mid-Year (Jan 1 - Jun 30),63b041c3-84f5-45ac-ab16-5d851db71f10,https://lda.gov/filings/public/contribution/63b041c3-84f5-45ac-ab16-5d851db71f10/print/
"McMorris Rodgers (bill's own lead GOP sponsor, reportedly excluded)",M001159,"MEDTRONIC, INC.",2023-03-15,2500.00,2500.0,Cathy McMorris Rodgers,2023,Mid-Year (Jan 1 - Jun 30),9ebd9f4f-e6bd-4190-b4c8-a35d91b7a2a5,https://lda.gov/filings/public/contribution/9ebd9f4f-e6bd-4190-b4c8-a35d91b7a2a5/print/
"McMorris Rodgers (bill's own lead GOP sponsor, reportedly excluded)",M001159,"KOCH GOVERNMENT AFFAIRS, LLC",2023-03-20,2500.00,2500.0,Rep. Cathy McMorris Rodgers,2023,Mid-Year (Jan 1 - Jun 30),ea139a30-8db7-4f1e-85f2-c20d4ab6d2cc,https://lda.gov/filings/public/contribution/ea139a30-8db7-4f1e-85f2-c20d4ab6d2cc/print/
"McMorris Rodgers (bill's own lead GOP sponsor, reportedly excluded)",M001159,"KOCH GOVERNMENT AFFAIRS, LLC",2023-03-20,2500.00,2500.0,Rep. Cathy McMorris Rodgers,2023,Mid-Year (Jan 1 - Jun 30),ea139a30-8db7-4f1e-85f2-c20d4ab6d2cc,https://lda.gov/filings/public/contribution/ea139a30-8db7-4f1e-85f2-c20d4ab6d2cc/print/
"McMorris Rodgers (bill's own lead GOP sponsor, reportedly excluded)",M001159,HONEYWELL INTERNATIONAL,2023-03-22,2500.00,2500.0,Cathy McMorris Rodgers,2023,Mid-Year (Jan 1 - Jun 30),c6f8861a-56b5-4060-bf8c-9922aa2f6a3e,https://lda.gov/filings/public/contribution/c6f8861a-56b5-4060-bf8c-9922aa2f6a3e/print/
"McMorris Rodgers (bill's own lead GOP sponsor, reportedly excluded)",M001159,HONEYWELL INTERNATIONAL,2023-03-22,2500.00,2500.0,Cathy McMorris Rodgers,2023,Mid-Year (Jan 1 - Jun 30),c6f8861a-56b5-4060-bf8c-9922aa2f6a3e,https://lda.gov/filings/public/contribution/c6f8861a-56b5-4060-bf8c-9922aa2f6a3e/print/
"McMorris Rodgers (bill's own lead GOP sponsor, reportedly excluded)",M001159,THE HOME DEPOT,2023-03-23,5000.00,5000.0,Rep. Cathy McMorris Rodgers,2023,Mid-Year (Jan 1 - Jun 30),7f3d6d83-f273-44e2-84d0-7d2f19818a20,https://lda.gov/filings/public/contribution/7f3d6d83-f273-44e2-84d0-7d2f19818a20/print/
"McMorris Rodgers (bill's own lead GOP sponsor, reportedly excluded)",M001159,UNITED SERVICES AUTOMOBILE ASSOCIATION,2023-03-24,5000.00,5000.0,Rep. Cathy McMorris Rodgers,2023,Mid-Year (Jan 1 - Jun 30),0a70c8c3-1a66-42a4-abed-7b835c143859,https://lda.gov/filings/public/contribution/0a70c8c3-1a66-42a4-abed-7b835c143859/print/
"McMorris Rodgers (bill's own lead GOP sponsor, reportedly excluded)",M001159,RETAIL INDUSTRY LEADERS ASSOCIATION,2023-03-27,2500.00,2500.0,Cathy McMorris Rodgers,2023,Mid-Year (Jan 1 - Jun 30),a0fab32e-a941-40d1-aea9-ec4bc83c8e34,https://lda.gov/filings/public/contribution/a0fab32e-a941-40d1-aea9-ec4bc83c8e34/print/
"McMorris Rodgers (bill's own lead GOP sponsor, reportedly excluded)",M001159,RETAIL INDUSTRY LEADERS ASSOCIATION,2023-03-27,2500.00,2500.0,Cathy McMorris Rodgers,2023,Mid-Year (Jan 1 - Jun 30),0108e106-64b4-4ed2-b81d-f81ba2470fdb,https://lda.gov/filings/public/contribution/0108e106-64b4-4ed2-b81d-f81ba2470fdb/print/
"McMorris Rodgers (bill's own lead GOP sponsor, reportedly excluded)",M001159,INTERNATIONAL FRANCHISE ASSOCIATION,2023-03-29,2500.00,2500.0,Cathy McMorris Rodgers,2023,Mid-Year (Jan 1 - Jun 30),4b086ecd-bef9-4269-9092-0017ae8cd750,https://lda.gov/filings/public/contribution/4b086ecd-bef9-4269-9092-0017ae8cd750/print/
"McMorris Rodgers (bill's own lead GOP sponsor, reportedly excluded)",M001159,EDISON ELECTRIC INSTITUTE,2023-03-31,5000.00,5000.0,Rep. Cathy McMorris Rodgers,2023,Mid-Year (Jan 1 - Jun 30),e5fa6724-d97b-454f-8874-a2fb29a36812,https://lda.gov/filings/public/contribution/e5fa6724-d97b-454f-8874-a2fb29a36812/print/
"McMorris Rodgers (bill's own lead GOP sponsor, reportedly excluded)",M001159,EDISON ELECTRIC INSTITUTE,2023-03-31,5000.00,5000.0,Rep. Cathy McMorris Rodgers,2023,Mid-Year (Jan 1 - Jun 30),e5fa6724-d97b-454f-8874-a2fb29a36812,https://lda.gov/filings/public/contribution/e5fa6724-d97b-454f-8874-a2fb29a36812/print/
"McMorris Rodgers (bill's own lead GOP sponsor, reportedly excluded)",M001159,GUARDIAN LIFE INSURANCE COMPANY OF AMERICA,2023-04-17,2500.00,2500.0,Rep Cathy McMorris Rodgers,2023,Mid-Year (Jan 1 - Jun 30),9a4ce503-4ef6-49af-8c55-01dc94dd742e,https://lda.gov/filings/public/contribution/9a4ce503-4ef6-49af-8c55-01dc94dd742e/print/
"McMorris Rodgers (bill's own lead GOP sponsor, reportedly excluded)",M001159,NATIONAL RESTAURANT ASSOCIATION,2023-04-20,5000.00,5000.0,Cathy McMorris Rodgers,2023,Mid-Year (Jan 1 - Jun 30),55423847-8a7d-4310-bd49-7279e9ed1ecc,https://lda.gov/filings/public/contribution/55423847-8a7d-4310-bd49-7279e9ed1ecc/print/
"McMorris Rodgers (bill's own lead GOP sponsor, reportedly excluded)",M001159,CMS ENERGY CORP,2023-04-25,1000.00,1000.0,Rep. Cathy McMorris Rodgers,2023,Mid-Year (Jan 1 - Jun 30),f374f08d-006f-468c-845f-30916ddf0921,https://lda.gov/filings/public/contribution/f374f08d-006f-468c-845f-30916ddf0921/print/
"McMorris Rodgers (bill's own lead GOP sponsor, reportedly excluded)",M001159,"CONSTELLATION ENERGY GENERATION, LLC",2023-05-01,5000.00,5000.0,Rep. Cathy McMorris Rodgers,2023,Mid-Year (Jan 1 - Jun 30),d176d5ec-691a-4b19-8c5c-bc1c89d2222e,https://lda.gov/filings/public/contribution/d176d5ec-691a-4b19-8c5c-bc1c89d2222e/print/
"McMorris Rodgers (bill's own lead GOP sponsor, reportedly excluded)",M001159,RAI SERVICES COMPANY,2023-05-15,3000.00,3000.0,Rep Cathy McMorris Rodgers,2023,Mid-Year (Jan 1 - Jun 30),5ed0ab51-ff5d-4633-9dda-c367cdd38e08,https://lda.gov/filings/public/contribution/5ed0ab51-ff5d-4633-9dda-c367cdd38e08/print/
"McMorris Rodgers (bill's own lead GOP sponsor, reportedly excluded)",M001159,AMAZON.COM SERVICES LLC,2023-05-15,2500.00,2500.0,Rep. Cathy McMorris Rodgers,2023,Mid-Year (Jan 1 - Jun 30),774c155b-e8b3-475c-8dec-d24b479d8474,https://lda.gov/filings/public/contribution/774c155b-e8b3-475c-8dec-d24b479d8474/print/
"McMorris Rodgers (bill's own lead GOP sponsor, reportedly excluded)",M001159,AFLAC INCORPORATED,2023-05-23,5000.00,5000.0,Rep. Cathy McMorris Rodgers,2023,Mid-Year (Jan 1 - Jun 30),fbbd886c-196b-42de-a08e-ffd9571918a5,https://lda.gov/filings/public/contribution/fbbd886c-196b-42de-a08e-ffd9571918a5/print/
"McMorris Rodgers (bill's own lead GOP sponsor, reportedly excluded)",M001159,CAPITAL ONE FINANCIAL CORPORATION,2023-05-30,1000.00,1000.0,Cathy McMorris Rodgers,2023,Mid-Year (Jan 1 - Jun 30),eaab76dd-2e1d-479b-b3a7-dc1a91dbddb7,https://lda.gov/filings/public/contribution/eaab76dd-2e1d-479b-b3a7-dc1a91dbddb7/print/
"McMorris Rodgers (bill's own lead GOP sponsor, reportedly excluded)",M001159,GAP INC.,2023-06-05,2500.00,2500.0,Rep. Cathy McMorris Rodgers,2023,Mid-Year (Jan 1 - Jun 30),15c4e79d-1bf1-4947-a26a-67c6d361566b,https://lda.gov/filings/public/contribution/15c4e79d-1bf1-4947-a26a-67c6d361566b/print/
"McMorris Rodgers (bill's own lead GOP sponsor, reportedly excluded)",M001159,NATIONAL ASSOCIATION OF MANUFACTURERS,2023-06-13,5000.00,5000.0,Rep. Cathy McMorris Rodgers,2023,Mid-Year (Jan 1 - Jun 30),d4e10563-4bb3-4ded-b442-d23bb6d0401c,https://lda.gov/filings/public/contribution/d4e10563-4bb3-4ded-b442-d23bb6d0401c/print/
"McMorris Rodgers (bill's own lead GOP sponsor, reportedly excluded)",M001159,TARGET CORPORATION,2023-06-26,1000.00,1000.0,Cathy McMorris Rodgers,2023,Mid-Year (Jan 1 - Jun 30),f5533f36-55a0-4efc-934b-52f8f5e2ac34,https://lda.gov/filings/public/contribution/f5533f36-55a0-4efc-934b-52f8f5e2ac34/print/
"McMorris Rodgers (bill's own lead GOP sponsor, reportedly excluded)",M001159,THE HOME DEPOT,2023-06-28,2500.00,2500.0,Rep. Cathy McMorris Rodgers,2023,Mid-Year (Jan 1 - Jun 30),7f3d6d83-f273-44e2-84d0-7d2f19818a20,https://lda.gov/filings/public/contribution/7f3d6d83-f273-44e2-84d0-7d2f19818a20/print/
"McMorris Rodgers (bill's own lead GOP sponsor, reportedly excluded)",M001159,AMERICAN LAND TITLE ASSOCIATION,2023-07-12,2500.00,2500.0,Cathy McMorris Rodgers,2023,Year-End (July 1 - Dec 31),a3441224-976f-4b41-9287-e899aec678de,https://lda.gov/filings/public/contribution/a3441224-976f-4b41-9287-e899aec678de/print/
"McMorris Rodgers (bill's own lead GOP sponsor, reportedly excluded)",M001159,CMS ENERGY CORP,2023-07-18,1000.00,1000.0,Rep. Cathy McMorris Rodgers,2023,Year-End (July 1 - Dec 31),bea00f86-83c5-47dc-bb7f-c839abb4bb4c,https://lda.gov/filings/public/contribution/bea00f86-83c5-47dc-bb7f-c839abb4bb4c/print/
"McMorris Rodgers (bill's own lead GOP sponsor, reportedly excluded)",M001159,INTERNATIONAL FRANCHISE ASSOCIATION,2023-07-19,2500.00,2500.0,Cathy McMorris Rodgers,2023,Year-End (July 1 - Dec 31),c36bcae5-286d-49b2-9f4b-0f299a5e9dde,https://lda.gov/filings/public/contribution/c36bcae5-286d-49b2-9f4b-0f299a5e9dde/print/
"McMorris Rodgers (bill's own lead GOP sponsor, reportedly excluded)",M001159,INTERNATIONAL FRANCHISE ASSOCIATION,2023-07-19,500.00,500.0,Cathy McMorris Rodgers,2023,Year-End (July 1 - Dec 31),c36bcae5-286d-49b2-9f4b-0f299a5e9dde,https://lda.gov/filings/public/contribution/c36bcae5-286d-49b2-9f4b-0f299a5e9dde/print/
"McMorris Rodgers (bill's own lead GOP sponsor, reportedly excluded)",M001159,AFLAC INCORPORATED,2023-07-20,1500.00,1500.0,Rep. Cathy McMorris Rodgers,2023,Year-End (July 1 - Dec 31),29e3e5ef-2796-4bab-8589-a1e54ccebcf8,https://lda.gov/filings/public/contribution/29e3e5ef-2796-4bab-8589-a1e54ccebcf8/print/
"McMorris Rodgers (bill's own lead GOP sponsor, reportedly excluded)",M001159,EBAY INC.,2023-07-21,5000.00,5000.0,Cathy McMorris Rodgers,2023,Year-End (July 1 - Dec 31),513833ae-aee9-43eb-a0ea-d8afa3c24643,https://lda.gov/filings/public/contribution/513833ae-aee9-43eb-a0ea-d8afa3c24643/print/
"McMorris Rodgers (bill's own lead GOP sponsor, reportedly excluded)",M001159,"KOCH GOVERNMENT AFFAIRS, LLC",2023-07-24,2500.00,2500.0,Rep. Cathy McMorris Rodgers,2023,Year-End (July 1 - Dec 31),8e7b6166-68a9-484e-8303-efe1cf4d2736,https://lda.gov/filings/public/contribution/8e7b6166-68a9-484e-8303-efe1cf4d2736/print/
"McMorris Rodgers (bill's own lead GOP sponsor, reportedly excluded)",M001159,STATE FARM MUTUAL AUTOMOBILE INSURANCE COMPANY,2023-07-27,1500.00,1500.0,Rep. Cathy McMorris Rodgers,2023,Year-End (July 1 - Dec 31),b07528c2-762b-4d7c-aacf-9b689b5388f7,https://lda.gov/filings/public/contribution/b07528c2-762b-4d7c-aacf-9b689b5388f7/print/
"McMorris Rodgers (bill's own lead GOP sponsor, reportedly excluded)",M001159,TECHNOLOGY NETWORK AKA TECHNET,2023-08-01,1500.00,1500.0,Congresswoman Cathy McMorris Rodgers,2023,Year-End (July 1 - Dec 31),424904da-820c-487b-8268-4a11bfe6b77b,https://lda.gov/filings/public/contribution/424904da-820c-487b-8268-4a11bfe6b77b/print/
"McMorris Rodgers (bill's own lead GOP sponsor, reportedly excluded)",M001159,NATIONAL ASSOCIATION OF MUTUAL INSURANCE COMPANIES,2023-08-04,2500.00,2500.0,Rep Cathy McMorris Rodgers,2023,Year-End (July 1 - Dec 31),c8755823-fa3c-4a92-b997-f306821f047e,https://lda.gov/filings/public/contribution/c8755823-fa3c-4a92-b997-f306821f047e/print/
"McMorris Rodgers (bill's own lead GOP sponsor, reportedly excluded)",M001159,INDEPENDENT INSURANCE AGENTS & BROKERS OF AMERICA,2023-08-10,5000.00,5000.0,Cathy McMorris Rodgers,2023,Year-End (July 1 - Dec 31),8ef9f145-97ad-4514-b0ad-1a642bee49cc,https://lda.gov/filings/public/contribution/8ef9f145-97ad-4514-b0ad-1a642bee49cc/print/
"McMorris Rodgers (bill's own lead GOP sponsor, reportedly excluded)",M001159,INDEPENDENT INSURANCE AGENTS & BROKERS OF AMERICA,2023-08-10,5000.00,5000.0,Cathy McMorris Rodgers,2023,Year-End (July 1 - Dec 31),8ef9f145-97ad-4514-b0ad-1a642bee49cc,https://lda.gov/filings/public/contribution/8ef9f145-97ad-4514-b0ad-1a642bee49cc/print/
"McMorris Rodgers (bill's own lead GOP sponsor, reportedly excluded)",M001159,HONEYWELL INTERNATIONAL,2023-08-15,5000.00,5000.0,Cathy McMorris Rodgers,2023,Year-End (July 1 - Dec 31),d0290e25-94af-493c-8592-b2e35b77a549,https://lda.gov/filings/public/contribution/d0290e25-94af-493c-8592-b2e35b77a549/print/
"McMorris Rodgers (bill's own lead GOP sponsor, reportedly excluded)",M001159,NATIONAL ASSOCIATION OF MUTUAL INSURANCE COMPANIES,2023-08-17,2500.00,2500.0,Rep Cathy McMorris Rodgers,2023,Year-End (July 1 - Dec 31),c8755823-fa3c-4a92-b997-f306821f047e,https://lda.gov/filings/public/contribution/c8755823-fa3c-4a92-b997-f306821f047e/print/
"McMorris Rodgers (bill's own lead GOP sponsor, reportedly excluded)",M001159,STATE FARM MUTUAL AUTOMOBILE INSURANCE COMPANY,2023-08-23,500.00,500.0,Rep. Cathy McMorris Rodgers,2023,Year-End (July 1 - Dec 31),b07528c2-762b-4d7c-aacf-9b689b5388f7,https://lda.gov/filings/public/contribution/b07528c2-762b-4d7c-aacf-9b689b5388f7/print/
"McMorris Rodgers (bill's own lead GOP sponsor, reportedly excluded)",M001159,HARTFORD INSURANCE GROUP (FKA HARTFORD FINANCIAL SERVICES GROUP),2023-08-28,1000.00,1000.0,Rep Cathy McMorris Rodgers,2023,Year-End (July 1 - Dec 31),216e8498-03fd-44d3-805c-3015340fe1de,https://lda.gov/filings/public/contribution/216e8498-03fd-44d3-805c-3015340fe1de/print/
"McMorris Rodgers (bill's own lead GOP sponsor, reportedly excluded)",M001159,HARTFORD INSURANCE GROUP (FKA HARTFORD FINANCIAL SERVICES GROUP),2023-08-28,1000.00,1000.0,Rep Cathy McMorris Rodgers,2023,Year-End (July 1 - Dec 31),c2eca3e2-5ca2-42e4-b852-e1b7a1cea6eb,https://lda.gov/filings/public/contribution/c2eca3e2-5ca2-42e4-b852-e1b7a1cea6eb/print/
"McMorris Rodgers (bill's own lead GOP sponsor, reportedly excluded)",M001159,STATE FARM MUTUAL AUTOMOBILE INSURANCE COMPANY,2023-08-28,1500.00,1500.0,Rep. Cathy McMorris Rodgers,2023,Year-End (July 1 - Dec 31),b07528c2-762b-4d7c-aacf-9b689b5388f7,https://lda.gov/filings/public/contribution/b07528c2-762b-4d7c-aacf-9b689b5388f7/print/
"McMorris Rodgers (bill's own lead GOP sponsor, reportedly excluded)",M001159,AMERICAN BANKERS ASSOCIATION,2023-08-29,2500.00,2500.0,Rep Cathy McMorris Rodgers,2023,Year-End (July 1 - Dec 31),2871ee0d-e813-40b1-9569-19d6c8c26c55,https://lda.gov/filings/public/contribution/2871ee0d-e813-40b1-9569-19d6c8c26c55/print/
"McMorris Rodgers (bill's own lead GOP sponsor, reportedly excluded)",M001159,THE PROCTER AND GAMBLE COMPANY,2023-08-31,5000.00,5000.0,Rep. Cathy McMorris Rodgers,2023,Year-End (July 1 - Dec 31),4a2ae7cb-f145-4faa-978f-c366db0f534a,https://lda.gov/filings/public/contribution/4a2ae7cb-f145-4faa-978f-c366db0f534a/print/
"McMorris Rodgers (bill's own lead GOP sponsor, reportedly excluded)",M001159,INTERNATIONAL FRANCHISE ASSOCIATION,2023-09-19,4500.00,4500.0,Cathy McMorris Rodgers,2023,Year-End (July 1 - Dec 31),c36bcae5-286d-49b2-9f4b-0f299a5e9dde,https://lda.gov/filings/public/contribution/c36bcae5-286d-49b2-9f4b-0f299a5e9dde/print/
"McMorris Rodgers (bill's own lead GOP sponsor, reportedly excluded)",M001159,ALLSTATE INSURANCE COMPANY,2023-09-19,2500.00,2500.0,Rep. Cathy McMorris Rodgers,2023,Year-End (July 1 - Dec 31),851794b4-f19f-4cc7-9903-0eeb0b776aea,https://lda.gov/filings/public/contribution/851794b4-f19f-4cc7-9903-0eeb0b776aea/print/
"McMorris Rodgers (bill's own lead GOP sponsor, reportedly excluded)",M001159,AFLAC INCORPORATED,2023-09-21,2500.00,2500.0,Rep. Cathy McMorris Rodgers,2023,Year-End (July 1 - Dec 31),29e3e5ef-2796-4bab-8589-a1e54ccebcf8,https://lda.gov/filings/public/contribution/29e3e5ef-2796-4bab-8589-a1e54ccebcf8/print/
"McMorris Rodgers (bill's own lead GOP sponsor, reportedly excluded)",M001159,PRIMERICA LIFE INSURANCE COMPANY,2023-09-21,1500.00,1500.0,U.S. Rep. Cathy McMorris Rodgers,2023,Year-End (July 1 - Dec 31),ca9fae48-0f29-4b90-bc6d-68b3a21d05cf,https://lda.gov/filings/public/contribution/ca9fae48-0f29-4b90-bc6d-68b3a21d05cf/print/
"McMorris Rodgers (bill's own lead GOP sponsor, reportedly excluded)",M001159,PRIMERICA LIFE INSURANCE COMPANY,2023-09-21,1500.00,1500.0,U.S. Rep. Cathy McMorris Rodgers,2023,Year-End (July 1 - Dec 31),87165f2a-0e27-442a-94d5-055272537004,https://lda.gov/filings/public/contribution/87165f2a-0e27-442a-94d5-055272537004/print/
"McMorris Rodgers (bill's own lead GOP sponsor, reportedly excluded)",M001159,LOWE'S COMPANIES INC.,2023-09-22,2500.00,2500.0,Rep. Cathy McMorris Rodgers,2023,Year-End (July 1 - Dec 31),2037eb98-8f25-47e5-af60-af8ef2216fab,https://lda.gov/filings/public/contribution/2037eb98-8f25-47e5-af60-af8ef2216fab/print/
"McMorris Rodgers (bill's own lead GOP sponsor, reportedly excluded)",M001159,TECHNOLOGY NETWORK AKA TECHNET,2023-09-27,1500.00,1500.0,Congresswoman Cathy McMorris Rodgers,2023,Year-End (July 1 - Dec 31),424904da-820c-487b-8268-4a11bfe6b77b,https://lda.gov/filings/public/contribution/424904da-820c-487b-8268-4a11bfe6b77b/print/
"McMorris Rodgers (bill's own lead GOP sponsor, reportedly excluded)",M001159,"GARMIN INTERNATIONAL, INC.",2023-09-27,5000.00,5000.0,Congresswoman Cathy McMorris Rodgers,2023,Year-End (July 1 - Dec 31),4546fc3b-92dd-4a5f-a1ad-44939cc22328,https://lda.gov/filings/public/contribution/4546fc3b-92dd-4a5f-a1ad-44939cc22328/print/
"McMorris Rodgers (bill's own lead GOP sponsor, reportedly excluded)",M001159,AMERICAN BANKERS ASSOCIATION,2023-10-12,2500.00,2500.0,Rep Cathy McMorris Rodgers,2023,Year-End (July 1 - Dec 31),2871ee0d-e813-40b1-9569-19d6c8c26c55,https://lda.gov/filings/public/contribution/2871ee0d-e813-40b1-9569-19d6c8c26c55/print/
"McMorris Rodgers (bill's own lead GOP sponsor, reportedly excluded)",M001159,RELX INC.,2023-10-19,1000.00,1000.0,Rep. Cathy McMorris Rodgers,2023,Year-End (July 1 - Dec 31),dc8628ea-b2be-4dd8-b1c3-6d2beb8fa704,https://lda.gov/filings/public/contribution/dc8628ea-b2be-4dd8-b1c3-6d2beb8fa704/print/
"McMorris Rodgers (bill's own lead GOP sponsor, reportedly excluded)",M001159,"LUMEN TECHNOLOGIES, INC.",2023-10-30,5000.00,5000.0,Cathy McMorris Rodgers,2023,Year-End (July 1 - Dec 31),fef7d7e6-ed23-4e6d-9894-e22f0ab719ea,https://lda.gov/filings/public/contribution/fef7d7e6-ed23-4e6d-9894-e22f0ab719ea/print/
"McMorris Rodgers (bill's own lead GOP sponsor, reportedly excluded)",M001159,"LUMEN TECHNOLOGIES, INC.",2023-10-30,5000.00,5000.0,Cathy McMorris Rodgers,2023,Year-End (July 1 - Dec 31),fef7d7e6-ed23-4e6d-9894-e22f0ab719ea,https://lda.gov/filings/public/contribution/fef7d7e6-ed23-4e6d-9894-e22f0ab719ea/print/
"McMorris Rodgers (bill's own lead GOP sponsor, reportedly excluded)",M001159,"MEDTRONIC, INC.",2023-11-20,2500.00,2500.0,Cathy McMorris Rodgers,2023,Year-End (July 1 - Dec 31),9ec8b14b-e1f1-4383-89ed-c9297ea91290,https://lda.gov/filings/public/contribution/9ec8b14b-e1f1-4383-89ed-c9297ea91290/print/
"McMorris Rodgers (bill's own lead GOP sponsor, reportedly excluded)",M001159,"MEDTRONIC, INC.",2023-11-20,2500.00,2500.0,Cathy McMorris Rodgers,2023,Year-End (July 1 - Dec 31),9ec8b14b-e1f1-4383-89ed-c9297ea91290,https://lda.gov/filings/public/contribution/9ec8b14b-e1f1-4383-89ed-c9297ea91290/print/
"McMorris Rodgers (bill's own lead GOP sponsor, reportedly excluded)",M001159,"KOCH GOVERNMENT AFFAIRS, LLC",2023-12-11,2000.00,2000.0,Rep. Cathy McMorris Rodgers,2023,Year-End (July 1 - Dec 31),8e7b6166-68a9-484e-8303-efe1cf4d2736,https://lda.gov/filings/public/contribution/8e7b6166-68a9-484e-8303-efe1cf4d2736/print/
"McMorris Rodgers (bill's own lead GOP sponsor, reportedly excluded)",M001159,THE HOME DEPOT,2023-12-11,2500.00,2500.0,Rep. Cathy McMorris Rodgers,2023,Year-End (July 1 - Dec 31),874060a3-3cd1-42c2-8886-da959d3671c5,https://lda.gov/filings/public/contribution/874060a3-3cd1-42c2-8886-da959d3671c5/print/
"McMorris Rodgers (bill's own lead GOP sponsor, reportedly excluded)",M001159,THE HOME DEPOT,2023-12-11,2500.00,2500.0,Rep. Cathy McMorris Rodgers,2023,Year-End (July 1 - Dec 31),874060a3-3cd1-42c2-8886-da959d3671c5,https://lda.gov/filings/public/contribution/874060a3-3cd1-42c2-8886-da959d3671c5/print/
"McMorris Rodgers (bill's own lead GOP sponsor, reportedly excluded)",M001159,THE NONPROFIT ALLIANCE,2023-12-12,1000.00,1000.0,REP. CATHY MCMORRIS RODGERS,2023,Year-End (July 1 - Dec 31),08c24bf1-1fbb-41f6-b351-0e39242871c5,https://lda.gov/filings/public/contribution/08c24bf1-1fbb-41f6-b351-0e39242871c5/print/
"McMorris Rodgers (bill's own lead GOP sponsor, reportedly excluded)",M001159,AFLAC INCORPORATED,2023-12-14,1000.00,1000.0,Rep. Cathy McMorris Rodgers,2023,Year-End (July 1 - Dec 31),29e3e5ef-2796-4bab-8589-a1e54ccebcf8,https://lda.gov/filings/public/contribution/29e3e5ef-2796-4bab-8589-a1e54ccebcf8/print/
"McMorris Rodgers (bill's own lead GOP sponsor, reportedly excluded)",M001159,ROCK CENTRAL,2023-12-19,5000.00,5000.0,Congresswoman Cathy McMorris Rodgers,2023,Year-End (July 1 - Dec 31),273f8952-1bb9-4cd7-944e-a16cf67291d8,https://lda.gov/filings/public/contribution/273f8952-1bb9-4cd7-944e-a16cf67291d8/print/
"McMorris Rodgers (bill's own lead GOP sponsor, reportedly excluded)",M001159,"NORTH AMERICAN SUBARU, INC.",2023-12-20,2500.00,2500.0,Rep. Cathy McMorris Rodgers,2023,Year-End (July 1 - Dec 31),3b9755be-1710-49b9-8fe3-f1f7ad0513ff,https://lda.gov/filings/public/contribution/3b9755be-1710-49b9-8fe3-f1f7ad0513ff/print/
"McMorris Rodgers (bill's own lead GOP sponsor, reportedly excluded)",M001159,AFLAC INCORPORATED,2024-01-18,2500.00,2500.0,Rep. Cathy McMorris Rodgers,2024,Mid-Year (Jan 1 - Jun 30),c430dddb-72d1-47d0-a28e-1afec91a6b50,https://lda.gov/filings/public/contribution/c430dddb-72d1-47d0-a28e-1afec91a6b50/print/
"McMorris Rodgers (bill's own lead GOP sponsor, reportedly excluded)",M001159,RAI SERVICES COMPANY,2024-01-24,2000.00,2000.0,Rep Cathy McMorris Rodgers,2024,Mid-Year (Jan 1 - Jun 30),5bb5a128-7330-4cbb-9219-f549a59c1532,https://lda.gov/filings/public/contribution/5bb5a128-7330-4cbb-9219-f549a59c1532/print/
"McMorris Rodgers (bill's own lead GOP sponsor, reportedly excluded)",M001159,GUARDIAN LIFE INSURANCE COMPANY OF AMERICA,2024-01-25,1500.00,1500.0,Rep Cathy McMorris Rodgers,2024,Mid-Year (Jan 1 - Jun 30),7314e112-5fe0-4330-9ae8-1f44064a2f71,https://lda.gov/filings/public/contribution/7314e112-5fe0-4330-9ae8-1f44064a2f71/print/
"McMorris Rodgers (bill's own lead GOP sponsor, reportedly excluded)",M001159,GUARDIAN LIFE INSURANCE COMPANY OF AMERICA,2024-01-25,1000.00,1000.0,Rep Cathy McMorris Rodgers,2024,Mid-Year (Jan 1 - Jun 30),7314e112-5fe0-4330-9ae8-1f44064a2f71,https://lda.gov/filings/public/contribution/7314e112-5fe0-4330-9ae8-1f44064a2f71/print/
"McMorris Rodgers (bill's own lead GOP sponsor, reportedly excluded)",M001159,"KOCH GOVERNMENT AFFAIRS, LLC",2024-01-29,-2000.00,-2000.0,Rep. Cathy McMorris Rodgers,2024,Mid-Year (Jan 1 - Jun 30),d45eacd3-1a80-44ac-94ad-d6763df2fb23,https://lda.gov/filings/public/contribution/d45eacd3-1a80-44ac-94ad-d6763df2fb23/print/
"McMorris Rodgers (bill's own lead GOP sponsor, reportedly excluded)",M001159,RELX INC.,2024-02-07,1500.00,1500.0,Rep. Cathy McMorris Rodgers,2024,Mid-Year (Jan 1 - Jun 30),231b05d2-0f1c-4610-b84a-6bd9b9ff0d56,https://lda.gov/filings/public/contribution/231b05d2-0f1c-4610-b84a-6bd9b9ff0d56/print/
"Scalise (Majority Leader, reportedly arranged the block)",S001176,CHAMBER OF COMMERCE OF THE U.S.A.,2022-02-04,500.00,500.0,Rep. Steve Scalise,2022,Mid-Year (Jan 1 - Jun 30),b4bf9204-27e4-4844-b89f-6ab5bb546e20,https://lda.gov/filings/public/contribution/b4bf9204-27e4-4844-b89f-6ab5bb546e20/print/
"Scalise (Majority Leader, reportedly arranged the block)",S001176,GOOGLE CLIENT SERVICES LLC,2022-03-02,1000.00,1000.0,Rep. Steve Scalise,2022,Mid-Year (Jan 1 - Jun 30),93b131f1-7b23-4fff-aef5-6ca5959969d6,https://lda.gov/filings/public/contribution/93b131f1-7b23-4fff-aef5-6ca5959969d6/print/
"Scalise (Majority Leader, reportedly arranged the block)",S001176,RAI SERVICES COMPANY,2022-03-10,5000.00,5000.0,Rep Steve Scalise,2022,Mid-Year (Jan 1 - Jun 30),e39c8ca1-b415-4979-8adc-0901197d200c,https://lda.gov/filings/public/contribution/e39c8ca1-b415-4979-8adc-0901197d200c/print/
"Scalise (Majority Leader, reportedly arranged the block)",S001176,MORTGAGE BANKERS ASSOCIATION,2022-03-17,5000.00,5000.0,Rep Steve Scalise,2022,Mid-Year (Jan 1 - Jun 30),cc34b7ed-742e-4d14-9de5-13bc9b9d9095,https://lda.gov/filings/public/contribution/cc34b7ed-742e-4d14-9de5-13bc9b9d9095/print/
"Scalise (Majority Leader, reportedly arranged the block)",S001176,MORTGAGE BANKERS ASSOCIATION,2022-03-17,5000.00,5000.0,Rep Steve Scalise,2022,Mid-Year (Jan 1 - Jun 30),cc34b7ed-742e-4d14-9de5-13bc9b9d9095,https://lda.gov/filings/public/contribution/cc34b7ed-742e-4d14-9de5-13bc9b9d9095/print/
"Scalise (Majority Leader, reportedly arranged the block)",S001176,NATIONAL ASSOCIATION OF MANUFACTURERS,2022-03-31,2500.00,2500.0,Steve Scalise,2022,Mid-Year (Jan 1 - Jun 30),f134fb38-a5aa-4a14-b789-20308f650fa0,https://lda.gov/filings/public/contribution/f134fb38-a5aa-4a14-b789-20308f650fa0/print/
"Scalise (Majority Leader, reportedly arranged the block)",S001176,AMERICAN LAND TITLE ASSOCIATION,2022-04-12,2500.00,2500.0,Rep. Steve Scalise,2022,Mid-Year (Jan 1 - Jun 30),5fa5f8ec-113f-469a-bdc2-2eed14ad87dd,https://lda.gov/filings/public/contribution/5fa5f8ec-113f-469a-bdc2-2eed14ad87dd/print/
"Scalise (Majority Leader, reportedly arranged the block)",S001176,COX ENTERPRISES INC.,2022-04-19,5000.00,5000.0,Rep. Steve Scalise,2022,Mid-Year (Jan 1 - Jun 30),270e0de8-c3e0-48bb-88d3-61580db661ba,https://lda.gov/filings/public/contribution/270e0de8-c3e0-48bb-88d3-61580db661ba/print/
"Scalise (Majority Leader, reportedly arranged the block)",S001176,AMERICAN LAND TITLE ASSOCIATION,2022-05-04,5000.00,5000.0,Rep. Steve Scalise,2022,Mid-Year (Jan 1 - Jun 30),5fa5f8ec-113f-469a-bdc2-2eed14ad87dd,https://lda.gov/filings/public/contribution/5fa5f8ec-113f-469a-bdc2-2eed14ad87dd/print/
"Scalise (Majority Leader, reportedly arranged the block)",S001176,HONEYWELL INTERNATIONAL,2022-05-05,5000.00,5000.0,Steve Scalise,2022,Mid-Year (Jan 1 - Jun 30),b9efee68-f64f-48b7-87bc-ea591b214306,https://lda.gov/filings/public/contribution/b9efee68-f64f-48b7-87bc-ea591b214306/print/
"Scalise (Majority Leader, reportedly arranged the block)",S001176,NATIONAL ASSOCIATION OF MUTUAL INSURANCE COMPANIES,2022-05-11,5000.00,5000.0,Rep Steve Scalise,2022,Mid-Year (Jan 1 - Jun 30),e9e02a3e-5f11-4d5c-af28-7850fffc145e,https://lda.gov/filings/public/contribution/e9e02a3e-5f11-4d5c-af28-7850fffc145e/print/
"Scalise (Majority Leader, reportedly arranged the block)",S001176,COX ENTERPRISES INC.,2022-05-18,5000.00,5000.0,Rep. Steve Scalise,2022,Mid-Year (Jan 1 - Jun 30),270e0de8-c3e0-48bb-88d3-61580db661ba,https://lda.gov/filings/public/contribution/270e0de8-c3e0-48bb-88d3-61580db661ba/print/
"Scalise (Majority Leader, reportedly arranged the block)",S001176,RAI SERVICES COMPANY,2022-05-20,5000.00,5000.0,Rep Steve Scalise,2022,Mid-Year (Jan 1 - Jun 30),e39c8ca1-b415-4979-8adc-0901197d200c,https://lda.gov/filings/public/contribution/e39c8ca1-b415-4979-8adc-0901197d200c/print/
"Scalise (Majority Leader, reportedly arranged the block)",S001176,AMERICAN LAND TITLE ASSOCIATION,2022-05-24,2500.00,2500.0,Rep. Steve Scalise,2022,Mid-Year (Jan 1 - Jun 30),5fa5f8ec-113f-469a-bdc2-2eed14ad87dd,https://lda.gov/filings/public/contribution/5fa5f8ec-113f-469a-bdc2-2eed14ad87dd/print/
"Scalise (Majority Leader, reportedly arranged the block)",S001176,INDEPENDENT INSURANCE AGENTS & BROKERS OF AMERICA,2022-05-27,5000.00,5000.0,Steve Scalise,2022,Mid-Year (Jan 1 - Jun 30),2164fa60-5968-41b1-bfbf-d16405b12041,https://lda.gov/filings/public/contribution/2164fa60-5968-41b1-bfbf-d16405b12041/print/
"Scalise (Majority Leader, reportedly arranged the block)",S001176,INDEPENDENT INSURANCE AGENTS & BROKERS OF AMERICA,2022-05-27,5000.00,5000.0,Steve Scalise,2022,Mid-Year (Jan 1 - Jun 30),2164fa60-5968-41b1-bfbf-d16405b12041,https://lda.gov/filings/public/contribution/2164fa60-5968-41b1-bfbf-d16405b12041/print/
"Scalise (Majority Leader, reportedly arranged the block)",S001176,AMERICAN BANKERS ASSOCIATION,2022-06-06,5000.00,5000.0,Rep Steve Scalise,2022,Mid-Year (Jan 1 - Jun 30),fa928533-3f60-4134-9538-94fbdd3699a9,https://lda.gov/filings/public/contribution/fa928533-3f60-4134-9538-94fbdd3699a9/print/
"Scalise (Majority Leader, reportedly arranged the block)",S001176,COX ENTERPRISES INC.,2022-06-10,5000.00,5000.0,Rep. Steve Scalise,2022,Mid-Year (Jan 1 - Jun 30),270e0de8-c3e0-48bb-88d3-61580db661ba,https://lda.gov/filings/public/contribution/270e0de8-c3e0-48bb-88d3-61580db661ba/print/
"Scalise (Majority Leader, reportedly arranged the block)",S001176,AMERICAN BANKERS ASSOCIATION,2022-06-15,5000.00,5000.0,Rep Steve Scalise,2022,Mid-Year (Jan 1 - Jun 30),fa928533-3f60-4134-9538-94fbdd3699a9,https://lda.gov/filings/public/contribution/fa928533-3f60-4134-9538-94fbdd3699a9/print/
"Scalise (Majority Leader, reportedly arranged the block)",S001176,CAPITAL ONE FINANCIAL CORPORATION,2022-07-20,5000.00,5000.0,Steve Scalise,2022,Year-End (July 1 - Dec 31),ee24b240-e183-473e-8b2d-67ce53044a2a,https://lda.gov/filings/public/contribution/ee24b240-e183-473e-8b2d-67ce53044a2a/print/
"Scalise (Majority Leader, reportedly arranged the block)",S001176,NATIONAL ASSOCIATION OF MUTUAL INSURANCE COMPANIES,2022-08-22,5000.00,5000.0,Rep Steve Scalise,2022,Year-End (July 1 - Dec 31),95d6edc9-6c4a-4a04-a86f-55bf88b20dc4,https://lda.gov/filings/public/contribution/95d6edc9-6c4a-4a04-a86f-55bf88b20dc4/print/
"Scalise (Majority Leader, reportedly arranged the block)",S001176,NATIONAL ASSOCIATION OF MANUFACTURERS,2022-08-24,2500.00,2500.0,Rep. Steve Scalise,2022,Year-End (July 1 - Dec 31),5a68bd6e-2b5f-479f-be02-d1404f860729,https://lda.gov/filings/public/contribution/5a68bd6e-2b5f-479f-be02-d1404f860729/print/
"Scalise (Majority Leader, reportedly arranged the block)",S001176,"LUMEN TECHNOLOGIES, INC.",2022-09-12,2500.00,2500.0,Steve Scalise,2022,Year-End (July 1 - Dec 31),f278dcc5-6216-4a2b-8d82-01d1dc230c19,https://lda.gov/filings/public/contribution/f278dcc5-6216-4a2b-8d82-01d1dc230c19/print/
"Scalise (Majority Leader, reportedly arranged the block)",S001176,AFLAC INCORPORATED,2022-09-19,5000.00,5000.0,Rep. Steve Scalise,2022,Year-End (July 1 - Dec 31),25ed007c-d3a2-4b0d-90be-ff303d837968,https://lda.gov/filings/public/contribution/25ed007c-d3a2-4b0d-90be-ff303d837968/print/
"Scalise (Majority Leader, reportedly arranged the block)",S001176,NATIONAL GROCERS ASSOCIATION,2022-09-20,1250.00,1250.0,Rep. Steve Scalise,2022,Year-End (July 1 - Dec 31),bf2dae8c-2d55-438e-b33e-c9bf5865fd6f,https://lda.gov/filings/public/contribution/bf2dae8c-2d55-438e-b33e-c9bf5865fd6f/print/
"Scalise (Majority Leader, reportedly arranged the block)",S001176,NATIONAL GROCERS ASSOCIATION,2022-09-20,1250.00,1250.0,Sen. Steve Scalise,2022,Year-End (July 1 - Dec 31),bf2dae8c-2d55-438e-b33e-c9bf5865fd6f,https://lda.gov/filings/public/contribution/bf2dae8c-2d55-438e-b33e-c9bf5865fd6f/print/
"Scalise (Majority Leader, reportedly arranged the block)",S001176,ROCK CENTRAL,2022-09-27,5000.00,5000.0,Rep. Steve Scalise,2022,Year-End (July 1 - Dec 31),15c4a453-2354-484a-a4d8-69d86a374f44,https://lda.gov/filings/public/contribution/15c4a453-2354-484a-a4d8-69d86a374f44/print/
"Scalise (Majority Leader, reportedly arranged the block)",S001176,ROCK CENTRAL,2022-09-27,5000.00,5000.0,Rep. Steve Scalise,2022,Year-End (July 1 - Dec 31),15c4a453-2354-484a-a4d8-69d86a374f44,https://lda.gov/filings/public/contribution/15c4a453-2354-484a-a4d8-69d86a374f44/print/
"Scalise (Majority Leader, reportedly arranged the block)",S001176,FINSECA,2022-09-30,2500.00,2500.0,Steve Scalise,2022,Year-End (July 1 - Dec 31),bf0a60b7-8d4e-4b08-a0c5-f241a2c60cd6,https://lda.gov/filings/public/contribution/bf0a60b7-8d4e-4b08-a0c5-f241a2c60cd6/print/
"Scalise (Majority Leader, reportedly arranged the block)",S001176,PACIFIC GAS AND ELECTRIC COMPANY,2022-10-04,1000.00,1000.0,Rep. Steve Scalise,2022,Year-End (July 1 - Dec 31),dd2a2261-9658-4e7f-aa4a-e15c04229bbe,https://lda.gov/filings/public/contribution/dd2a2261-9658-4e7f-aa4a-e15c04229bbe/print/
"Scalise (Majority Leader, reportedly arranged the block)",S001176,"LUMEN TECHNOLOGIES, INC.",2022-10-21,2500.00,2500.0,Steve Scalise,2022,Year-End (July 1 - Dec 31),f278dcc5-6216-4a2b-8d82-01d1dc230c19,https://lda.gov/filings/public/contribution/f278dcc5-6216-4a2b-8d82-01d1dc230c19/print/
"Scalise (Majority Leader, reportedly arranged the block)",S001176,"LUMEN TECHNOLOGIES, INC.",2022-10-21,5000.00,5000.0,Steve Scalise,2022,Year-End (July 1 - Dec 31),f278dcc5-6216-4a2b-8d82-01d1dc230c19,https://lda.gov/filings/public/contribution/f278dcc5-6216-4a2b-8d82-01d1dc230c19/print/
"Scalise (Majority Leader, reportedly arranged the block)",S001176,HONEYWELL INTERNATIONAL,2022-11-01,5000.00,5000.0,Steve Scalise,2022,Year-End (July 1 - Dec 31),31018c8b-3b1e-4171-bd00-7a35f6e1dc16,https://lda.gov/filings/public/contribution/31018c8b-3b1e-4171-bd00-7a35f6e1dc16/print/
"Scalise (Majority Leader, reportedly arranged the block)",S001176,HONEYWELL INTERNATIONAL,2022-11-01,5000.00,5000.0,Steve Scalise,2022,Year-End (July 1 - Dec 31),31018c8b-3b1e-4171-bd00-7a35f6e1dc16,https://lda.gov/filings/public/contribution/31018c8b-3b1e-4171-bd00-7a35f6e1dc16/print/
"Scalise (Majority Leader, reportedly arranged the block)",S001176,PACIFIC GAS AND ELECTRIC COMPANY,2022-11-23,1500.00,1500.0,Rep. Steve Scalise,2022,Year-End (July 1 - Dec 31),dd2a2261-9658-4e7f-aa4a-e15c04229bbe,https://lda.gov/filings/public/contribution/dd2a2261-9658-4e7f-aa4a-e15c04229bbe/print/
"Scalise (Majority Leader, reportedly arranged the block)",S001176,"KOCH GOVERNMENT AFFAIRS, LLC",2023-01-24,30000.00,30000.0,Congressman Steve Scalise,2023,Mid-Year (Jan 1 - Jun 30),5c2c8186-58e3-4060-9410-20368a8fe9ba,https://lda.gov/filings/public/contribution/5c2c8186-58e3-4060-9410-20368a8fe9ba/print/
"Scalise (Majority Leader, reportedly arranged the block)",S001176,"KOCH GOVERNMENT AFFAIRS, LLC",2023-01-24,30000.00,30000.0,Congressman Steve Scalise,2023,Mid-Year (Jan 1 - Jun 30),d183c5d8-0111-44d5-b8b3-8c5e72c11b5f,https://lda.gov/filings/public/contribution/d183c5d8-0111-44d5-b8b3-8c5e72c11b5f/print/
"Scalise (Majority Leader, reportedly arranged the block)",S001176,CHAMBER OF COMMERCE OF THE U.S.A.,2023-03-01,500.00,500.0,Rep. Steve Scalise,2023,Mid-Year (Jan 1 - Jun 30),9a88e79e-fa5b-47b5-955a-caa98c4d82d4,https://lda.gov/filings/public/contribution/9a88e79e-fa5b-47b5-955a-caa98c4d82d4/print/
"Scalise (Majority Leader, reportedly arranged the block)",S001176,RAI SERVICES COMPANY,2023-03-14,2500.00,2500.0,Rep Steve Scalise,2023,Mid-Year (Jan 1 - Jun 30),5ed0ab51-ff5d-4633-9dda-c367cdd38e08,https://lda.gov/filings/public/contribution/5ed0ab51-ff5d-4633-9dda-c367cdd38e08/print/
"Scalise (Majority Leader, reportedly arranged the block)",S001176,COX ENTERPRISES INC.,2023-03-16,5000.00,5000.0,Rep. Steve Scalise,2023,Mid-Year (Jan 1 - Jun 30),5a8b62f2-0eee-4253-a3ae-cc0c2b0416b8,https://lda.gov/filings/public/contribution/5a8b62f2-0eee-4253-a3ae-cc0c2b0416b8/print/
"Scalise (Majority Leader, reportedly arranged the block)",S001176,AMERICAN BANKERS ASSOCIATION,2023-03-21,5000.00,5000.0,Rep Steve Scalise,2023,Mid-Year (Jan 1 - Jun 30),fe31b64c-1451-4a83-8d0a-d16830e8aab1,https://lda.gov/filings/public/contribution/fe31b64c-1451-4a83-8d0a-d16830e8aab1/print/
"Scalise (Majority Leader, reportedly arranged the block)",S001176,NATIONAL ASSOCIATION OF MANUFACTURERS,2023-03-22,5000.00,5000.0,Rep. Steve Scalise,2023,Mid-Year (Jan 1 - Jun 30),d4e10563-4bb3-4ded-b442-d23bb6d0401c,https://lda.gov/filings/public/contribution/d4e10563-4bb3-4ded-b442-d23bb6d0401c/print/
"Scalise (Majority Leader, reportedly arranged the block)",S001176,SUSAN B ANTHONY LIST,2023-03-22,1000.00,1000.0,Rep. Steve Scalise,2023,Mid-Year (Jan 1 - Jun 30),ec0df1f2-fd3e-41e5-b121-49ba0a5484ad,https://lda.gov/filings/public/contribution/ec0df1f2-fd3e-41e5-b121-49ba0a5484ad/print/
"Scalise (Majority Leader, reportedly arranged the block)",S001176,CAPITAL ONE FINANCIAL CORPORATION,2023-03-27,5000.00,5000.0,Steve Scalise,2023,Mid-Year (Jan 1 - Jun 30),eaab76dd-2e1d-479b-b3a7-dc1a91dbddb7,https://lda.gov/filings/public/contribution/eaab76dd-2e1d-479b-b3a7-dc1a91dbddb7/print/
"Scalise (Majority Leader, reportedly arranged the block)",S001176,CAPITAL ONE FINANCIAL CORPORATION,2023-03-27,5000.00,5000.0,Steve Scalise,2023,Mid-Year (Jan 1 - Jun 30),eaab76dd-2e1d-479b-b3a7-dc1a91dbddb7,https://lda.gov/filings/public/contribution/eaab76dd-2e1d-479b-b3a7-dc1a91dbddb7/print/
"Scalise (Majority Leader, reportedly arranged the block)",S001176,TARGET CORPORATION,2023-03-28,5000.00,5000.0,Steve Scalise,2023,Mid-Year (Jan 1 - Jun 30),f5533f36-55a0-4efc-934b-52f8f5e2ac34,https://lda.gov/filings/public/contribution/f5533f36-55a0-4efc-934b-52f8f5e2ac34/print/
"Scalise (Majority Leader, reportedly arranged the block)",S001176,RAI SERVICES COMPANY,2023-04-10,2500.00,2500.0,Rep Steve Scalise,2023,Mid-Year (Jan 1 - Jun 30),5ed0ab51-ff5d-4633-9dda-c367cdd38e08,https://lda.gov/filings/public/contribution/5ed0ab51-ff5d-4633-9dda-c367cdd38e08/print/
"Scalise (Majority Leader, reportedly arranged the block)",S001176,HONEYWELL INTERNATIONAL,2023-05-09,2500.00,2500.0,Steve Scalise,2023,Mid-Year (Jan 1 - Jun 30),c6f8861a-56b5-4060-bf8c-9922aa2f6a3e,https://lda.gov/filings/public/contribution/c6f8861a-56b5-4060-bf8c-9922aa2f6a3e/print/
"Scalise (Majority Leader, reportedly arranged the block)",S001176,AMEREN SERVICES,2023-05-15,2500.00,2500.0,Rep Steve Scalise,2023,Mid-Year (Jan 1 - Jun 30),139c8ecf-e0b0-437e-8a68-e815def8ab8d,https://lda.gov/filings/public/contribution/139c8ecf-e0b0-437e-8a68-e815def8ab8d/print/
"Scalise (Majority Leader, reportedly arranged the block)",S001176,RAI SERVICES COMPANY,2023-05-15,5000.00,5000.0,Rep Steve Scalise,2023,Mid-Year (Jan 1 - Jun 30),5ed0ab51-ff5d-4633-9dda-c367cdd38e08,https://lda.gov/filings/public/contribution/5ed0ab51-ff5d-4633-9dda-c367cdd38e08/print/
"Scalise (Majority Leader, reportedly arranged the block)",S001176,AMERICAN LAND TITLE ASSOCIATION,2023-05-17,2500.00,2500.0,Steve Scalise,2023,Mid-Year (Jan 1 - Jun 30),86b273d5-f3df-4d21-b87e-9415be185d1a,https://lda.gov/filings/public/contribution/86b273d5-f3df-4d21-b87e-9415be185d1a/print/
"Scalise (Majority Leader, reportedly arranged the block)",S001176,COX ENTERPRISES INC.,2023-05-24,5000.00,5000.0,Rep. Steve Scalise,2023,Mid-Year (Jan 1 - Jun 30),5a8b62f2-0eee-4253-a3ae-cc0c2b0416b8,https://lda.gov/filings/public/contribution/5a8b62f2-0eee-4253-a3ae-cc0c2b0416b8/print/
"Scalise (Majority Leader, reportedly arranged the block)",S001176,MORTGAGE BANKERS ASSOCIATION,2023-05-30,5000.00,5000.0,Rep Steve Scalise,2023,Mid-Year (Jan 1 - Jun 30),4ad5c94f-bb96-4f72-bd30-3fec4aaa578a,https://lda.gov/filings/public/contribution/4ad5c94f-bb96-4f72-bd30-3fec4aaa578a/print/
"Scalise (Majority Leader, reportedly arranged the block)",S001176,MORTGAGE BANKERS ASSOCIATION,2023-05-30,5000.00,5000.0,Rep Steve Scalise,2023,Mid-Year (Jan 1 - Jun 30),4ad5c94f-bb96-4f72-bd30-3fec4aaa578a,https://lda.gov/filings/public/contribution/4ad5c94f-bb96-4f72-bd30-3fec4aaa578a/print/
"Scalise (Majority Leader, reportedly arranged the block)",S001176,"WORKDAY, INC.",2023-06-12,1000.00,1000.0,Steve Scalise,2023,Mid-Year (Jan 1 - Jun 30),b53da953-1ed6-4c0b-a253-c5e88a8c0168,https://lda.gov/filings/public/contribution/b53da953-1ed6-4c0b-a253-c5e88a8c0168/print/
"Scalise (Majority Leader, reportedly arranged the block)",S001176,PACIFIC GAS AND ELECTRIC COMPANY,2023-06-14,2500.00,2500.0,Rep. Steve Scalise,2023,Mid-Year (Jan 1 - Jun 30),3bd18935-364a-4f1e-a256-bbaaa37d34ae,https://lda.gov/filings/public/contribution/3bd18935-364a-4f1e-a256-bbaaa37d34ae/print/
"Scalise (Majority Leader, reportedly arranged the block)",S001176,AFLAC INCORPORATED,2023-06-15,5000.00,5000.0,Rep. Steve Scalise,2023,Mid-Year (Jan 1 - Jun 30),fbbd886c-196b-42de-a08e-ffd9571918a5,https://lda.gov/filings/public/contribution/fbbd886c-196b-42de-a08e-ffd9571918a5/print/
"Scalise (Majority Leader, reportedly arranged the block)",S001176,AFLAC INCORPORATED,2023-06-15,5000.00,5000.0,Rep. Steve Scalise,2023,Mid-Year (Jan 1 - Jun 30),fbbd886c-196b-42de-a08e-ffd9571918a5,https://lda.gov/filings/public/contribution/fbbd886c-196b-42de-a08e-ffd9571918a5/print/
"Scalise (Majority Leader, reportedly arranged the block)",S001176,RETAIL INDUSTRY LEADERS ASSOCIATION,2023-06-21,2500.00,2500.0,Steve Scalise,2023,Mid-Year (Jan 1 - Jun 30),a0fab32e-a941-40d1-aea9-ec4bc83c8e34,https://lda.gov/filings/public/contribution/a0fab32e-a941-40d1-aea9-ec4bc83c8e34/print/
"Scalise (Majority Leader, reportedly arranged the block)",S001176,RETAIL INDUSTRY LEADERS ASSOCIATION,2023-06-21,2500.00,2500.0,Steve Scalise,2023,Mid-Year (Jan 1 - Jun 30),0108e106-64b4-4ed2-b81d-f81ba2470fdb,https://lda.gov/filings/public/contribution/0108e106-64b4-4ed2-b81d-f81ba2470fdb/print/
"Scalise (Majority Leader, reportedly arranged the block)",S001176,RAI SERVICES COMPANY,2023-06-22,2500.00,2500.0,Rep Steve Scalise,2023,Mid-Year (Jan 1 - Jun 30),5ed0ab51-ff5d-4633-9dda-c367cdd38e08,https://lda.gov/filings/public/contribution/5ed0ab51-ff5d-4633-9dda-c367cdd38e08/print/
"Scalise (Majority Leader, reportedly arranged the block)",S001176,ROCK CENTRAL,2023-06-26,5000.00,5000.0,Rep. Steve Scalise,2023,Mid-Year (Jan 1 - Jun 30),fa3c7a15-b979-4730-83e2-e7831d4316e1,https://lda.gov/filings/public/contribution/fa3c7a15-b979-4730-83e2-e7831d4316e1/print/
"Scalise (Majority Leader, reportedly arranged the block)",S001176,GOOGLE CLIENT SERVICES LLC,2023-06-30,5000.00,5000.0,Rep. Steve Scalise,2023,Mid-Year (Jan 1 - Jun 30),501f2fa2-5526-4a43-a2ea-2e0dcd4f2b60,https://lda.gov/filings/public/contribution/501f2fa2-5526-4a43-a2ea-2e0dcd4f2b60/print/
"Scalise (Majority Leader, reportedly arranged the block)",S001176,GOOGLE CLIENT SERVICES LLC,2023-06-30,2500.00,2500.0,Rep. Steve Scalise,2023,Mid-Year (Jan 1 - Jun 30),501f2fa2-5526-4a43-a2ea-2e0dcd4f2b60,https://lda.gov/filings/public/contribution/501f2fa2-5526-4a43-a2ea-2e0dcd4f2b60/print/
"Scalise (Majority Leader, reportedly arranged the block)",S001176,RAI SERVICES COMPANY,2023-07-20,2500.00,2500.0,Rep Steve Scalise,2023,Year-End (July 1 - Dec 31),22f7352e-d57f-4da7-bcd0-1a84671cbf64,https://lda.gov/filings/public/contribution/22f7352e-d57f-4da7-bcd0-1a84671cbf64/print/
"Scalise (Majority Leader, reportedly arranged the block)",S001176,AMERICAN BANKERS ASSOCIATION,2023-08-24,5000.00,5000.0,Rep Steve Scalise,2023,Year-End (July 1 - Dec 31),2871ee0d-e813-40b1-9569-19d6c8c26c55,https://lda.gov/filings/public/contribution/2871ee0d-e813-40b1-9569-19d6c8c26c55/print/
"Scalise (Majority Leader, reportedly arranged the block)",S001176,AMERICAN BANKERS ASSOCIATION,2023-08-24,5000.00,5000.0,Rep Steve Scalise,2023,Year-End (July 1 - Dec 31),2871ee0d-e813-40b1-9569-19d6c8c26c55,https://lda.gov/filings/public/contribution/2871ee0d-e813-40b1-9569-19d6c8c26c55/print/
"Scalise (Majority Leader, reportedly arranged the block)",S001176,COX ENTERPRISES INC.,2023-08-29,-5000.00,-5000.0,Rep Steve Scalise,2023,Year-End (July 1 - Dec 31),63eb1b90-5722-4b42-9e24-c5b24a4ee1f2,https://lda.gov/filings/public/contribution/63eb1b90-5722-4b42-9e24-c5b24a4ee1f2/print/
"Scalise (Majority Leader, reportedly arranged the block)",S001176,COX ENTERPRISES INC.,2023-08-30,5000.00,5000.0,Rep. Steve Scalise,2023,Year-End (July 1 - Dec 31),63eb1b90-5722-4b42-9e24-c5b24a4ee1f2,https://lda.gov/filings/public/contribution/63eb1b90-5722-4b42-9e24-c5b24a4ee1f2/print/
"Scalise (Majority Leader, reportedly arranged the block)",S001176,ALABAMA FARMERS FEDERATION,2023-09-20,10000.00,10000.0,Steve Scalise,2023,Year-End (July 1 - Dec 31),26e9caba-b804-4442-ab2b-f4e6f40670b4,https://lda.gov/filings/public/contribution/26e9caba-b804-4442-ab2b-f4e6f40670b4/print/
"Scalise (Majority Leader, reportedly arranged the block)",S001176,ROCK CENTRAL,2023-09-26,5000.00,5000.0,Congressman Steve Scalise,2023,Year-End (July 1 - Dec 31),273f8952-1bb9-4cd7-944e-a16cf67291d8,https://lda.gov/filings/public/contribution/273f8952-1bb9-4cd7-944e-a16cf67291d8/print/
"Scalise (Majority Leader, reportedly arranged the block)",S001176,INDEPENDENT INSURANCE AGENTS & BROKERS OF AMERICA,2023-09-26,5000.00,5000.0,Steve Scalise,2023,Year-End (July 1 - Dec 31),8ef9f145-97ad-4514-b0ad-1a642bee49cc,https://lda.gov/filings/public/contribution/8ef9f145-97ad-4514-b0ad-1a642bee49cc/print/
"Scalise (Majority Leader, reportedly arranged the block)",S001176,INDEPENDENT INSURANCE AGENTS & BROKERS OF AMERICA,2023-09-26,5000.00,5000.0,Steve Scalise,2023,Year-End (July 1 - Dec 31),8ef9f145-97ad-4514-b0ad-1a642bee49cc,https://lda.gov/filings/public/contribution/8ef9f145-97ad-4514-b0ad-1a642bee49cc/print/
"Scalise (Majority Leader, reportedly arranged the block)",S001176,"LUMEN TECHNOLOGIES, INC.",2023-10-30,5000.00,5000.0,Steve Scalise,2023,Year-End (July 1 - Dec 31),fef7d7e6-ed23-4e6d-9894-e22f0ab719ea,https://lda.gov/filings/public/contribution/fef7d7e6-ed23-4e6d-9894-e22f0ab719ea/print/
"Scalise (Majority Leader, reportedly arranged the block)",S001176,AMERICAN LAND TITLE ASSOCIATION,2023-12-05,5000.00,5000.0,Steve Scalise,2023,Year-End (July 1 - Dec 31),a3441224-976f-4b41-9287-e899aec678de,https://lda.gov/filings/public/contribution/a3441224-976f-4b41-9287-e899aec678de/print/
"Scalise (Majority Leader, reportedly arranged the block)",S001176,GOOGLE CLIENT SERVICES LLC,2023-12-08,5000.00,5000.0,Rep. Steve Scalise,2023,Year-End (July 1 - Dec 31),ea995f73-c848-4867-8cf6-0aef9a8f428a,https://lda.gov/filings/public/contribution/ea995f73-c848-4867-8cf6-0aef9a8f428a/print/
"Scalise (Majority Leader, reportedly arranged the block)",S001176,HONEYWELL INTERNATIONAL,2023-12-12,2500.00,2500.0,Steve Scalise,2023,Year-End (July 1 - Dec 31),d0290e25-94af-493c-8592-b2e35b77a549,https://lda.gov/filings/public/contribution/d0290e25-94af-493c-8592-b2e35b77a549/print/
"Scalise (Majority Leader, reportedly arranged the block)",S001176,HONEYWELL INTERNATIONAL,2023-12-12,2500.00,2500.0,Steve Scalise,2023,Year-End (July 1 - Dec 31),d0290e25-94af-493c-8592-b2e35b77a549,https://lda.gov/filings/public/contribution/d0290e25-94af-493c-8592-b2e35b77a549/print/
"Scalise (Majority Leader, reportedly arranged the block)",S001176,HONEYWELL INTERNATIONAL,2023-12-29,5000.00,5000.0,Steve Scalise,2023,Year-End (July 1 - Dec 31),d0290e25-94af-493c-8592-b2e35b77a549,https://lda.gov/filings/public/contribution/d0290e25-94af-493c-8592-b2e35b77a549/print/
"Scalise (Majority Leader, reportedly arranged the block)",S001176,RAI SERVICES COMPANY,2024-01-24,700.00,700.0,Rep Steve Scalise,2024,Mid-Year (Jan 1 - Jun 30),5bb5a128-7330-4cbb-9219-f549a59c1532,https://lda.gov/filings/public/contribution/5bb5a128-7330-4cbb-9219-f549a59c1532/print/
"Scalise (Majority Leader, reportedly arranged the block)",S001176,AMERICAN BANKERS ASSOCIATION,2024-02-26,5000.00,5000.0,Rep Steve Scalise,2024,Mid-Year (Jan 1 - Jun 30),082d5e8f-dd55-450a-bf22-7f3e2e5d9a51,https://lda.gov/filings/public/contribution/082d5e8f-dd55-450a-bf22-7f3e2e5d9a51/print/
"Scalise (Majority Leader, reportedly arranged the block)",S001176,HONEYWELL INTERNATIONAL,2024-03-04,2500.00,2500.0,Steve Scalise,2024,Mid-Year (Jan 1 - Jun 30),227096b0-5abc-4276-bc3f-f4b4fa0e73c6,https://lda.gov/filings/public/contribution/227096b0-5abc-4276-bc3f-f4b4fa0e73c6/print/
"Scalise (Majority Leader, reportedly arranged the block)",S001176,HONEYWELL INTERNATIONAL,2024-03-14,5000.00,5000.0,Steve Scalise,2024,Mid-Year (Jan 1 - Jun 30),227096b0-5abc-4276-bc3f-f4b4fa0e73c6,https://lda.gov/filings/public/contribution/227096b0-5abc-4276-bc3f-f4b4fa0e73c6/print/
"Scalise (Majority Leader, reportedly arranged the block)",S001176,SUSAN B ANTHONY LIST,2024-03-19,5000.00,5000.0,Rep. Steve Scalise,2024,Mid-Year (Jan 1 - Jun 30),5a3e6d3d-8377-4b7a-891b-8c3442134d6f,https://lda.gov/filings/public/contribution/5a3e6d3d-8377-4b7a-891b-8c3442134d6f/print/
"Scalise (Majority Leader, reportedly arranged the block)",S001176,TARGET CORPORATION,2024-03-25,2500.00,2500.0,Steve Scalise,2024,Mid-Year (Jan 1 - Jun 30),3e06128f-fb6f-4f41-95a3-24e3fa7e9610,https://lda.gov/filings/public/contribution/3e06128f-fb6f-4f41-95a3-24e3fa7e9610/print/
"Scalise (Majority Leader, reportedly arranged the block)",S001176,AMEREN SERVICES,2024-04-03,1500.00,1500.0,Rep Steve Scalise,2024,Mid-Year (Jan 1 - Jun 30),3ce218e0-cbd3-46e4-9c01-a26888f02c15,https://lda.gov/filings/public/contribution/3ce218e0-cbd3-46e4-9c01-a26888f02c15/print/
"Scalise (Majority Leader, reportedly arranged the block)",S001176,AMERICAN LAND TITLE ASSOCIATION,2024-05-21,2500.00,2500.0,Steve Scalise,2024,Mid-Year (Jan 1 - Jun 30),caa81685-35ac-487d-b18b-cb08a3a6e54e,https://lda.gov/filings/public/contribution/caa81685-35ac-487d-b18b-cb08a3a6e54e/print/
"Scalise (Majority Leader, reportedly arranged the block)",S001176,AMERICAN LAND TITLE ASSOCIATION,2024-05-21,5000.00,5000.0,Steve Scalise,2024,Mid-Year (Jan 1 - Jun 30),caa81685-35ac-487d-b18b-cb08a3a6e54e,https://lda.gov/filings/public/contribution/caa81685-35ac-487d-b18b-cb08a3a6e54e/print/
"Scalise (Majority Leader, reportedly arranged the block)",S001176,PACIFIC GAS AND ELECTRIC COMPANY,2024-06-06,2500.00,2500.0,Rep. Steve Scalise,2024,Mid-Year (Jan 1 - Jun 30),2853a4ed-6795-4845-a608-6a46ae651a34,https://lda.gov/filings/public/contribution/2853a4ed-6795-4845-a608-6a46ae651a34/print/
"Scalise (Majority Leader, reportedly arranged the block)",S001176,CAPITAL ONE FINANCIAL CORPORATION,2024-06-12,5000.00,5000.0,Steve Scalise,2024,Mid-Year (Jan 1 - Jun 30),3e780ad4-ac2f-430e-a04b-4929e28c5ecc,https://lda.gov/filings/public/contribution/3e780ad4-ac2f-430e-a04b-4929e28c5ecc/print/
"Scalise (Majority Leader, reportedly arranged the block)",S001176,CAPITAL ONE FINANCIAL CORPORATION,2024-06-12,5000.00,5000.0,Steve Scalise,2024,Mid-Year (Jan 1 - Jun 30),3e780ad4-ac2f-430e-a04b-4929e28c5ecc,https://lda.gov/filings/public/contribution/3e780ad4-ac2f-430e-a04b-4929e28c5ecc/print/
"Scalise (Majority Leader, reportedly arranged the block)",S001176,INDEPENDENT INSURANCE AGENTS & BROKERS OF AMERICA,2024-06-24,25000.00,25000.0,Steve Scalise,2024,Mid-Year (Jan 1 - Jun 30),74e57ec6-f46f-4340-af21-22780b34b6b4,https://lda.gov/filings/public/contribution/74e57ec6-f46f-4340-af21-22780b34b6b4/print/
"Scalise (Majority Leader, reportedly arranged the block)",S001176,ROCK CENTRAL,2024-06-25,2500.00,2500.0,Representative Steve Scalise,2024,Mid-Year (Jan 1 - Jun 30),037907e3-17a2-4b83-9bf7-156399f83417,https://lda.gov/filings/public/contribution/037907e3-17a2-4b83-9bf7-156399f83417/print/
"Scalise (Majority Leader, reportedly arranged the block)",S001176,NATIONAL ASSOCIATION OF MUTUAL INSURANCE COMPANIES,2024-07-10,5000.00,5000.0,Rep Steve Scalise,2024,Year-End (July 1 - Dec 31),53443867-8adc-4277-9384-6e2db658758e,https://lda.gov/filings/public/contribution/53443867-8adc-4277-9384-6e2db658758e/print/
"Scalise (Majority Leader, reportedly arranged the block)",S001176,"LUMEN TECHNOLOGIES, INC.",2024-09-19,5000.00,5000.0,Steve Scalise,2024,Year-End (July 1 - Dec 31),1f9e378b-609a-49e0-bee8-aa2f3ebf8150,https://lda.gov/filings/public/contribution/1f9e378b-609a-49e0-bee8-aa2f3ebf8150/print/
"Scalise (Majority Leader, reportedly arranged the block)",S001176,ROCKET LP FKA RKT HOLDINGS,2024-09-25,5000.00,5000.0,Congressman Steve Scalise,2024,Year-End (July 1 - Dec 31),6f12e050-4f73-462c-97a7-5aaf3f3d5cc3,https://lda.gov/filings/public/contribution/6f12e050-4f73-462c-97a7-5aaf3f3d5cc3/print/
"Scalise (Majority Leader, reportedly arranged the block)",S001176,ROCKET LP FKA RKT HOLDINGS,2024-09-25,2500.00,2500.0,Congressman Steve Scalise,2024,Year-End (July 1 - Dec 31),6f12e050-4f73-462c-97a7-5aaf3f3d5cc3,https://lda.gov/filings/public/contribution/6f12e050-4f73-462c-97a7-5aaf3f3d5cc3/print/
"Scalise (Majority Leader, reportedly arranged the block)",S001176,INTERNATIONAL FRANCHISE ASSOCIATION,2024-09-25,5000.00,5000.0,Steve Scalise,2024,Year-End (July 1 - Dec 31),71c86197-2953-4924-b5a6-eca69ef9596f,https://lda.gov/filings/public/contribution/71c86197-2953-4924-b5a6-eca69ef9596f/print/
"Scalise (Majority Leader, reportedly arranged the block)",S001176,MORTGAGE BANKERS ASSOCIATION,2024-09-26,5000.00,5000.0,Rep Steve Scalise,2024,Year-End (July 1 - Dec 31),5baae0d8-ef97-4519-babf-6269bf20431a,https://lda.gov/filings/public/contribution/5baae0d8-ef97-4519-babf-6269bf20431a/print/
"Scalise (Majority Leader, reportedly arranged the block)",S001176,FINSECA,2024-09-27,4000.00,4000.0,Steve Scalise,2024,Year-End (July 1 - Dec 31),c376b299-49e6-4344-a416-353373d3dd05,https://lda.gov/filings/public/contribution/c376b299-49e6-4344-a416-353373d3dd05/print/
"Scalise (Majority Leader, reportedly arranged the block)",S001176,GOOGLE CLIENT SERVICES LLC,2024-10-30,5000.00,5000.0,Rep. Steve Scalise,2024,Year-End (July 1 - Dec 31),7e39679c-3d35-4a91-b3db-4779c580ae15,https://lda.gov/filings/public/contribution/7e39679c-3d35-4a91-b3db-4779c580ae15/print/
"Scalise (Majority Leader, reportedly arranged the block)",S001176,"KOCH GOVERNMENT AFFAIRS, LLC",2025-01-24,5000.00,5000.0,Rep. Steve Scalise,2025,Mid-Year (Jan 1 - Jun 30),9c2db4db-1e6c-4b9c-8c19-1aaaab7d20df,https://lda.gov/filings/public/contribution/9c2db4db-1e6c-4b9c-8c19-1aaaab7d20df/print/
"Scalise (Majority Leader, reportedly arranged the block)",S001176,"KOCH GOVERNMENT AFFAIRS, LLC",2025-01-24,5000.00,5000.0,Rep. Steve Scalise,2025,Mid-Year (Jan 1 - Jun 30),9c2db4db-1e6c-4b9c-8c19-1aaaab7d20df,https://lda.gov/filings/public/contribution/9c2db4db-1e6c-4b9c-8c19-1aaaab7d20df/print/
"Scalise (Majority Leader, reportedly arranged the block)",S001176,"KOCH GOVERNMENT AFFAIRS, LLC",2025-01-24,5000.00,5000.0,Rep. Steve Scalise,2025,Mid-Year (Jan 1 - Jun 30),9c2db4db-1e6c-4b9c-8c19-1aaaab7d20df,https://lda.gov/filings/public/contribution/9c2db4db-1e6c-4b9c-8c19-1aaaab7d20df/print/
"Scalise (Majority Leader, reportedly arranged the block)",S001176,NATIONAL ASSOCIATION OF MANUFACTURERS,2025-02-07,5000.00,5000.0,Steve Scalise,2025,Mid-Year (Jan 1 - Jun 30),3fea78aa-753b-48c5-acf6-f95e58a7671c,https://lda.gov/filings/public/contribution/3fea78aa-753b-48c5-acf6-f95e58a7671c/print/
"Scalise (Majority Leader, reportedly arranged the block)",S001176,AMAZON.COM SERVICES LLC,2025-02-18,5000.00,5000.0,Rep. Steve Scalise,2025,Mid-Year (Jan 1 - Jun 30),4aeb0fb5-80e0-445f-b9c6-77da72d2840a,https://lda.gov/filings/public/contribution/4aeb0fb5-80e0-445f-b9c6-77da72d2840a/print/
"Scalise (Majority Leader, reportedly arranged the block)",S001176,AMAZON.COM SERVICES LLC,2025-02-18,5000.00,5000.0,Rep. Steve Scalise,2025,Mid-Year (Jan 1 - Jun 30),4aeb0fb5-80e0-445f-b9c6-77da72d2840a,https://lda.gov/filings/public/contribution/4aeb0fb5-80e0-445f-b9c6-77da72d2840a/print/
"Scalise (Majority Leader, reportedly arranged the block)",S001176,AMAZON.COM SERVICES LLC,2025-02-18,5000.00,5000.0,Rep. Steve Scalise,2025,Mid-Year (Jan 1 - Jun 30),4aeb0fb5-80e0-445f-b9c6-77da72d2840a,https://lda.gov/filings/public/contribution/4aeb0fb5-80e0-445f-b9c6-77da72d2840a/print/
"Scalise (Majority Leader, reportedly arranged the block)",S001176,SUSAN B ANTHONY LIST,2025-02-19,5000.00,5000.0,Rep. Steve Scalise,2025,Mid-Year (Jan 1 - Jun 30),3fefa3b7-f24a-489e-9f56-6e41220db9d3,https://lda.gov/filings/public/contribution/3fefa3b7-f24a-489e-9f56-6e41220db9d3/print/
"Scalise (Majority Leader, reportedly arranged the block)",S001176,TARGET CORPORATION,2025-02-19,2500.00,2500.0,Steve Scalise,2025,Mid-Year (Jan 1 - Jun 30),6ded9f9b-b67d-4a4e-9207-404f2c305f73,https://lda.gov/filings/public/contribution/6ded9f9b-b67d-4a4e-9207-404f2c305f73/print/
"Scalise (Majority Leader, reportedly arranged the block)",S001176,AMERICAN BANKERS ASSOCIATION,2025-02-27,5000.00,5000.0,Rep Steve Scalise,2025,Mid-Year (Jan 1 - Jun 30),3b59d0c1-3f93-4da9-be3b-f16be44da9dd,https://lda.gov/filings/public/contribution/3b59d0c1-3f93-4da9-be3b-f16be44da9dd/print/
"Scalise (Majority Leader, reportedly arranged the block)",S001176,AMERICAN BANKERS ASSOCIATION,2025-02-27,5000.00,5000.0,Rep Steve Scalise,2025,Mid-Year (Jan 1 - Jun 30),3b59d0c1-3f93-4da9-be3b-f16be44da9dd,https://lda.gov/filings/public/contribution/3b59d0c1-3f93-4da9-be3b-f16be44da9dd/print/
"Scalise (Majority Leader, reportedly arranged the block)",S001176,AMERICAN BANKERS ASSOCIATION,2025-02-27,5000.00,5000.0,Rep Steve Scalise,2025,Mid-Year (Jan 1 - Jun 30),3b59d0c1-3f93-4da9-be3b-f16be44da9dd,https://lda.gov/filings/public/contribution/3b59d0c1-3f93-4da9-be3b-f16be44da9dd/print/
"Scalise (Majority Leader, reportedly arranged the block)",S001176,STATE FARM MUTUAL AUTOMOBILE INSURANCE COMPANY,2025-03-03,1000.00,1000.0,Rep. Steve Scalise,2025,Mid-Year (Jan 1 - Jun 30),3199da59-3d3e-41e3-a4a2-a0bf6d755b0f,https://lda.gov/filings/public/contribution/3199da59-3d3e-41e3-a4a2-a0bf6d755b0f/print/
"Scalise (Majority Leader, reportedly arranged the block)",S001176,GOOGLE CLIENT SERVICES LLC,2025-03-07,5000.00,5000.0,Rep. Steve Scalise,2025,Mid-Year (Jan 1 - Jun 30),bd034571-ccfd-4eaf-a175-f5d1a1e37d1e,https://lda.gov/filings/public/contribution/bd034571-ccfd-4eaf-a175-f5d1a1e37d1e/print/
"Scalise (Majority Leader, reportedly arranged the block)",S001176,GOOGLE CLIENT SERVICES LLC,2025-03-07,5000.00,5000.0,Rep. Steve Scalise,2025,Mid-Year (Jan 1 - Jun 30),bd034571-ccfd-4eaf-a175-f5d1a1e37d1e,https://lda.gov/filings/public/contribution/bd034571-ccfd-4eaf-a175-f5d1a1e37d1e/print/
"Scalise (Majority Leader, reportedly arranged the block)",S001176,S&P GLOBAL INC. (F/K/A MCGRAW HILL FINANCIAL INC.),2025-03-18,1000.00,1000.0,Steve Scalise,2025,Mid-Year (Jan 1 - Jun 30),1a5b72f3-6c62-4e1a-b329-0f26c6a6d0b5,https://lda.gov/filings/public/contribution/1a5b72f3-6c62-4e1a-b329-0f26c6a6d0b5/print/
"Scalise (Majority Leader, reportedly arranged the block)",S001176,HONEYWELL INTERNATIONAL,2025-03-18,5000.00,5000.0,Steve Scalise,2025,Mid-Year (Jan 1 - Jun 30),38d8797c-43b5-4c06-95f2-fff50e0a34f6,https://lda.gov/filings/public/contribution/38d8797c-43b5-4c06-95f2-fff50e0a34f6/print/
"Scalise (Majority Leader, reportedly arranged the block)",S001176,AFLAC INCORPORATED,2025-03-20,5000.00,5000.0,Rep. Steve Scalise,2025,Mid-Year (Jan 1 - Jun 30),8dcb1127-5a63-47a5-8102-23adadfe4bbc,https://lda.gov/filings/public/contribution/8dcb1127-5a63-47a5-8102-23adadfe4bbc/print/
"Scalise (Majority Leader, reportedly arranged the block)",S001176,"CONSTELLATION ENERGY GENERATION, LLC",2025-03-21,5000.00,5000.0,Rep. Steve Scalise,2025,Mid-Year (Jan 1 - Jun 30),0bc97d2a-3c4d-48fb-80d0-16dbd6b10069,https://lda.gov/filings/public/contribution/0bc97d2a-3c4d-48fb-80d0-16dbd6b10069/print/
"Scalise (Majority Leader, reportedly arranged the block)",S001176,NATIONAL ASSOCIATION OF MUTUAL INSURANCE COMPANIES,2025-03-24,5000.00,5000.0,Rep Steve Scalise,2025,Mid-Year (Jan 1 - Jun 30),d6eec8d5-f7ec-4853-ae34-cc61e68b74b3,https://lda.gov/filings/public/contribution/d6eec8d5-f7ec-4853-ae34-cc61e68b74b3/print/
"Scalise (Majority Leader, reportedly arranged the block)",S001176,ROCKET LP FKA RKT HOLDINGS,2025-03-25,5000.00,5000.0,Representative Steve Scalise,2025,Mid-Year (Jan 1 - Jun 30),c2400be8-efbf-421b-bda9-6fa894a371cd,https://lda.gov/filings/public/contribution/c2400be8-efbf-421b-bda9-6fa894a371cd/print/
"Scalise (Majority Leader, reportedly arranged the block)",S001176,HONEYWELL INTERNATIONAL,2025-03-25,1000.00,1000.0,Steve Scalise,2025,Mid-Year (Jan 1 - Jun 30),38d8797c-43b5-4c06-95f2-fff50e0a34f6,https://lda.gov/filings/public/contribution/38d8797c-43b5-4c06-95f2-fff50e0a34f6/print/
"Scalise (Majority Leader, reportedly arranged the block)",S001176,CHAMBER OF COMMERCE OF THE U.S.A.,2025-03-26,2500.00,2500.0,Steve Scalise,2025,Mid-Year (Jan 1 - Jun 30),cfc4472c-cbe0-42d9-9517-029b9ee2cfa3,https://lda.gov/filings/public/contribution/cfc4472c-cbe0-42d9-9517-029b9ee2cfa3/print/
"Scalise (Majority Leader, reportedly arranged the block)",S001176,"LUMEN TECHNOLOGIES, INC.",2025-03-27,5000.00,5000.0,Steve Scalise,2025,Mid-Year (Jan 1 - Jun 30),ac7953c3-5668-4c30-97b7-15b8165ebb7d,https://lda.gov/filings/public/contribution/ac7953c3-5668-4c30-97b7-15b8165ebb7d/print/
"Scalise (Majority Leader, reportedly arranged the block)",S001176,MORTGAGE BANKERS ASSOCIATION,2025-03-28,5000.00,5000.0,Rep Steve Scalise,2025,Mid-Year (Jan 1 - Jun 30),e4ba990d-ad76-434b-a64f-fa1f69a0a437,https://lda.gov/filings/public/contribution/e4ba990d-ad76-434b-a64f-fa1f69a0a437/print/
"Scalise (Majority Leader, reportedly arranged the block)",S001176,MORTGAGE BANKERS ASSOCIATION,2025-03-28,5000.00,5000.0,Rep Steve Scalise,2025,Mid-Year (Jan 1 - Jun 30),e4ba990d-ad76-434b-a64f-fa1f69a0a437,https://lda.gov/filings/public/contribution/e4ba990d-ad76-434b-a64f-fa1f69a0a437/print/
"Scalise (Majority Leader, reportedly arranged the block)",S001176,INDEPENDENT INSURANCE AGENTS & BROKERS OF AMERICA,2025-03-31,5000.00,5000.0,Steve Scalise,2025,Mid-Year (Jan 1 - Jun 30),b655e396-64bc-4dd9-ad1d-7d5e83e73aa4,https://lda.gov/filings/public/contribution/b655e396-64bc-4dd9-ad1d-7d5e83e73aa4/print/
"Scalise (Majority Leader, reportedly arranged the block)",S001176,INDEPENDENT INSURANCE AGENTS & BROKERS OF AMERICA,2025-03-31,5000.00,5000.0,Steve Scalise,2025,Mid-Year (Jan 1 - Jun 30),b655e396-64bc-4dd9-ad1d-7d5e83e73aa4,https://lda.gov/filings/public/contribution/b655e396-64bc-4dd9-ad1d-7d5e83e73aa4/print/
"Scalise (Majority Leader, reportedly arranged the block)",S001176,FORD MOTOR COMPANY,2025-04-29,1000.00,1000.0,Rep. Steve Scalise,2025,Mid-Year (Jan 1 - Jun 30),c495031e-7480-4f69-b913-f1fd2a9f35ad,https://lda.gov/filings/public/contribution/c495031e-7480-4f69-b913-f1fd2a9f35ad/print/
"Scalise (Majority Leader, reportedly arranged the block)",S001176,FORD MOTOR COMPANY,2025-04-29,1000.00,1000.0,Rep. Steve Scalise,2025,Mid-Year (Jan 1 - Jun 30),4fa9e11e-b0d9-49ed-81c0-ba2b527ca4f6,https://lda.gov/filings/public/contribution/4fa9e11e-b0d9-49ed-81c0-ba2b527ca4f6/print/
"Scalise (Majority Leader, reportedly arranged the block)",S001176,AMEREN SERVICES,2025-05-06,1500.00,1500.0,Rep Steve Scalise,2025,Mid-Year (Jan 1 - Jun 30),eb537d8c-bf97-4cff-863a-767ed72ca6f5,https://lda.gov/filings/public/contribution/eb537d8c-bf97-4cff-863a-767ed72ca6f5/print/
"Scalise (Majority Leader, reportedly arranged the block)",S001176,CAPITAL ONE FINANCIAL CORPORATION,2025-05-14,5000.00,5000.0,Steve Scalise,2025,Mid-Year (Jan 1 - Jun 30),43fecb4e-7759-4a78-84a1-e28388ce4311,https://lda.gov/filings/public/contribution/43fecb4e-7759-4a78-84a1-e28388ce4311/print/
"Scalise (Majority Leader, reportedly arranged the block)",S001176,CAPITAL ONE FINANCIAL CORPORATION,2025-05-14,5000.00,5000.0,Steve Scalise,2025,Mid-Year (Jan 1 - Jun 30),43fecb4e-7759-4a78-84a1-e28388ce4311,https://lda.gov/filings/public/contribution/43fecb4e-7759-4a78-84a1-e28388ce4311/print/
"Scalise (Majority Leader, reportedly arranged the block)",S001176,ROCKET LP FKA RKT HOLDINGS,2025-06-24,5000.00,5000.0,Representative Steve Scalise,2025,Mid-Year (Jan 1 - Jun 30),c2400be8-efbf-421b-bda9-6fa894a371cd,https://lda.gov/filings/public/contribution/c2400be8-efbf-421b-bda9-6fa894a371cd/print/
"Scalise (Majority Leader, reportedly arranged the block)",S001176,LOWE'S COMPANIES INC.,2025-07-18,5000.00,5000.0,Rep. Steve Scalise,2025,Year-End (July 1 - Dec 31),41275b23-5472-43bc-bd4c-3c4446205267,https://lda.gov/filings/public/contribution/41275b23-5472-43bc-bd4c-3c4446205267/print/
"Scalise (Majority Leader, reportedly arranged the block)",S001176,UNITED SERVICES AUTOMOBILE ASSOCIATION,2025-07-28,2500.00,2500.0,Rep. Steve Scalise,2025,Year-End (July 1 - Dec 31),5f66bbfd-0769-411a-b13c-3753fc8ad770,https://lda.gov/filings/public/contribution/5f66bbfd-0769-411a-b13c-3753fc8ad770/print/
"Scalise (Majority Leader, reportedly arranged the block)",S001176,AFLAC INCORPORATED,2025-08-21,2500.00,2500.0,Rep. Steve Scalise,2025,Year-End (July 1 - Dec 31),d0a93bc7-f841-4a56-bc52-1b51cb5dc179,https://lda.gov/filings/public/contribution/d0a93bc7-f841-4a56-bc52-1b51cb5dc179/print/
"Scalise (Majority Leader, reportedly arranged the block)",S001176,ROCKET LP FKA RKT HOLDINGS,2025-08-22,5000.00,5000.0,Congressman Steve Scalise,2025,Year-End (July 1 - Dec 31),4b17fbef-78e0-430d-8d7c-7d23b878a792,https://lda.gov/filings/public/contribution/4b17fbef-78e0-430d-8d7c-7d23b878a792/print/
"Scalise (Majority Leader, reportedly arranged the block)",S001176,TARGET CORPORATION,2025-09-03,2500.00,2500.0,Steve Scalise,2025,Year-End (July 1 - Dec 31),39a209ca-8c7c-4c71-970b-701235b2d238,https://lda.gov/filings/public/contribution/39a209ca-8c7c-4c71-970b-701235b2d238/print/
"Scalise (Majority Leader, reportedly arranged the block)",S001176,COX ENTERPRISES INC.,2025-09-12,5000.00,5000.0,Steve Scalise,2025,Year-End (July 1 - Dec 31),13744c25-efb9-4c3a-9910-007a7238cb1d,https://lda.gov/filings/public/contribution/13744c25-efb9-4c3a-9910-007a7238cb1d/print/
"Scalise (Majority Leader, reportedly arranged the block)",S001176,COX ENTERPRISES INC.,2025-09-12,5000.00,5000.0,Steve Scalise,2025,Year-End (July 1 - Dec 31),13744c25-efb9-4c3a-9910-007a7238cb1d,https://lda.gov/filings/public/contribution/13744c25-efb9-4c3a-9910-007a7238cb1d/print/
"Scalise (Majority Leader, reportedly arranged the block)",S001176,RETAIL INDUSTRY LEADERS ASSOCIATION,2025-09-15,1500.00,1500.0,Steve Scalise,2025,Year-End (July 1 - Dec 31),aab24659-cf1f-452b-a171-1061a2a04dc4,https://lda.gov/filings/public/contribution/aab24659-cf1f-452b-a171-1061a2a04dc4/print/
"Scalise (Majority Leader, reportedly arranged the block)",S001176,AMERICAN LAND TITLE ASSOCIATION,2025-11-19,5000.00,5000.0,Rep. Steve Scalise,2025,Year-End (July 1 - Dec 31),c19bec6c-5a02-45ad-b6f3-39b039d3c4b2,https://lda.gov/filings/public/contribution/c19bec6c-5a02-45ad-b6f3-39b039d3c4b2/print/
"Scalise (Majority Leader, reportedly arranged the block)",S001176,AFLAC INCORPORATED,2025-11-20,2500.00,2500.0,Rep. Steve Scalise,2025,Year-End (July 1 - Dec 31),d0a93bc7-f841-4a56-bc52-1b51cb5dc179,https://lda.gov/filings/public/contribution/d0a93bc7-f841-4a56-bc52-1b51cb5dc179/print/
"Scalise (Majority Leader, reportedly arranged the block)",S001176,INTERNATIONAL FRANCHISE ASSOCIATION,2025-12-17,1500.00,1500.0,Steve Scalise,2025,Year-End (July 1 - Dec 31),79a61510-4f21-4669-8388-116413be72e4,https://lda.gov/filings/public/contribution/79a61510-4f21-4669-8388-116413be72e4/print/
