activity_id,filing_uuid,registrant_id,client_id,filing_year,filing_period,dt_posted,stance_label,stance_confidence,source,cohort,is_canonical
642,86b684a2-67c4-46f8-95bc-d750716d4b19,401106405,213706,2022,first_quarter,2022-02-08T10:42:23-05:00,unclear,0.5,agreed,established,0
1368,4b2c2ac2-a86d-4187-b229-0e5224f4ef37,401106079,45417,2022,first_quarter,2022-03-08T12:19:23-05:00,unclear,0.9,agreed,established,1
1985,76391a6a-4e95-419a-84a9-47910e260b23,314432,184995,2022,first_quarter,2022-03-29T12:39:06-04:00,unclear,0.9,agreed,established,1
2091,3cc1080b-3adb-47ce-8c28-6222fd9e21dd,40006037,187506,2022,first_quarter,2022-03-31T12:13:19-04:00,relief,0.95,agreed,established,1
2118,07ffba1a-b710-46a9-8e76-b8e73dc92163,46038,50832,2022,first_quarter,2022-03-31T18:53:09-04:00,unclear,0.95,agreed,established,0
2208,9edbbd2d-d77c-475a-87a5-cbb75bb9c0dc,401106437,213852,2022,first_quarter,2022-04-01T11:24:38-04:00,unclear,0.4,opus,established,1
3053,02f94503-d08c-4d39-988b-ccef54b83c2d,401104687,202364,2022,first_quarter,2022-04-06T17:10:01-04:00,unclear,0.5,agreed,unknown,1
3445,699a237d-3902-461d-9b8d-839d0546cb1e,400670003,206111,2022,first_quarter,2022-04-08T10:27:47-04:00,protection,0.9,opus,established,1
3540,e70ff85c-bc95-4cc2-a19d-7ff41ef836fc,400661993,210126,2022,first_quarter,2022-04-08T11:52:55-04:00,unclear,0.4,agreed,established,1
3572,087fc963-4163-4796-b79d-cf907636cf9b,57338,159975,2022,first_quarter,2022-04-08T13:13:34-04:00,unclear,0.5,agreed,established,1
3596,5ac3abd9-2610-47f5-bf13-383dde39fe9e,7975,111010,2022,first_quarter,2022-04-08T14:30:22-04:00,unclear,0.4,agreed,established,1
4733,237d9230-a112-4e9c-a4fb-c93bca5dd97f,401103903,200360,2022,first_quarter,2022-04-12T10:17:49-04:00,relief,0.82,agreed,established,0
5053,b50f4754-e999-4b54-b5a9-d34fecfe6469,36366,145446,2022,first_quarter,2022-04-12T13:25:10-04:00,unclear,0.4,agreed,established,1
5211,a6f4193d-a14f-4939-ad1b-3aee756944cf,28504,134535,2022,first_quarter,2022-04-12T15:53:01-04:00,relief,0.95,agreed,established,1
5516,a8f8178e-dbce-4498-a19f-3435b4195bec,401104010,200631,2022,first_quarter,2022-04-13T09:59:34-04:00,unclear,0.5,agreed,established,1
5812,5d777969-293f-46b4-98ed-5a85e167cc2c,30906,137719,2022,first_quarter,2022-04-13T14:12:37-04:00,relief,0.65,opus,established,1
6429,8438b2bd-f2b8-4583-bd8d-14a89da6f810,401025893,51049,2022,first_quarter,2022-04-14T10:04:05-04:00,unclear,0.9,agreed,new2025_genuine,1
6831,4ab87f75-2b4b-462e-939a-fb443c9865ae,35230,143841,2022,first_quarter,2022-04-14T13:16:00-04:00,unclear,0.5,agreed,established,1
6834,f3c6078b-cc12-4816-a6b0-208d83d08991,35230,143832,2022,first_quarter,2022-04-14T13:17:13-04:00,relief,0.7,opus,established,1
6927,00b06fb6-1ded-4b95-a022-76f47a946787,35230,143843,2022,first_quarter,2022-04-14T13:36:16-04:00,unclear,0.5,agreed,established,1
7189,56b8ca64-f0a7-49d8-a1af-9c5d861fc18b,401103524,199384,2022,first_quarter,2022-04-14T15:10:26-04:00,relief,0.95,agreed,established,1
7269,a0b702bc-0e26-4a1a-b31f-cf095c2d959b,400408933,190355,2022,first_quarter,2022-04-14T15:47:03-04:00,mixed,0.7,opus,established,1
7395,d5e262e6-d6f8-402c-adec-aa786719c389,401103817,200195,2022,first_quarter,2022-04-14T16:42:46-04:00,mixed,0.8,opus,established,1
7698,8c817a9e-a26f-4969-a563-a467ca39018f,401105130,203270,2022,first_quarter,2022-04-15T09:22:21-04:00,unclear,0.9,agreed,established,1
7806,e41aaefd-4068-4684-8420-8153498f58ae,79610,212525,2022,first_quarter,2022-04-15T10:32:45-04:00,unclear,0.9,agreed,established,1
9480,d9bc39d4-bc2f-4019-960d-c3198fd78efb,7268,110469,2022,first_quarter,2022-04-16T17:42:21-04:00,unclear,0.4,agreed,established,1
9836,99ce9da8-454f-46a3-ad02-3127fb5d9025,289773,177534,2022,first_quarter,2022-04-17T12:30:44-04:00,unclear,0.55,agreed,established,1
10722,1e3b980e-ccdd-42b5-8b36-703aa17b3a40,24123,51119,2022,first_quarter,2022-04-18T10:49:32-04:00,unclear,0.95,agreed,established,1
10917,a0aed799-da59-43f9-a5b3-5abff27e3d1b,45937,153798,2022,first_quarter,2022-04-18T11:23:21-04:00,relief,0.9,agreed,established,1
11448,20e8db4c-1e92-4add-a842-21cbf72a1ace,22883,129729,2022,first_quarter,2022-04-18T12:54:25-04:00,unclear,0.95,agreed,established,1
11803,d0dffb60-2aa2-4af8-8323-6194506137cc,22883,129738,2022,first_quarter,2022-04-18T14:05:27-04:00,unclear,0.95,agreed,established,1
12599,b1b00544-84a2-417d-8bd3-b4818a654ae1,22883,129756,2022,first_quarter,2022-04-18T16:16:54-04:00,unclear,0.55,agreed,established,1
12607,a7afbc71-6574-4cc8-9141-a922bf2fa81a,401103472,198926,2022,first_quarter,2022-04-18T16:19:03-04:00,unclear,0.4,agreed,established,1
12693,c3f02659-6bd3-4ed5-9d9b-ccd09ebe5594,5506,107350,2022,first_quarter,2022-04-18T16:30:50-04:00,relief,0.95,agreed,established,1
12743,7bd3ff48-06f1-4d34-b867-9ea6c0979296,285871,176177,2022,first_quarter,2022-04-18T16:37:10-04:00,unclear,0.5,agreed,established,1
13461,acd951c3-2788-4910-8497-fc9423490b4e,39941,148807,2022,first_quarter,2022-04-18T20:42:48-04:00,relief,0.95,agreed,established,1
13850,327eac37-8202-44c9-95bd-80f2da727e81,39837,148617,2022,first_quarter,2022-04-19T06:05:35-04:00,relief,0.6,opus,established,1
14004,31ef6f9d-ea9d-422d-8489-4c0c32dcea99,401106405,213706,2022,first_quarter,2022-04-19T08:39:32-04:00,relief,0.95,agreed,established,1
14048,3137389a-9fe6-49ec-a2ee-cf19a2b2f6f4,52071,157715,2022,first_quarter,2022-04-19T08:48:21-04:00,relief,0.95,agreed,established,1
14686,e65a8752-7c00-447a-915c-f896a9bba181,401103094,197904,2022,first_quarter,2022-04-19T09:56:05-04:00,unclear,0.4,agreed,established,0
15958,538f70e2-a9e2-4835-bb04-de53c78ffeef,400426039,190608,2022,first_quarter,2022-04-19T11:40:48-04:00,unclear,0.4,opus,established,1
16001,83a28a2d-735c-4784-91d7-e1931a568dac,38687,146957,2022,first_quarter,2022-04-19T11:43:32-04:00,unclear,0.95,agreed,established,1
16091,dd5a0ab3-ebc4-479a-bb33-a0794268f2fe,400426039,190614,2022,first_quarter,2022-04-19T11:52:47-04:00,unclear,0.4,opus,established,1
16339,5b5e9ffa-611d-47c8-b5df-d5e4b6a13d87,35002,206932,2022,first_quarter,2022-04-19T12:16:25-04:00,relief,0.95,agreed,established,1
16748,89e89d2a-fb73-4a94-a4c0-081dd7efa151,82237,171655,2022,first_quarter,2022-04-19T12:51:34-04:00,unclear,0.9,agreed,unknown,1
16809,27e92f4d-9768-4e50-a526-b385165da399,401105589,205749,2022,first_quarter,2022-04-19T12:57:57-04:00,mixed,0.7,opus,established,1
17017,1190dfc0-0c34-4a76-adeb-bfa01e488cef,400942717,196304,2022,first_quarter,2022-04-19T13:17:43-04:00,unclear,0.4,agreed,established,1
17713,4d2ec702-dc42-4dc5-91cc-434fc0f52a33,24032,131195,2022,first_quarter,2022-04-19T14:28:51-04:00,relief,0.85,opus,established,1
18309,e6728ee7-6558-41d4-abe7-5ff49ead50f6,1683,102647,2022,first_quarter,2022-04-19T15:12:32-04:00,unclear,0.4,agreed,established,0
18660,2b46c1ce-281d-4995-b5c3-057e681c2d78,1433,102615,2022,first_quarter,2022-04-19T15:35:33-04:00,unclear,0.95,agreed,established,1
18686,46569fbf-85b0-4e83-a89c-dbdadddffb56,5153,209539,2022,first_quarter,2022-04-19T15:36:58-04:00,unclear,0.5,agreed,established,1
18994,588c5ea9-e11e-4ccc-8154-89909273853b,1433,102612,2022,first_quarter,2022-04-19T15:59:14-04:00,unclear,0.95,agreed,established,1
19853,5d4375c0-1090-47a3-b9b1-bcc566f4c279,24123,51199,2022,first_quarter,2022-04-19T17:00:36-04:00,relief,0.9,agreed,established,1
20623,ccb2daaf-48bb-4a0f-8067-6e7d260e5c97,39655,147175,2022,first_quarter,2022-04-19T18:40:40-04:00,unclear,0.5,agreed,established,1
21475,2279699f-3f3f-4b49-848d-a67b3d574039,287394,208491,2022,first_quarter,2022-04-19T22:07:24-04:00,unclear,0.95,agreed,established,1
21482,bb51d6d7-7561-4b28-a16f-05a5c41b7a48,287394,208492,2022,first_quarter,2022-04-19T22:09:09-04:00,unclear,0.95,agreed,established,1
21490,eee10949-8e34-45ea-9413-d82b5aab6be6,287394,208530,2022,first_quarter,2022-04-19T22:11:35-04:00,unclear,0.95,agreed,established,1
21509,0b14a2c9-ec59-44b8-a959-20e11d89cb95,287394,208563,2022,first_quarter,2022-04-19T22:14:02-04:00,unclear,0.95,agreed,established,1
21517,0c11a7be-c4ca-4cbd-b55e-0404257d6bc4,287394,208564,2022,first_quarter,2022-04-19T22:17:36-04:00,unclear,0.95,agreed,established,1
21603,91f4125e-1b9a-4bbe-8ac5-3085dbe0223b,401104288,205374,2022,first_quarter,2022-04-19T22:36:49-04:00,mixed,0.6,opus,established,1
22138,4b84b6a6-4815-49ff-970e-4ded8eb8db9f,317311,186004,2022,first_quarter,2022-04-20T08:20:20-04:00,unclear,0.45,opus,established,1
22675,a66976ab-ae60-4811-ae6b-b894d0274e67,29846,135234,2022,first_quarter,2022-04-20T09:22:37-04:00,relief,0.88,agreed,established,1
22748,720b53a3-7bb5-4160-bb32-ba488e94cffc,29846,135239,2022,first_quarter,2022-04-20T09:28:01-04:00,unclear,0.5,agreed,established,1
23339,8dd8ab6f-26d5-4fb3-b868-0a51990ac1b2,401104734,202533,2022,first_quarter,2022-04-20T09:59:54-04:00,unclear,0.55,agreed,established,1
23405,01647a6e-f712-449d-9a11-030c6d1bdde7,58055,160433,2022,first_quarter,2022-04-20T10:03:12-04:00,relief,0.95,agreed,established,1
24634,3ed7eab5-97b3-4b51-afc8-51f9d8e46d99,25603,204321,2022,first_quarter,2022-04-20T10:55:56-04:00,unclear,0.4,agreed,established,1
24672,48c8bbef-a8fc-46fd-8f97-666fcde5006f,24123,131484,2022,first_quarter,2022-04-20T10:57:25-04:00,unclear,0.95,agreed,established,1
24725,587768a5-7fae-4999-94f2-42f9a5bb91a2,81511,171312,2022,first_quarter,2022-04-20T10:58:31-04:00,unclear,0.4,agreed,established,1
25212,12d97957-095d-48c5-9622-6948af2bc946,35263,143852,2022,first_quarter,2022-04-20T11:22:16-04:00,relief,0.9,agreed,established,1
25565,0d0b6c89-d906-4b32-bf73-654df85c4067,26912,134239,2022,first_quarter,2022-04-20T11:39:17-04:00,unclear,0.45,opus,established,1
26170,97dcc154-103f-4dfc-a689-69321ad2ea83,401104313,201390,2022,first_quarter,2022-04-20T12:04:46-04:00,unclear,0.95,agreed,established,1
26414,b3780339-3b72-4b2d-97a0-3e7e8ae72e74,401103779,200127,2022,first_quarter,2022-04-20T12:15:03-04:00,unclear,0.4,agreed,established,1
26470,13d0c74c-5d7b-47d4-914b-1c8120f56988,400774330,206210,2022,first_quarter,2022-04-20T12:17:08-04:00,unclear,0.5,agreed,established,1
26480,d34f9a4e-8ff7-4646-81e5-3c7c595a5295,49635,156506,2022,first_quarter,2022-04-20T12:17:41-04:00,unclear,0.45,opus,established,1
26683,8fad5508-e461-4d74-8795-b2304439153b,401103521,199280,2022,first_quarter,2022-04-20T12:25:00-04:00,unclear,0.95,agreed,established,1
27128,9bf1f55f-d9f3-4a4a-9a41-88b8e3a539bf,363,100404,2022,first_quarter,2022-04-20T12:44:18-04:00,unclear,0.5,agreed,established,1
27697,e4036b14-f73c-4893-897e-3a65e5a29c59,401105784,206899,2022,first_quarter,2022-04-20T13:11:35-04:00,relief,0.9,agreed,established,1
27713,d05223bc-b061-4b86-8b2b-2fd26c59d9ce,401105417,203687,2022,first_quarter,2022-04-20T13:11:43-04:00,unclear,0.5,agreed,established,1
27847,53a45cc8-d2c4-4def-bc5f-403b335edc26,401105417,203674,2022,first_quarter,2022-04-20T13:20:38-04:00,unclear,0.5,opus,established,1
27866,cbd11ea6-8176-4958-a9e2-98cef340ac55,401103565,208110,2022,first_quarter,2022-04-20T13:21:09-04:00,unclear,0.45,opus,established,1
28098,48848a90-1bf4-49fe-a1ca-856b37f40ba4,30393,135816,2022,first_quarter,2022-04-20T13:29:36-04:00,relief,0.95,agreed,established,0
28759,fd29d3de-7f7c-43d3-878c-27250708b4ee,401103094,197904,2022,first_quarter,2022-04-20T13:55:49-04:00,unclear,0.4,agreed,established,1
28764,f8767ac6-31b3-4a0f-9232-ccf8cbb5e4cd,24486,212498,2022,first_quarter,2022-04-20T13:55:56-04:00,unclear,0.55,agreed,established,1
28971,d434f8f1-2ad1-4106-aa86-b692436db238,401105417,203656,2022,first_quarter,2022-04-20T14:04:20-04:00,unclear,0.95,agreed,established,1
29094,cf4a1f65-4788-4d21-a2d9-73b7a3f16abb,401105417,205635,2022,first_quarter,2022-04-20T14:09:06-04:00,unclear,0.95,agreed,established,1
29253,512ffba1-030a-44e5-b876-86ded4d49c11,13370,118930,2022,first_quarter,2022-04-20T14:14:13-04:00,relief,0.9,agreed,established,1
29488,d88940eb-bc1a-4267-8ac0-e4f7d086ef96,27753,134319,2022,first_quarter,2022-04-20T14:24:56-04:00,unclear,0.4,agreed,established,1
29821,0fb46f8d-043c-459a-8213-0eaf22df7b63,401105417,203664,2022,first_quarter,2022-04-20T14:35:07-04:00,unclear,0.5,agreed,established,1
29912,9c91c181-c24e-4bdf-8841-9d6c8ae7834f,556,100441,2022,first_quarter,2022-04-20T14:38:21-04:00,unclear,0.55,agreed,established,1
30384,f2ac58b8-6811-4b10-a695-2a304ff51230,55792,159864,2022,first_quarter,2022-04-20T14:52:35-04:00,unclear,0.95,agreed,established,1
30903,515956c8-4c7c-4ce4-98d2-c3ac663c022d,401103845,200253,2022,first_quarter,2022-04-20T15:07:00-04:00,monitoring,0.65,opus,established,1
31029,4ca52813-e992-4534-9297-7d8023943c37,46038,50832,2022,first_quarter,2022-04-20T15:11:13-04:00,unclear,0.95,agreed,established,1
31189,e5a11b8b-743a-4a65-955c-cfcae786b252,32486,213578,2022,first_quarter,2022-04-20T15:16:11-04:00,monitoring,0.95,agreed,established,1
31735,0dbc3b73-6a44-4246-bf92-763916b182e6,401046942,197256,2022,first_quarter,2022-04-20T15:34:10-04:00,unclear,0.4,agreed,established,1
31874,a782a838-511d-4314-b9d5-1ae2266caba3,401103552,199512,2022,first_quarter,2022-04-20T15:37:23-04:00,unclear,0.35,agreed,established,1
32131,1362cc62-2cb8-48c6-8d4d-39181f33fe56,5632,107401,2022,first_quarter,2022-04-20T15:46:17-04:00,monitoring,0.9,agreed,established,1
32554,54d6e1ba-9fff-4f5f-978f-e29e8941b6a9,401103523,199330,2022,first_quarter,2022-04-20T16:00:18-04:00,unclear,0.95,agreed,established,1
33600,f0d20621-cdc6-4993-8b1c-4ad3f29c7fa2,31417,138240,2022,first_quarter,2022-04-20T16:36:38-04:00,unclear,0.5,agreed,established,0
33612,8d6d9fe2-903c-4f93-9f1f-1763b1240fe3,401103897,200355,2022,first_quarter,2022-04-20T16:36:51-04:00,relief,0.9,agreed,established,1
33813,cc4c3675-7a68-4e6c-a4ec-987e96af7ad9,30393,135816,2022,first_quarter,2022-04-20T16:44:24-04:00,relief,0.95,agreed,established,1
33997,93f4ee56-8fc7-4649-a54e-439f4ceaf6bf,290571,177646,2022,first_quarter,2022-04-20T16:51:42-04:00,relief,0.7,opus,established,1
34111,043b3cc2-f1d1-4a37-9815-cd929087b328,401105259,203474,2022,first_quarter,2022-04-20T16:58:12-04:00,relief,0.6,opus,established,1
34885,b8916de2-07ec-499f-8062-7e64b7cf8680,401104734,202537,2022,first_quarter,2022-04-20T17:27:04-04:00,unclear,0.55,agreed,established,1
35147,3d3ef574-e4f8-4d34-be2b-7ebbae8d6823,401104734,202558,2022,first_quarter,2022-04-20T17:35:24-04:00,unclear,0.55,agreed,established,1
35645,ae586ef0-ff20-41b0-a749-187015c506fe,8475,112676,2022,first_quarter,2022-04-20T17:59:29-04:00,unclear,0.4,opus,established,0
36127,b4f9e1f3-b0ca-4c4c-9169-5563a25e65a9,298091,179910,2022,first_quarter,2022-04-20T18:30:53-04:00,relief,0.8,opus,established,1
36138,8c1822cd-8b1f-481f-a490-39b95c290442,16896,122545,2022,first_quarter,2022-04-20T18:31:03-04:00,unclear,0.55,agreed,established,1
36547,3b54f312-f167-4b09-922d-a46069741ea0,66773,163770,2022,first_quarter,2022-04-20T18:55:48-04:00,relief,0.7,opus,established,1
36918,0cf7d4a5-dc44-4001-89aa-ee9b937bb0d5,401103585,205288,2022,first_quarter,2022-04-20T19:21:09-04:00,unclear,0.4,agreed,established,1
37207,05b6d6e8-cd88-4413-b4dc-46c433480e2d,401106332,213013,2022,first_quarter,2022-04-20T19:38:22-04:00,protection,0.6,opus,established,1
37741,440403ec-e7a6-4763-8368-0488d5a8ca7c,401054971,212971,2022,first_quarter,2022-04-20T20:17:32-04:00,relief,0.9,agreed,established,1
38100,347a0400-20c2-4001-be01-28aec7e8b3f0,400794388,195349,2022,first_quarter,2022-04-20T20:50:49-04:00,unclear,0.55,agreed,established,1
38440,7b5b1374-1bda-4ead-83f9-2c9f10b65592,56771,159922,2022,first_quarter,2022-04-20T21:24:16-04:00,relief,0.9,agreed,established,1
38449,d05c149e-2933-4c62-a609-bc7f0c599815,401103218,198214,2022,first_quarter,2022-04-20T21:24:49-04:00,unclear,0.55,agreed,established,1
38640,8217b9e1-1632-4e28-909f-cc86d8ddd12d,4766,104899,2022,first_quarter,2022-04-20T21:45:10-04:00,protection,0.7,opus,established,1
38832,3f99efb4-0ce6-4686-aae6-90944c5c915c,24566,132410,2022,first_quarter,2022-04-20T22:08:23-04:00,unclear,0.3,agreed,established,0
38974,78fc442b-404e-4cc1-8fb3-7f1a372140d7,5404,206593,2022,first_quarter,2022-04-20T22:29:53-04:00,relief,0.88,agreed,established,1
39103,fab34100-c7d0-4515-a32e-130c034e085f,400412950,190379,2022,first_quarter,2022-04-20T22:47:33-04:00,unclear,0.4,agreed,established,1
39178,71128b27-4570-42a2-8cbe-4f9db04df7cd,24566,132410,2022,first_quarter,2022-04-20T22:55:53-04:00,unclear,0.3,agreed,established,1
39435,ca63d7b1-0a16-4cb1-ab46-5191dd682497,27833,134460,2022,first_quarter,2022-04-20T23:25:34-04:00,relief,0.7,opus,established,1
39724,ceaa9ae8-6453-477c-8297-c95036754c1c,401104177,200894,2022,first_quarter,2022-04-21T09:55:34-04:00,unclear,0.4,agreed,established,1
40196,92483b0e-e5d2-43e8-acb7-a317e08357d5,401103237,198275,2022,first_quarter,2022-04-21T19:33:17-04:00,relief,0.92,agreed,established,1
40989,351b6f0e-58e8-43f1-a75b-c3ea1b003f92,897,101863,2022,second_quarter,2022-04-26T09:52:19-04:00,relief,0.9,agreed,unknown,1
41062,bae878c1-903d-4d8d-85df-4d7175336562,1683,102647,2022,first_quarter,2022-04-26T14:07:00-04:00,unclear,0.4,agreed,established,1
41416,8f88d283-62b2-4934-8ef5-b016d7856472,401106587,51417,2022,first_quarter,2022-04-29T10:14:04-04:00,unclear,0.95,agreed,unknown,1
41675,d25d4ca5-ced8-4a47-a327-ffe5dc665a00,37538,146406,2022,first_quarter,2022-05-02T14:24:21-04:00,unclear,0.4,agreed,established,1
42189,d85d65e2-48fb-4cc7-ae44-cf302ddfbc90,1114,101894,2022,first_quarter,2022-05-05T11:54:18-04:00,unclear,0.95,agreed,established,0
42203,0bc54950-a5bf-4d44-80d5-1a766ba762b8,401104830,202799,2022,first_quarter,2022-05-05T11:55:16-04:00,unclear,0.5,agreed,established,1
42662,e9cb2450-b72b-41d4-beda-13ea4b9df461,19888,126444,2022,first_quarter,2022-05-06T11:31:31-04:00,unclear,0.45,opus,established,1
42727,3e7fb2d5-8616-42d0-a0ab-ba7f16c2ab4e,400359656,189550,2022,first_quarter,2022-05-06T16:27:47-04:00,relief,0.9,agreed,established,1
42732,67278289-e69f-4280-a262-9e3988ead988,400359656,189552,2022,first_quarter,2022-05-06T16:31:18-04:00,relief,0.88,agreed,established,1
42872,bd05a9e3-2d30-434f-97ba-8bfd6245d901,400287370,188909,2022,first_quarter,2022-05-09T13:07:33-04:00,unclear,0.45,opus,established,1
42884,b3989ef3-6425-4f9a-bbb4-e81a25ad8fdb,81054,171061,2022,first_quarter,2022-05-09T13:21:08-04:00,protection,0.95,opus,established,1
42918,7d5cfc20-0d9b-4773-9576-765147022729,291594,177806,2022,first_quarter,2022-05-09T15:02:26-04:00,relief,0.85,opus,established,1
42924,6e773510-ad35-4ee3-a7ae-4359703c525f,401106361,213258,2022,first_quarter,2022-05-09T15:17:09-04:00,unclear,0.95,agreed,established,1
43428,9512fa03-497e-40c5-9130-1f31e0f54fa0,12675,51585,2022,second_quarter,2022-05-13T12:45:30-04:00,relief,0.8,agreed,entrant2026,1
43557,381c49e9-9c4e-4345-b3dc-34c28ad3712b,45766,153749,2022,first_quarter,2022-05-15T17:03:14-04:00,unclear,0.4,agreed,established,1
44084,74b4826d-cdb4-46c8-950e-8e45893ed0c5,40011087,187711,2022,first_quarter,2022-05-24T11:47:35-04:00,unclear,0.5,agreed,established,1
44440,c36a025a-c2ee-470e-a670-1ba575d91219,91717,174742,2022,first_quarter,2022-05-27T09:53:24-04:00,relief,0.95,agreed,established,1
44805,b58056a8-aa39-431d-ad7a-2be3655555d1,283696,211867,2022,first_quarter,2022-05-31T12:23:34-04:00,relief,0.6,opus,established,1
44990,3712870b-0b7c-4ec1-b296-878c51f2c175,31417,138240,2022,first_quarter,2022-06-02T11:45:19-04:00,unclear,0.5,agreed,established,1
45029,20adf4a4-98d5-45ea-b2cd-669d01ebb64b,401106679,51752,2022,second_quarter,2022-06-02T13:32:40-04:00,unclear,0.5,agreed,unknown,1
45960,a52ae329-d2a3-4197-9282-19915d2bc9da,287771,51976,2022,second_quarter,2022-06-28T10:10:47-04:00,unclear,0.4,agreed,established,0
46082,76808d90-1ae5-45cf-8645-8b8c859d5e32,40006037,187506,2022,second_quarter,2022-06-29T16:18:13-04:00,relief,0.95,agreed,established,1
47357,cdc5156c-de1b-449b-b17e-22768c85820b,90853,174535,2022,second_quarter,2022-07-06T22:00:49-04:00,unclear,0.45,opus,established,1
47909,0a102505-51b9-41cf-a7bf-b8898b1c0ee1,28504,134535,2022,second_quarter,2022-07-08T10:44:36-04:00,relief,0.95,agreed,established,1
48167,49cf27fc-84dd-406c-9fc2-babfbce51a0b,401104830,202799,2022,second_quarter,2022-07-08T16:02:27-04:00,unclear,0.5,agreed,established,1
48559,e7d83258-98b0-4c82-9596-828268d36e2e,400661993,210126,2022,second_quarter,2022-07-11T08:01:54-04:00,unclear,0.4,agreed,established,1
48580,2e4b6b3e-6b6b-41b5-a072-00dbe4213f61,400670003,206111,2022,second_quarter,2022-07-11T09:06:17-04:00,protection,0.9,opus,established,1
48632,7ffd1f3f-420c-4e81-8652-7ad53746ef32,314432,184995,2022,second_quarter,2022-07-11T10:33:04-04:00,unclear,0.45,opus,established,1
48883,13b4da81-8868-461d-b934-c5ea52d3fed5,401106405,213706,2022,second_quarter,2022-07-11T14:46:03-04:00,relief,0.95,agreed,established,1
49572,704b7e6c-af79-4b05-9903-1e1b09a11308,7975,111010,2022,second_quarter,2022-07-12T13:56:14-04:00,unclear,0.4,agreed,established,0
49884,5a154ad1-d56c-4ae1-ac74-0eaf20a4ff86,55792,159864,2022,second_quarter,2022-07-12T16:48:53-04:00,unclear,0.95,agreed,established,1
50185,8131c666-dae9-4c56-a5ff-58592d1c2639,7268,110469,2022,second_quarter,2022-07-13T10:13:18-04:00,unclear,0.4,agreed,established,0
50188,bc51227f-1ecf-43d1-aea3-9ccd11b70c3f,7268,110469,2022,second_quarter,2022-07-13T10:13:27-04:00,unclear,0.4,agreed,established,1
50230,af474ec7-30fd-40e4-aa20-696c77e83b38,401103903,200360,2022,second_quarter,2022-07-13T10:50:27-04:00,relief,0.82,agreed,established,0
50372,6d245b0a-92ac-4a20-9ccb-d7aaee8ff953,40011087,187711,2022,second_quarter,2022-07-13T12:21:56-04:00,unclear,0.5,agreed,established,1
51071,cd00ea0f-1c71-48b9-acff-c2e0a1430e7b,400942717,196304,2022,second_quarter,2022-07-14T11:05:55-04:00,unclear,0.4,agreed,established,1
51285,c214741d-cf44-4403-bb52-9f655509ccc9,401104738,211893,2022,second_quarter,2022-07-14T13:09:30-04:00,protection,0.75,opus,established,1
52203,fc4156f9-0e6d-4938-ac95-cf7a3464ec27,24486,212498,2022,second_quarter,2022-07-15T09:35:56-04:00,unclear,0.55,agreed,established,1
52781,21c54ff1-e6d3-4165-8a81-dc5e0df26ff4,400408933,190355,2022,second_quarter,2022-07-15T13:09:26-04:00,mixed,0.7,opus,established,1
53269,b9ef9328-1096-4418-9a87-0b6a7644eede,57338,159975,2022,second_quarter,2022-07-15T16:31:54-04:00,unclear,0.5,agreed,established,1
53983,1a2ba61b-6abe-4a10-810e-e90d9cb0500b,22883,129729,2022,second_quarter,2022-07-16T14:18:43-04:00,unclear,0.95,agreed,established,1
54782,50a2bbb6-22a0-40ca-9752-882a47b17e0e,22883,129738,2022,second_quarter,2022-07-17T17:31:16-04:00,unclear,0.95,agreed,established,1
55437,5befbc07-93f9-4810-8c7f-0397cbeec34f,401103094,197904,2022,second_quarter,2022-07-18T10:31:07-04:00,unclear,0.4,agreed,established,1
56175,24b28cce-5ab1-40af-9b18-3ddb667ceea4,38687,146957,2022,second_quarter,2022-07-18T12:57:44-04:00,unclear,0.95,agreed,established,1
56352,b63e4119-a962-4cec-8fda-d40922d47a48,401105589,205749,2022,second_quarter,2022-07-18T13:32:22-04:00,mixed,0.7,opus,established,1
56451,70b6f604-ff21-4a2f-bc46-a2b6157418de,45937,153798,2022,second_quarter,2022-07-18T13:48:36-04:00,relief,0.9,agreed,established,1
57232,5f3bd1f0-52af-4dff-86d8-8c2bc24d9f90,285871,176177,2022,second_quarter,2022-07-18T15:31:05-04:00,unclear,0.5,agreed,established,1
57310,161f1ba5-9760-463e-bf4e-ca0b9b96db08,49635,156506,2022,second_quarter,2022-07-18T15:43:39-04:00,unclear,0.45,opus,established,1
57528,11c47f6e-aece-4b79-8299-11a4755fc0e9,22883,129756,2022,second_quarter,2022-07-18T16:03:15-04:00,unclear,0.9,agreed,established,1
58136,bdf0fd8a-4f03-4f8e-9388-ff43c04fad31,400426039,190608,2022,second_quarter,2022-07-18T18:18:53-04:00,unclear,0.4,opus,established,1
58754,9a15b79f-d75e-4cdd-afd0-a29c1904f88b,27753,134319,2022,second_quarter,2022-07-18T22:21:21-04:00,unclear,0.4,agreed,established,1
59068,2aa8411a-247a-41b4-a736-85763ea32ca8,39837,148617,2022,second_quarter,2022-07-19T06:15:36-04:00,relief,0.6,opus,established,1
59424,f69388f8-fec0-48a6-8950-bd297f2a0537,401103472,198926,2022,second_quarter,2022-07-19T08:48:47-04:00,unclear,0.4,agreed,established,1
59726,a891a892-5032-4fd0-8c0c-e4580ff57943,401103524,199384,2022,second_quarter,2022-07-19T09:37:20-04:00,relief,0.95,agreed,established,1
60419,6eb2dc64-713f-4b75-b799-e152dde381d2,400426039,190614,2022,second_quarter,2022-07-19T10:50:22-04:00,unclear,0.4,opus,established,1
62244,57ffd1c8-14b0-497b-88d2-16e1cf709c52,401103817,200195,2022,second_quarter,2022-07-19T13:28:38-04:00,mixed,0.8,opus,established,1
62536,a0a42862-bb37-42ef-b206-49bbcf24b4ff,289773,177534,2022,second_quarter,2022-07-19T13:59:00-04:00,unclear,0.55,agreed,established,1
62783,3fbb9056-8ec8-4b8f-a254-13f9b676aab6,287394,208491,2022,second_quarter,2022-07-19T14:20:36-04:00,unclear,0.95,agreed,established,1
62844,626a7bb5-fc54-4eaa-bf8b-f80f963268a1,287394,208492,2022,second_quarter,2022-07-19T14:25:30-04:00,unclear,0.95,agreed,established,1
62854,74478c2e-41fc-469f-ac16-4c8f1a27b74c,287394,208563,2022,second_quarter,2022-07-19T14:26:55-04:00,unclear,0.95,agreed,established,1
62869,f6276804-17e8-4283-9d84-118dc45fe4ae,287394,208564,2022,second_quarter,2022-07-19T14:28:56-04:00,unclear,0.95,agreed,established,1
63612,276db235-6828-4c5b-b841-bf94c47cf8cd,401103521,199280,2022,second_quarter,2022-07-19T15:30:48-04:00,unclear,0.95,agreed,established,1
63831,e76d9a94-b9ba-4d16-b8a9-7070e715433f,401104177,200894,2022,second_quarter,2022-07-19T15:47:20-04:00,unclear,0.4,agreed,established,1
64680,77f0360e-c422-4cce-aa76-3a223e793042,35230,143841,2022,second_quarter,2022-07-19T16:42:19-04:00,unclear,0.5,agreed,established,1
64688,cf053a1b-295c-4938-b0cb-6f8c83cd24f1,35230,143832,2022,second_quarter,2022-07-19T16:42:52-04:00,relief,0.7,opus,established,1
64852,552514ac-3e67-4868-8496-a480b0d122be,35230,143843,2022,second_quarter,2022-07-19T16:53:16-04:00,unclear,0.5,agreed,established,1
65524,d3649b86-67c1-4708-8559-cfc5c2b13a3e,1433,102615,2022,second_quarter,2022-07-19T17:53:47-04:00,unclear,0.95,agreed,established,1
65624,49f83fca-b4e7-4dd2-aa36-7065880b9d08,1433,102612,2022,second_quarter,2022-07-19T18:05:40-04:00,unclear,0.95,agreed,established,1
66595,ce5c114d-d909-404f-a367-653f93858263,287771,51976,2022,second_quarter,2022-07-19T20:53:02-04:00,unclear,0.4,agreed,established,1
67019,0dfe27ed-92d0-4b0d-aec7-e9760242c205,401104288,205374,2022,second_quarter,2022-07-20T00:46:42-04:00,mixed,0.6,opus,established,1
67179,0efb9c77-f8ee-4784-adfd-2f183fff4244,35002,206932,2022,second_quarter,2022-07-20T03:12:54-04:00,relief,0.95,agreed,established,1
67707,7d959e81-22cc-4dfd-b761-bd257c90f406,39941,148807,2022,second_quarter,2022-07-20T08:52:02-04:00,relief,0.95,agreed,established,1
68160,5f81b581-6a65-4b94-8043-c721593bf1ed,400774330,206210,2022,second_quarter,2022-07-20T09:33:56-04:00,unclear,0.5,agreed,established,1
68194,cd6a0f01-ac70-4c82-98e6-ca59fe87b464,35263,143852,2022,second_quarter,2022-07-20T09:36:20-04:00,relief,0.9,agreed,established,1
68750,abfe6b23-862e-4de2-ac87-50ad2f495ed4,30393,135816,2022,second_quarter,2022-07-20T10:06:07-04:00,relief,0.95,agreed,established,1
68826,9dcc2178-e278-408e-a189-33bb38cc1a1f,26912,134239,2022,second_quarter,2022-07-20T10:08:27-04:00,unclear,0.45,opus,established,1
69013,88e07dd8-5a0b-4db1-8dee-121a1aba6f65,25603,204321,2022,second_quarter,2022-07-20T10:20:47-04:00,unclear,0.4,agreed,established,1
69018,f5749c4d-a2cf-4328-8d60-e45f2c79d85f,5153,209539,2022,second_quarter,2022-07-20T10:21:22-04:00,unclear,0.5,agreed,established,1
69511,d557cec4-95ef-429e-b52b-952eef0ad302,24032,131195,2022,second_quarter,2022-07-20T10:48:15-04:00,relief,0.85,opus,established,1
69705,2de25f30-9c42-4e1b-83e2-a8c1c0bf896e,1683,102647,2022,second_quarter,2022-07-20T10:56:24-04:00,unclear,0.4,agreed,established,1
70047,de0104f5-e67f-493a-b024-9062dd57d841,5506,107350,2022,second_quarter,2022-07-20T11:10:06-04:00,relief,0.95,agreed,established,1
70071,c83f89dd-58fd-41a7-9427-f539015c524b,13370,118930,2022,second_quarter,2022-07-20T11:10:39-04:00,unclear,0.45,opus,established,0
71435,f7ff6b9d-fa89-455f-8d57-b4e4d3a1d72d,58055,160433,2022,second_quarter,2022-07-20T12:02:56-04:00,relief,0.95,agreed,established,1
72312,047856f7-f0d1-42ec-9837-b2d2b3cd0500,401046942,197256,2022,second_quarter,2022-07-20T12:31:55-04:00,unclear,0.4,agreed,established,1
72412,a95b3fb8-b8d2-420f-b0a4-cdd9120b771e,401103779,200127,2022,second_quarter,2022-07-20T12:34:39-04:00,unclear,0.4,agreed,established,1
72659,b58a8e35-a682-470a-8cf2-b1b86b33abaf,5404,206593,2022,second_quarter,2022-07-20T12:42:48-04:00,relief,0.88,agreed,established,1
72891,9531babd-4c62-48b6-995f-9d510ba7ae65,79610,212525,2022,second_quarter,2022-07-20T12:52:16-04:00,unclear,0.9,agreed,established,1
73174,98316e92-d01a-4e26-9581-870eed49b251,401103552,199512,2022,second_quarter,2022-07-20T13:02:00-04:00,unclear,0.35,agreed,established,1
73323,ecf1e933-88ab-40ac-8973-4a89c4a1650f,401106432,213803,2022,second_quarter,2022-07-20T13:07:49-04:00,unclear,0.4,agreed,established,1
73529,c1ba2559-46f6-4b7f-8aa2-653a65b1fdf3,318994,186382,2022,second_quarter,2022-07-20T13:14:58-04:00,relief,0.8,opus,established,1
74211,9a306aea-d594-477c-829b-8ca4b67c9613,401105130,203270,2022,second_quarter,2022-07-20T13:37:29-04:00,monitoring,0.95,agreed,established,1
74993,48dc1f86-5277-4156-b2e0-ffc7dd8a76a4,46038,50832,2022,second_quarter,2022-07-20T14:04:39-04:00,unclear,0.95,agreed,established,1
75179,bf8059c3-5d87-4227-bba9-5dfdf0154574,400412950,190379,2022,second_quarter,2022-07-20T14:14:20-04:00,unclear,0.4,agreed,established,1
75634,068b5a19-ccac-4880-9d76-a9c90cbbdf3f,317311,186004,2022,second_quarter,2022-07-20T14:33:56-04:00,unclear,0.45,opus,established,1
76120,1d92d323-448d-4cae-93ee-70fca6b8135e,32486,213578,2022,second_quarter,2022-07-20T14:53:23-04:00,monitoring,0.95,agreed,established,1
76181,0871d3e3-1c6c-479c-b131-b440d8f536b6,5211,106016,2022,second_quarter,2022-07-20T14:55:31-04:00,unclear,0.5,agreed,established,1
76415,da7fd95b-aaca-4f4d-ac14-56ba143f5b9e,401104010,200631,2022,second_quarter,2022-07-20T15:03:32-04:00,unclear,0.5,agreed,established,1
76587,78a01da3-d705-4a6e-955e-878c59fec89b,290571,177646,2022,second_quarter,2022-07-20T15:08:17-04:00,relief,0.7,opus,established,1
77125,a3ffe51a-3949-44f7-a47e-252e0690bdb3,29846,135234,2022,second_quarter,2022-07-20T15:25:46-04:00,relief,0.88,agreed,established,1
77202,1d4a12f4-bc41-48c8-914f-fe00a861cdf1,29846,135239,2022,second_quarter,2022-07-20T15:27:52-04:00,unclear,0.5,agreed,established,1
77249,fdba8a99-1e40-4566-a7f4-6f16bcdf206d,401105417,205635,2022,second_quarter,2022-07-20T15:29:16-04:00,unclear,0.95,agreed,established,1
77281,709ac73b-a892-4eb6-8114-8591b4799baa,401105417,203656,2022,second_quarter,2022-07-20T15:30:32-04:00,unclear,0.95,agreed,established,1
77346,66266e0d-b73f-4443-9ba3-b22828a08853,556,100441,2022,second_quarter,2022-07-20T15:32:15-04:00,unclear,0.55,agreed,established,0
77365,08f6afc5-1653-430a-bd42-176988b284ef,5632,107401,2022,second_quarter,2022-07-20T15:32:37-04:00,monitoring,0.9,agreed,established,1
77451,84ae58f0-8554-4654-be9c-9246ff1b8eb7,401105417,203674,2022,second_quarter,2022-07-20T15:35:24-04:00,unclear,0.5,opus,established,1
77640,7acaef47-285a-441d-861f-a0a08cf00e82,401103565,208110,2022,second_quarter,2022-07-20T15:40:45-04:00,unclear,0.45,opus,established,1
77839,13cdd1e7-fd84-4145-8170-440a6d715f1d,401105417,203664,2022,second_quarter,2022-07-20T15:45:53-04:00,unclear,0.5,agreed,established,1
77883,941cf7ed-21bc-48c4-8a35-cde5ec0c2edf,401105784,206899,2022,second_quarter,2022-07-20T15:46:33-04:00,relief,0.9,agreed,established,1
78501,5510d419-03be-4e76-ac49-4622e77b4f67,401103523,199330,2022,second_quarter,2022-07-20T16:05:34-04:00,unclear,0.95,agreed,established,1
78689,072e8ee2-f7ae-4512-bf42-c6a6678cd9ec,401103237,198275,2022,second_quarter,2022-07-20T16:11:07-04:00,relief,0.92,agreed,established,1
78879,1b91473d-1b06-4ecb-b30a-782c4c8a9caf,401103845,200253,2022,second_quarter,2022-07-20T16:16:55-04:00,monitoring,0.65,opus,established,1
78890,4d4822a6-b45c-47dd-b9d7-943700aaeafe,401104313,201390,2022,second_quarter,2022-07-20T16:17:24-04:00,unclear,0.95,agreed,established,1
79068,c5807cdd-c105-42b4-9375-0c147998cada,81511,171312,2022,second_quarter,2022-07-20T16:22:12-04:00,unclear,0.4,agreed,established,1
79253,6c4901ca-09dd-4b8f-afc8-d781406846d9,16896,122545,2022,second_quarter,2022-07-20T16:27:35-04:00,unclear,0.55,agreed,established,1
79864,37ea71f3-21a3-4d65-9a5a-72890b87e012,401105259,203474,2022,second_quarter,2022-07-20T16:49:19-04:00,relief,0.9,agreed,established,1
79891,3765a4b3-33eb-4016-90ae-b8e83b5e3186,401054971,212971,2022,second_quarter,2022-07-20T16:50:04-04:00,relief,0.9,agreed,established,1
80643,966a3b51-6f2c-4ae7-ab26-55688f7c3173,56771,159922,2022,second_quarter,2022-07-20T17:14:49-04:00,relief,0.9,agreed,established,1
81076,312568d5-c664-4324-9d1c-9a88b8b37adb,8475,112676,2022,second_quarter,2022-07-20T17:26:12-04:00,unclear,0.4,opus,established,1
81167,daf37a54-cca7-43c6-a6ac-5bd53dcfba82,401103218,198214,2022,second_quarter,2022-07-20T17:30:14-04:00,unclear,0.55,agreed,established,1
81195,39781d1d-c209-4196-98b0-b2e9df12f0f0,401103585,205288,2022,second_quarter,2022-07-20T17:31:58-04:00,unclear,0.4,agreed,established,1
81265,ab4335db-4bb2-42c4-a993-29a1cf705c4e,4766,104899,2022,second_quarter,2022-07-20T17:35:03-04:00,protection,0.7,opus,established,1
81438,405b48c1-010d-481b-873a-ab2248bd38f9,401105417,203687,2022,second_quarter,2022-07-20T17:43:07-04:00,unclear,0.5,agreed,established,1
81591,59f49f61-7e43-473f-9fc1-6c6ccf3c6fee,40021,149481,2022,second_quarter,2022-07-20T17:49:11-04:00,relief,0.95,agreed,established,1
82319,12204ec5-3eef-4a61-851b-e50a1cccd714,1114,101894,2022,second_quarter,2022-07-20T18:35:24-04:00,unclear,0.95,agreed,established,0
82398,365784f0-43df-4212-9780-d8591a7de79f,401106332,213013,2022,second_quarter,2022-07-20T18:39:28-04:00,protection,0.6,opus,established,0
82437,771ddc52-3df5-4987-a3dc-6f44a56f7a95,66773,163770,2022,second_quarter,2022-07-20T18:43:07-04:00,relief,0.7,opus,established,1
82513,5c2ba004-d889-4d84-b29f-f75fff7e7688,283696,211867,2022,second_quarter,2022-07-20T18:48:57-04:00,relief,0.6,opus,established,1
82719,c8c6bd1c-955b-4624-9e58-2908626b282c,401103897,200355,2022,second_quarter,2022-07-20T19:06:31-04:00,relief,0.9,agreed,established,1
83007,a7fa88d7-6047-4f32-8406-035f2e3b5dc8,401104734,202558,2022,second_quarter,2022-07-20T19:40:27-04:00,unclear,0.55,agreed,established,1
83479,fad57e4c-135e-4e75-92aa-5f381e4aa6c4,31417,138240,2022,second_quarter,2022-07-20T20:27:01-04:00,unclear,0.5,agreed,established,0
83783,e001b70f-979c-4839-b39a-d8975f518df1,400794388,195349,2022,second_quarter,2022-07-20T20:55:51-04:00,unclear,0.55,agreed,established,1
83806,535c476e-8fb0-4c38-bb9c-03111fa29ad5,24566,132410,2022,second_quarter,2022-07-20T20:57:44-04:00,unclear,0.3,agreed,established,1
84670,9bacd7e6-6831-4f58-b27e-b8fbdfaca44e,27833,134460,2022,second_quarter,2022-07-20T22:41:03-04:00,relief,0.7,opus,established,1
85004,110558c7-8e76-4b2b-986c-6bafd0ceef41,401104539,201991,2022,second_quarter,2022-07-20T23:50:04-04:00,relief,0.7,opus,established,1
85312,ae4aacce-e056-44e4-b2c6-b9eae04d78db,298091,179910,2022,second_quarter,2022-07-21T12:26:48-04:00,relief,0.8,opus,established,1
85815,2bde8477-f780-4263-89f4-418babacacd2,401106361,213258,2022,second_quarter,2022-07-22T10:40:50-04:00,unclear,0.95,agreed,established,1
86091,d2b7f338-67cb-46c2-932a-cf61587d681f,400359656,189550,2022,second_quarter,2022-07-22T16:21:29-04:00,relief,0.9,agreed,established,1
86099,5dde68c1-f7b8-4704-a83b-48ac6def35b0,400359656,189552,2022,second_quarter,2022-07-22T16:30:57-04:00,relief,0.88,agreed,established,1
86782,3d8466f0-1727-4c08-bd29-a1793eae6c4d,13370,118930,2022,second_quarter,2022-07-27T16:00:36-04:00,unclear,0.45,opus,established,1
87899,b2672340-01a8-4405-9313-e75ac65e240b,400287370,188909,2022,second_quarter,2022-08-08T11:15:46-04:00,unclear,0.45,opus,established,1
88208,eeaecbb8-f922-46f4-ab94-22f3d26bed26,291594,177806,2022,second_quarter,2022-08-08T16:20:50-04:00,relief,0.85,opus,established,1
88840,550fc35d-6247-4015-8059-0a7b111c3749,37538,146406,2022,second_quarter,2022-08-17T10:36:33-04:00,unclear,0.4,agreed,established,1
89326,ba261dcc-74a4-4b26-b968-269bdac21935,36366,145446,2022,second_quarter,2022-08-25T10:42:33-04:00,unclear,0.4,agreed,established,1
89398,b44c89f1-551c-4222-9ba2-41730c8dc780,81054,171061,2022,second_quarter,2022-08-25T11:27:56-04:00,protection,0.95,opus,established,1
89412,bfe31597-ce40-4890-b693-e711db743a2e,45766,153749,2022,second_quarter,2022-08-25T11:40:27-04:00,unclear,0.4,agreed,established,1
89827,8cd7006d-457b-43ba-b4cc-950ac767a35d,316057,52693,2022,third_quarter,2022-08-31T13:17:27-04:00,unclear,0.6,agreed,established,0
90176,d3a3b795-d98a-46fe-a8c5-f38700b2fc7d,401106895,52746,2022,third_quarter,2022-09-08T15:12:32-04:00,unclear,0.8,agreed,unknown,1
90190,09fc98f3-78fb-46bc-b44a-c0c09af6f31a,316057,52693,2022,third_quarter,2022-09-08T16:41:31-04:00,unclear,0.8,agreed,established,0
90576,fbc130c5-90ae-4f75-b3ba-1dcc0c899900,36710,52855,2022,third_quarter,2022-09-20T09:51:13-04:00,unclear,0.9,agreed,unknown,1
90891,b510a71b-635d-4b87-a96d-84a8eb50a919,91717,174742,2022,second_quarter,2022-09-28T16:08:59-04:00,relief,0.95,agreed,established,1
91030,75f0f6fc-5b64-4bdc-9960-79b23db4de17,35002,52953,2022,third_quarter,2022-09-30T14:43:11-04:00,relief,0.95,agreed,established,0
91081,1cd48741-b5db-4974-9ab0-f4b7c56fcc0f,401106937,52959,2022,third_quarter,2022-09-30T17:42:25-04:00,unclear,0.95,agreed,established,0
91667,9745ca2d-c6fd-45d7-8cfe-5f05cb2f9c72,79610,212525,2022,third_quarter,2022-10-04T11:41:46-04:00,unclear,0.9,agreed,established,1
92500,bac67e64-4430-4c9d-b786-f1f581b8b569,401106927,53026,2022,third_quarter,2022-10-06T11:12:18-04:00,unclear,0.5,agreed,unknown,1
92667,d9418b28-366e-491b-bce5-835ba4b5f038,400408933,190355,2022,third_quarter,2022-10-07T10:07:41-04:00,mixed,0.7,opus,established,1
92720,23a04020-d639-41bf-a992-eef46be5288b,45937,153798,2022,third_quarter,2022-10-07T10:28:55-04:00,relief,0.9,agreed,established,1
92797,b7bccfa0-a5c5-49f5-b51f-c2fb81f84213,401103903,200360,2022,third_quarter,2022-10-07T14:05:49-04:00,relief,0.82,agreed,established,0
93232,62b3bbb0-50e4-4c0c-8716-274d7f4ee826,401104010,200631,2022,third_quarter,2022-10-10T11:20:01-04:00,unclear,0.5,agreed,established,1
93503,61125091-d1c8-4574-a2b1-c789884a958b,314432,184995,2022,third_quarter,2022-10-10T21:09:12-04:00,unclear,0.45,opus,established,1
93635,a6e32fd5-e728-47d9-b3f5-efc292f54470,40006037,187506,2022,third_quarter,2022-10-11T10:05:20-04:00,relief,0.95,agreed,established,1
93974,4323d649-be22-4640-8338-64c9a2930fbc,7975,111010,2022,third_quarter,2022-10-11T15:35:42-04:00,unclear,0.4,agreed,established,0
94117,445312cb-658f-405f-b2b5-54b228d8062a,400661993,210126,2022,third_quarter,2022-10-11T18:16:12-04:00,unclear,0.4,agreed,established,1
96877,606d4114-38a6-4f13-9909-0d0e96c0ecdb,401105784,206899,2022,third_quarter,2022-10-14T14:54:13-04:00,relief,0.9,agreed,established,1
96931,7bb699ed-eeff-4cdc-9c5c-38b67ac6f76e,556,100441,2022,third_quarter,2022-10-14T15:07:41-04:00,unclear,0.55,agreed,established,1
97329,1f6d8c00-fe80-4e0b-846e-89d007dc0314,57338,159975,2022,third_quarter,2022-10-14T17:44:23-04:00,unclear,0.5,agreed,established,1
97748,b66a8f2d-12d6-4d16-933d-c10daf0a40d9,401103472,198926,2022,third_quarter,2022-10-16T12:01:48-04:00,unclear,0.4,agreed,established,1
98140,1c4f4f5d-81f9-4f69-9a40-fee91ba4fa18,28504,134535,2022,third_quarter,2022-10-17T08:57:05-04:00,relief,0.95,agreed,established,1
99608,30b3f7c5-de2c-49b3-8b83-4d4b02ec0b94,401106405,213706,2022,third_quarter,2022-10-17T15:08:30-04:00,relief,0.95,agreed,established,1
100082,ecccdb68-cea6-41ad-829c-193b25ff69e3,401103094,197904,2022,third_quarter,2022-10-17T16:22:22-04:00,unclear,0.4,agreed,established,1
100261,519119cb-fc00-4373-b9ad-13d19c709d10,400942717,196304,2022,third_quarter,2022-10-17T16:58:28-04:00,unclear,0.4,agreed,established,1
100362,9db9779d-e217-48b7-879e-5a73e3b46ddd,401103524,199384,2022,third_quarter,2022-10-17T17:43:43-04:00,relief,0.95,agreed,established,1
100548,64a764f5-bc20-4d46-9860-925891bb1f8e,7268,110469,2022,third_quarter,2022-10-17T20:02:02-04:00,unclear,0.4,agreed,established,1
101434,360274e4-7bd7-4e0a-8340-7cd73da35e34,401104177,200894,2022,third_quarter,2022-10-18T10:52:01-04:00,unclear,0.4,agreed,established,1
101559,c718f7cd-6c3a-40f6-9868-fe48038ba283,35263,143852,2022,third_quarter,2022-10-18T11:17:26-04:00,unclear,0.35,agreed,established,1
102013,676d38e5-50e4-4775-b4c4-2be2a46715d4,24486,212498,2022,third_quarter,2022-10-18T12:31:14-04:00,unclear,0.55,agreed,established,1
102721,bb65dd7a-59d5-4982-b6d8-5a958d6383bf,285871,176177,2022,third_quarter,2022-10-18T14:45:41-04:00,unclear,0.5,agreed,established,1
102738,7bc0bea2-a289-4e9e-b58a-b49c81c6f7dd,81511,171312,2022,third_quarter,2022-10-18T14:47:19-04:00,unclear,0.4,agreed,established,1
103031,7287b2dc-3894-4c2d-b3d5-2f60b888de7d,1114,101894,2022,third_quarter,2022-10-18T15:24:37-04:00,unclear,0.95,agreed,established,0
103134,f8fa7d28-6b9a-4f7b-af0d-9c42e65aca1f,316057,52693,2022,third_quarter,2022-10-18T15:36:19-04:00,unclear,0.8,agreed,established,1
103440,24f663ae-9631-4b7f-87f6-e02a122a8ec1,5211,106016,2022,third_quarter,2022-10-18T16:21:28-04:00,unclear,0.5,agreed,established,1
104527,b18c6d6c-b924-4efd-bd2e-a342c912cc2c,5506,107350,2022,third_quarter,2022-10-19T08:06:50-04:00,relief,0.95,agreed,established,1
104949,e539b9a5-fd38-468a-9f54-e27048dcab75,39837,148617,2022,third_quarter,2022-10-19T09:44:25-04:00,relief,0.6,opus,established,1
105662,861d866b-8462-4207-a672-208a50164b4a,401103523,199330,2022,third_quarter,2022-10-19T10:58:31-04:00,unclear,0.95,agreed,established,1
106616,515e3726-77b2-400e-a504-9faa5b53c612,36366,145446,2022,third_quarter,2022-10-19T12:27:44-04:00,unclear,0.4,agreed,established,1
106699,ee039721-0e76-4172-bc03-fe33f0fc6a58,401105417,203687,2022,third_quarter,2022-10-19T12:31:19-04:00,unclear,0.5,agreed,established,1
106966,c24f3a48-b705-44f5-8e94-45ed156f484a,401105417,203674,2022,third_quarter,2022-10-19T12:46:52-04:00,unclear,0.5,opus,established,1
107812,61f442af-bed8-4540-b54b-71c6d19910e6,39941,148807,2022,third_quarter,2022-10-19T13:54:55-04:00,relief,0.95,agreed,established,1
107984,08626953-9d4a-4be5-8200-df1c0b8eeb3d,401105417,203656,2022,third_quarter,2022-10-19T14:04:07-04:00,unclear,0.95,agreed,established,1
108016,370064f1-5013-46c7-8835-b0f28d0d90da,401105417,205635,2022,third_quarter,2022-10-19T14:06:09-04:00,unclear,0.95,agreed,established,1
108155,346145f3-113a-403c-97a6-fa827f8f88dd,401105417,203664,2022,third_quarter,2022-10-19T14:15:33-04:00,unclear,0.5,agreed,established,1
108420,b60eea02-b72d-461b-a289-59f938a3da58,401106937,52959,2022,third_quarter,2022-10-19T14:28:44-04:00,unclear,0.85,agreed,established,1
108445,3881037b-784b-499a-ba8d-810ada52c123,401103521,199280,2022,third_quarter,2022-10-19T14:30:23-04:00,unclear,0.95,agreed,established,1
108749,b87a473f-cc40-4a66-9dca-584379907304,55792,159864,2022,third_quarter,2022-10-19T14:53:59-04:00,unclear,0.95,agreed,established,1
108997,4bc99638-04cf-4419-b415-e57ec82b08e3,46038,50832,2022,third_quarter,2022-10-19T15:08:24-04:00,unclear,0.95,agreed,established,1
109076,e9796f7c-161f-4ce7-847e-0197c7f6d1a8,400794388,195349,2022,third_quarter,2022-10-19T15:13:13-04:00,unclear,0.55,agreed,established,1
109472,599dde1f-51af-46cc-afd7-8e4a9eab4f19,401105589,205749,2022,third_quarter,2022-10-19T15:40:12-04:00,mixed,0.7,opus,established,1
109635,cab94c96-6cbc-41c0-8e01-aae227caa951,49635,156506,2022,third_quarter,2022-10-19T15:49:00-04:00,unclear,0.45,opus,established,1
109797,e855babc-603b-40d1-81ab-70c4b9d44ab5,58055,160433,2022,third_quarter,2022-10-19T15:56:37-04:00,relief,0.95,agreed,established,1
110588,b44c17e6-15b6-4d7a-a0ef-ba829529bae9,22883,129729,2022,third_quarter,2022-10-19T16:44:23-04:00,unclear,0.95,agreed,established,1
111013,bcf92ffe-64d8-4ff5-9d61-a58890e7aed7,401103565,208110,2022,third_quarter,2022-10-19T17:16:40-04:00,unclear,0.45,opus,established,1
111074,8b2d3c17-f3db-4a86-8ffe-01860a7435b7,22883,129756,2022,third_quarter,2022-10-19T17:22:59-04:00,unclear,0.95,agreed,established,1
111355,a1ded869-a792-4f03-838f-790bd768bd7d,24123,131484,2022,third_quarter,2022-10-19T17:50:28-04:00,unclear,0.45,opus,established,0
111397,0fab266b-7223-4ff2-9923-084b0c2e887c,401106432,213803,2022,third_quarter,2022-10-19T17:57:28-04:00,unclear,0.4,agreed,established,1
112009,bc1bf3b1-a693-4cbd-8774-d25a9a0ed9e2,22883,129738,2022,third_quarter,2022-10-19T20:07:30-04:00,unclear,0.95,agreed,established,1
112837,a2599fab-b95c-489b-aa88-8666f30834b1,401104288,205374,2022,third_quarter,2022-10-20T02:28:17-04:00,mixed,0.6,opus,established,1
113013,05ce053b-f03d-402c-8d75-4ff5412ec463,287394,208491,2022,third_quarter,2022-10-20T06:58:02-04:00,unclear,0.95,agreed,established,1
113022,6a8d528e-74e8-4d2e-8cf9-964bdaa45f56,287394,208492,2022,third_quarter,2022-10-20T06:59:57-04:00,unclear,0.95,agreed,established,1
113032,f425581e-8564-42e6-8087-6ebeb1a8edc2,287394,208563,2022,third_quarter,2022-10-20T07:02:01-04:00,unclear,0.95,agreed,established,1
113042,598be3bf-188e-4505-bcee-de8541206802,287394,208564,2022,third_quarter,2022-10-20T07:04:39-04:00,unclear,0.95,agreed,established,1
113193,74325ee4-6d5d-4b34-98d0-fd561e13def9,401103585,205288,2022,third_quarter,2022-10-20T08:23:54-04:00,unclear,0.4,agreed,established,1
113447,1f7b2bd3-92d5-49f9-bbb6-3e266b80d247,13370,118930,2022,third_quarter,2022-10-20T08:56:31-04:00,unclear,0.45,opus,established,1
113796,ff8f6fa3-a1ed-4396-aafe-23a51320fb08,401103552,199512,2022,third_quarter,2022-10-20T09:24:34-04:00,unclear,0.35,agreed,established,1
113863,735dfc94-d6b1-4a3e-82a2-0a81bfb8adc3,29846,135234,2022,third_quarter,2022-10-20T09:27:43-04:00,relief,0.88,agreed,established,1
113913,631fa3be-db42-403f-858e-7c287aa7bb9d,29846,135239,2022,third_quarter,2022-10-20T09:30:09-04:00,unclear,0.5,agreed,established,1
114238,956b8fd9-dd4a-494f-8153-b9f6c0b9ff9d,401103218,198214,2022,third_quarter,2022-10-20T09:46:24-04:00,unclear,0.55,agreed,established,1
114250,6993a7bd-bcd6-4ede-b3da-058879b31ade,289773,177534,2022,third_quarter,2022-10-20T09:46:52-04:00,unclear,0.55,agreed,established,1
115835,10decaa9-1673-4226-82f1-d163864155c5,27753,134319,2022,third_quarter,2022-10-20T11:03:49-04:00,relief,0.92,agreed,established,1
115984,5906b0b5-47be-43dc-b145-805a66001d12,317311,186004,2022,third_quarter,2022-10-20T11:10:48-04:00,unclear,0.45,opus,established,1
116411,1819fcff-da6e-482c-94f7-9ce6efd9bc25,400426039,190608,2022,third_quarter,2022-10-20T11:25:42-04:00,unclear,0.4,opus,established,1
116424,13079653-bdd0-411c-bdfb-a355329e032c,25603,204321,2022,third_quarter,2022-10-20T11:25:46-04:00,unclear,0.95,agreed,established,1
116628,5236ea5c-5f66-4231-86fb-f5ce304ce382,35002,52953,2022,third_quarter,2022-10-20T11:31:30-04:00,relief,0.95,agreed,established,1
117360,c78a20fe-83dd-4010-959c-25388706bad6,35002,206932,2022,third_quarter,2022-10-20T11:54:22-04:00,relief,0.95,agreed,established,1
117454,e195ab72-9850-44c0-8aa7-da5ee326ed07,5632,107401,2022,third_quarter,2022-10-20T11:57:30-04:00,monitoring,0.9,agreed,established,0
117472,f22c6d5e-d838-4b8c-9e7e-91bea4ba21ac,5632,107401,2022,third_quarter,2022-10-20T11:57:35-04:00,monitoring,0.9,agreed,established,1
117768,3fa9fab8-7488-4c7c-b6cb-5e06c5b9219e,35230,143841,2022,third_quarter,2022-10-20T12:10:49-04:00,unclear,0.5,agreed,established,1
117793,b899c7cc-4656-4fdf-bc77-f23ee08ed1f6,35230,143832,2022,third_quarter,2022-10-20T12:12:38-04:00,relief,0.7,opus,established,0
118267,cd20363b-2dd5-41c2-874e-6f609d78c447,401046942,197256,2022,third_quarter,2022-10-20T12:43:07-04:00,unclear,0.4,agreed,established,1
118357,81765e93-74c6-4102-b58e-2456db3f8fb8,400426039,190614,2022,third_quarter,2022-10-20T12:48:32-04:00,unclear,0.4,opus,established,1
118419,111ac53d-09c2-4d0b-93ed-71960a833a7a,35230,143843,2022,third_quarter,2022-10-20T12:50:49-04:00,unclear,0.5,agreed,established,1
118499,ac925f5a-258b-43b4-abf6-9e0aa483cef4,26912,134239,2022,third_quarter,2022-10-20T12:54:51-04:00,unclear,0.45,opus,established,1
118701,56e17ec5-1eb5-4190-beae-c6234ee6f8dc,35230,143832,2022,third_quarter,2022-10-20T13:06:08-04:00,relief,0.7,opus,established,1
119250,0affb323-ef61-48c0-8e8a-c60590492514,1433,102615,2022,third_quarter,2022-10-20T13:29:53-04:00,unclear,0.95,agreed,established,1
119296,cdab2fe3-be58-4469-bf01-1362ec0054b1,283696,211867,2022,third_quarter,2022-10-20T13:30:57-04:00,relief,0.6,opus,established,1
119438,1b8c869f-628e-4a4f-b349-e42649f03986,401103817,200195,2022,third_quarter,2022-10-20T13:35:12-04:00,mixed,0.8,opus,established,1
119607,ab955c8b-c62e-4227-8427-2934fd8e00c5,1433,102612,2022,third_quarter,2022-10-20T13:42:34-04:00,unclear,0.95,agreed,established,1
120578,174fabd2-02b3-4e80-8117-c06d7382ed41,401103779,200127,2022,third_quarter,2022-10-20T14:20:21-04:00,unclear,0.4,agreed,established,1
120594,26c3e686-50b2-4490-bdcb-0f85511af7ef,32486,213578,2022,third_quarter,2022-10-20T14:20:36-04:00,monitoring,0.95,agreed,established,1
120658,05b52bc3-7fdc-4086-8c54-c36d57c4fa6c,24032,131195,2022,third_quarter,2022-10-20T14:22:51-04:00,relief,0.85,opus,established,1
120934,02e238c7-f4a1-4aba-8630-464578ba0f1f,401105259,203474,2022,third_quarter,2022-10-20T14:32:12-04:00,relief,0.9,agreed,established,1
121263,6416a89d-109a-40a0-be8f-a97fa71df055,24123,131484,2022,third_quarter,2022-10-20T14:45:05-04:00,unclear,0.45,opus,established,1
121693,963c084b-424c-4bcf-8589-11d000e974ad,66773,163770,2022,third_quarter,2022-10-20T15:01:37-04:00,relief,0.7,opus,established,1
121726,cc0898f7-9b5d-4256-8ebc-76b6a55c311e,401103897,200355,2022,third_quarter,2022-10-20T15:01:58-04:00,relief,0.9,agreed,established,1
122655,e789143f-d527-46bf-81e7-72d321f1c885,401104313,201390,2022,third_quarter,2022-10-20T15:32:45-04:00,unclear,0.95,agreed,established,1
122741,60a2c75f-50bf-4a2f-915e-d08d247fd1f0,8475,112676,2022,third_quarter,2022-10-20T15:35:40-04:00,unclear,0.4,opus,established,1
123254,f8c0851f-f65a-4b04-bed2-26d3a1f3135e,290571,177646,2022,third_quarter,2022-10-20T15:54:06-04:00,relief,0.7,opus,established,1
123458,3a2ea5bc-6028-4247-9fca-ca9eb0793485,30393,135816,2022,third_quarter,2022-10-20T16:00:59-04:00,relief,0.95,agreed,established,1
123674,9ac4ab49-84ab-43e7-9b63-d79411f7b088,40021,149481,2022,third_quarter,2022-10-20T16:06:20-04:00,relief,0.95,agreed,established,1
124043,db994f00-bac4-4690-a2ee-8c5069bebb9b,38687,146957,2022,third_quarter,2022-10-20T16:19:41-04:00,unclear,0.95,agreed,established,1
124928,5641a974-7f57-4426-be6a-8e0a3bdb2b3d,28663,134577,2022,third_quarter,2022-10-20T16:55:12-04:00,relief,0.95,agreed,established,1
126161,60f141f7-e064-4e34-ba81-9f3f2e85b9ae,5404,206593,2022,third_quarter,2022-10-20T17:52:01-04:00,relief,0.88,agreed,established,1
126440,62342c86-b1fe-4abf-8a95-1fcc177f77fc,400774330,206210,2022,third_quarter,2022-10-20T18:04:15-04:00,unclear,0.5,agreed,established,1
126618,b2bc13c4-9420-4053-9192-090950fe0060,56771,159922,2022,third_quarter,2022-10-20T18:12:23-04:00,relief,0.9,agreed,established,1
127015,8db616fb-b441-4f54-aa1c-868a5c4ca450,16896,122545,2022,third_quarter,2022-10-20T18:41:24-04:00,unclear,0.55,agreed,established,1
127115,dd50cbd3-bf67-4776-91c4-33b3e7955dda,401104734,202558,2022,third_quarter,2022-10-20T18:46:23-04:00,unclear,0.55,agreed,established,1
127385,1d4c06e2-e366-4c1f-8acb-f607ab42da1b,401106332,213013,2022,third_quarter,2022-10-20T19:07:00-04:00,protection,0.6,opus,established,1
127445,c6bb9ad6-4fca-4ef6-afe6-15bd07d1a869,401106332,213013,2022,second_quarter,2022-10-20T19:12:48-04:00,protection,0.6,opus,established,1
127510,ffbbd648-cab0-45ef-ba5f-28450b18aa44,401103845,200253,2022,third_quarter,2022-10-20T19:20:29-04:00,monitoring,0.65,opus,established,1
127521,d53c3d38-bb1c-4c09-a6a3-dbd4f85e2335,401103237,198275,2022,third_quarter,2022-10-20T19:21:30-04:00,relief,0.92,agreed,established,1
127734,18cc3387-7b4c-418d-b256-ea429ddb21d4,24566,132410,2022,third_quarter,2022-10-20T19:42:49-04:00,unclear,0.8,agreed,established,1
128145,3fa8c695-08b0-4df4-8bc0-f5e787f5478e,4766,104899,2022,third_quarter,2022-10-20T20:23:20-04:00,protection,0.7,opus,established,1
128288,6caaaa3f-cf75-411c-b1e7-39baef72f2db,400412950,190379,2022,third_quarter,2022-10-20T20:54:38-04:00,unclear,0.4,agreed,established,1
128918,681cbb21-d73e-484b-8167-b3be7512a8fd,287771,51976,2022,third_quarter,2022-10-20T22:06:10-04:00,unclear,0.4,agreed,established,1
129231,d310ba19-be90-4e1f-a659-89ee8e36dc7a,401054971,212971,2022,third_quarter,2022-10-20T22:40:25-04:00,relief,0.55,opus,established,1
129597,ce687dfd-38d1-40fc-94ea-1cc5bd49a557,401104539,201991,2022,third_quarter,2022-10-21T00:36:18-04:00,relief,0.7,opus,established,1
129892,5d5360fe-f62b-4ea6-bf38-41a167f9dede,27833,134460,2022,third_quarter,2022-10-21T10:39:33-04:00,relief,0.7,opus,established,1
130106,ef218cf8-00d6-4161-bb7c-3c58cc68f902,298091,179910,2022,third_quarter,2022-10-21T14:16:39-04:00,relief,0.8,opus,established,1
131438,c6712597-0948-4c53-88e7-d4f6df020832,400359656,189550,2022,third_quarter,2022-10-28T09:59:05-04:00,relief,0.9,agreed,established,1
131445,9f7b7186-1e50-475b-b830-6e6e50321cf0,400359656,189552,2022,third_quarter,2022-10-28T10:05:18-04:00,relief,0.88,agreed,established,1
132002,b9a68748-23bc-46f9-91ae-514fd2e76832,401104830,202799,2022,third_quarter,2022-11-02T10:58:59-04:00,unclear,0.5,agreed,established,1
132561,b665ee73-66be-4a26-9ac9-c2e2d17f3cad,400287370,188909,2022,third_quarter,2022-11-03T01:09:18-04:00,unclear,0.45,opus,established,1
132595,a46af146-5174-49ef-b3fc-d31108708c7b,291594,177806,2022,third_quarter,2022-11-03T10:06:43-04:00,relief,0.85,opus,established,1
132697,ffcac111-19db-4773-9611-e8a4e9879f77,37538,146406,2022,third_quarter,2022-11-03T14:25:49-04:00,unclear,0.4,agreed,established,1
133789,2d47bfcb-1719-4750-b5b8-334fc403b612,45766,153749,2022,third_quarter,2022-11-15T11:27:56-05:00,unclear,0.4,agreed,established,1
134071,f3168772-7e2d-4d7b-a200-50386f650090,81054,171061,2022,third_quarter,2022-11-16T15:32:58-05:00,protection,0.95,opus,established,1
134688,14bf643a-eb8c-4dfe-832b-65a62b4935bc,40011087,187711,2022,third_quarter,2022-11-29T21:33:42-05:00,unclear,0.5,agreed,established,1
134860,2f8e6c41-9228-43ed-a929-77c778cee4ac,401104718,53582,2022,fourth_quarter,2022-12-05T15:36:40-05:00,unclear,0.95,agreed,established,0
134928,bb99c326-4560-490b-b55d-fd51d15d4cd9,1114,101894,2022,second_quarter,2022-12-07T13:30:42-05:00,unclear,0.95,agreed,established,0
134945,33f30992-348c-4cd8-9fe8-cf0a6899cd7b,1114,101894,2022,third_quarter,2022-12-07T13:54:37-05:00,unclear,0.95,agreed,established,0
135820,8632a795-3326-4c10-ad45-c30e4ec173cf,314432,184995,2022,fourth_quarter,2022-12-29T13:52:56-05:00,unclear,0.45,opus,established,1
135844,f34f3c53-5236-4c57-915e-e79ff42f5b96,29846,53782,2022,fourth_quarter,2022-12-29T16:41:09-05:00,unclear,0.5,agreed,established,0
136400,4d9dce9d-30af-4b2b-9be3-501911c09d69,400661993,210126,2022,fourth_quarter,2023-01-02T22:14:17-05:00,unclear,0.4,agreed,established,1
136931,0b2e108d-7546-4247-8ebb-65bf48b074b5,40006037,187506,2022,fourth_quarter,2023-01-05T11:39:48-05:00,relief,0.95,agreed,established,1
137499,518652c8-30ec-458e-9979-f72cba42792f,45937,153798,2022,fourth_quarter,2023-01-09T09:48:04-05:00,relief,0.9,agreed,established,1
138242,7842b325-bd5a-4b07-9361-d06ea47ac7e2,7975,111010,2022,fourth_quarter,2023-01-10T14:41:21-05:00,unclear,0.4,agreed,established,0
138318,431419d3-e7d1-4106-af7a-96da87e2eefe,401107216,53869,2022,fourth_quarter,2023-01-10T16:17:29-05:00,unclear,0.95,agreed,unknown,1
138803,e12b3d24-c730-4488-92bd-3a77ccffbb1b,401103903,200360,2022,fourth_quarter,2023-01-11T14:14:59-05:00,relief,0.82,agreed,established,0
138845,3d9e3444-29f8-4146-a834-9e32429fb2c5,57338,159975,2022,fourth_quarter,2023-01-11T15:10:22-05:00,unclear,0.5,agreed,established,1
138878,6cbc9fbc-6b69-42f4-8b36-515db8eae01b,400408933,190355,2022,fourth_quarter,2023-01-11T15:25:55-05:00,mixed,0.7,opus,established,1
138966,e9ba8aa3-7dae-47a1-98ae-a10194622694,7268,110469,2022,fourth_quarter,2023-01-11T16:33:24-05:00,unclear,0.4,agreed,established,1
142371,d79ce5bd-b47a-4960-adfa-9a0d439b0d74,401103524,199384,2022,fourth_quarter,2023-01-16T14:37:08-05:00,relief,0.95,agreed,established,1
142474,f9f793c7-69eb-403a-93d9-74c01b027d35,24486,212498,2022,fourth_quarter,2023-01-16T15:40:55-05:00,unclear,0.55,agreed,established,1
142555,5e4b9a96-fc0b-4b34-907d-ac67a72942a6,401104010,200631,2022,fourth_quarter,2023-01-16T16:02:01-05:00,unclear,0.5,agreed,established,1
143521,7c19f2e0-bbdc-4534-8d78-c8e18376b5d2,401106937,52959,2022,fourth_quarter,2023-01-17T11:17:34-05:00,unclear,0.85,agreed,established,1
143525,80a7a998-6632-4394-a164-e22f7ae8b817,287771,51976,2022,fourth_quarter,2023-01-17T11:18:30-05:00,unclear,0.4,agreed,established,1
144117,d48b59f5-f56d-4ac3-8dce-b80ef4c8a908,55792,159864,2022,fourth_quarter,2023-01-17T14:32:41-05:00,unclear,0.95,agreed,established,1
146191,5243ce3e-72c2-4fb1-9ea1-9fe99f49d6ee,400942717,196304,2022,fourth_quarter,2023-01-18T12:42:44-05:00,unclear,0.4,agreed,established,1
146635,69466d59-ee7f-4883-86b6-a1fe54e788c8,32486,213578,2022,fourth_quarter,2023-01-18T13:46:45-05:00,monitoring,0.95,agreed,established,1
147088,7d5cd193-5ebb-405e-ac89-60397b7fc423,285871,176177,2022,fourth_quarter,2023-01-18T14:33:53-05:00,unclear,0.5,agreed,established,1
147156,d2c3cd1d-22ec-4844-a566-cc26ed96c4db,317311,186004,2022,fourth_quarter,2023-01-18T14:43:32-05:00,unclear,0.45,opus,established,1
147534,c3ab2fd6-0b61-4b04-b1ff-0a4d8c9ddf9a,5506,107350,2022,fourth_quarter,2023-01-18T15:30:43-05:00,relief,0.95,agreed,established,1
148286,5abe6fe6-b312-4e29-9ceb-bf6236e84892,46038,50832,2022,fourth_quarter,2023-01-18T17:09:37-05:00,unclear,0.95,agreed,established,1
148607,4abc258a-cb99-41b1-b127-7f49fb0f2879,401054971,212971,2022,fourth_quarter,2023-01-18T18:16:40-05:00,relief,0.8,opus,established,1
148769,aca3f630-45ec-4f81-9557-573d6cfbf9e7,401103585,205288,2022,fourth_quarter,2023-01-18T19:56:07-05:00,unclear,0.4,agreed,established,1
149263,7bf04933-ccd0-43b9-908a-36a312d2b565,39837,148617,2022,fourth_quarter,2023-01-19T06:35:30-05:00,relief,0.6,opus,established,1
150098,083a8a16-a30d-4e79-ad95-2a7b553b430c,287394,208491,2022,fourth_quarter,2023-01-19T10:05:40-05:00,unclear,0.95,agreed,established,1
150104,4cc91105-c865-4a17-b49b-fec3b9d2366e,287394,208492,2022,fourth_quarter,2023-01-19T10:07:50-05:00,unclear,0.95,agreed,established,1
150122,1ad082cb-b613-46f8-a90b-c5c2fc123c37,287394,208563,2022,fourth_quarter,2023-01-19T10:09:55-05:00,unclear,0.95,agreed,established,1
150356,8666b679-9bee-4ce9-aed8-9a328b75721f,556,100441,2022,fourth_quarter,2023-01-19T10:44:13-05:00,unclear,0.55,agreed,established,1
150409,950ea919-f727-409b-a1c3-c26ce5ff6c56,401103218,198214,2022,fourth_quarter,2023-01-19T10:51:54-05:00,unclear,0.55,agreed,established,1
150467,5b846f19-e2f2-4ceb-bf63-40146cfc0527,401103094,197904,2022,fourth_quarter,2023-01-19T10:57:52-05:00,unclear,0.4,agreed,established,1
150548,6599ab96-cb9d-431a-ae87-cf0fc027cebb,28504,134535,2022,fourth_quarter,2023-01-19T11:05:43-05:00,relief,0.95,agreed,established,1
150625,f72d6f06-4725-4af3-942b-aa926510afec,13370,118930,2022,fourth_quarter,2023-01-19T11:13:28-05:00,unclear,0.45,opus,established,1
150650,74be5072-cb27-4397-9bfa-a7b5191dc4e1,79610,212525,2022,fourth_quarter,2023-01-19T11:15:27-05:00,unclear,0.9,agreed,established,1
150985,01caa2cf-885f-420f-b872-e169db42ae0f,35230,143841,2022,fourth_quarter,2023-01-19T11:45:05-05:00,unclear,0.5,agreed,established,1
151220,0f497384-bb08-41ea-acda-b3944f18caf5,401107047,53455,2022,fourth_quarter,2023-01-19T12:03:13-05:00,unclear,0.5,agreed,established,1
151388,f764e2c2-e014-4947-9d8e-12c351fea469,49635,156506,2022,fourth_quarter,2023-01-19T12:22:30-05:00,unclear,0.45,opus,established,1
151567,fb2f9f4e-048a-45c7-8540-cca252afea01,316057,52693,2022,fourth_quarter,2023-01-19T12:46:42-05:00,unclear,0.8,agreed,established,0
151960,7e810fc9-1e7b-4d82-8942-85e466724ade,22883,129729,2022,fourth_quarter,2023-01-19T13:25:33-05:00,unclear,0.95,agreed,established,1
152960,92c36288-a604-4824-b13e-324458aace5e,401103225,198240,2022,fourth_quarter,2023-01-19T14:44:36-05:00,unclear,0.95,agreed,established,1
153619,66ee5195-bfd2-4729-84d8-455af7ab58fb,22883,129738,2022,fourth_quarter,2023-01-19T15:23:47-05:00,unclear,0.95,agreed,established,1
153858,54647ff1-ac20-4a07-b467-7da6cb314636,1433,102615,2022,fourth_quarter,2023-01-19T15:38:58-05:00,unclear,0.95,agreed,established,1
153924,d04814e8-be0e-4958-afe0-20b21f265f0a,1433,102612,2022,fourth_quarter,2023-01-19T15:43:18-05:00,unclear,0.95,agreed,established,1
154670,36478a78-e925-4b7b-8d78-0f1ac5814851,81511,171312,2022,fourth_quarter,2023-01-19T16:50:57-05:00,unclear,0.4,agreed,established,1
154807,12c47bb8-4cfb-410a-8da9-7d4210f8d476,22883,129756,2022,fourth_quarter,2023-01-19T17:01:44-05:00,unclear,0.95,agreed,established,1
155132,7bf10cff-efb7-4526-96b1-980c843ca9c5,400426039,190608,2022,fourth_quarter,2023-01-19T17:31:49-05:00,unclear,0.4,opus,established,1
155230,385c02df-1803-427a-bde0-88f5d6307eb4,400426039,190614,2022,fourth_quarter,2023-01-19T17:41:22-05:00,unclear,0.4,opus,established,1
156067,3a311c73-e007-437d-81dd-539ef764de1b,39941,148807,2022,fourth_quarter,2023-01-19T20:27:50-05:00,relief,0.95,agreed,established,1
156782,3be35a4f-8f4c-4662-b852-a6f41207b613,401104288,205374,2022,fourth_quarter,2023-01-19T23:42:55-05:00,mixed,0.6,opus,established,1
157463,29cc4036-16f9-4b2e-bbcb-65bdc24672ea,401046942,197256,2022,fourth_quarter,2023-01-20T06:58:42-05:00,unclear,0.4,agreed,established,1
158367,59417f62-f5c1-4212-ba6f-0777db0b107e,29846,135234,2022,fourth_quarter,2023-01-20T09:22:49-05:00,relief,0.88,agreed,established,1
158390,f8c19865-91a7-480b-b7a2-8b28101a7b32,29846,135239,2022,fourth_quarter,2023-01-20T09:24:00-05:00,unclear,0.5,agreed,established,1
158661,7879b038-b7a0-4379-a274-9a946135416b,289773,177534,2022,fourth_quarter,2023-01-20T09:41:34-05:00,unclear,0.55,agreed,established,1
159431,873b1a76-0d59-4ac1-ae4d-282fe40fc74b,29846,53782,2022,fourth_quarter,2023-01-20T10:20:26-05:00,relief,0.85,agreed,established,1
159691,6e2680d3-260d-440d-bf0d-f91452deb155,26912,134239,2022,fourth_quarter,2023-01-20T10:31:11-05:00,unclear,0.45,opus,established,1
160151,1632fd1e-1327-4db6-a54e-9834defc27d0,35002,52953,2022,fourth_quarter,2023-01-20T10:49:29-05:00,relief,0.95,agreed,established,1
160827,1edd2490-8ba2-460d-9dd7-1a284beda6fd,28663,134577,2022,fourth_quarter,2023-01-20T11:14:53-05:00,relief,0.95,agreed,established,1
160830,87314122-6aa8-4bea-b347-720e2c1f6211,401103237,198275,2022,fourth_quarter,2023-01-20T11:15:18-05:00,relief,0.92,agreed,established,1
160922,758f49f5-881c-4eb4-9d79-830464c26f71,283696,211867,2022,fourth_quarter,2023-01-20T11:19:48-05:00,relief,0.6,opus,established,1
160966,e5a06bd0-f86e-4d4a-9908-203b4c6bc945,35263,143852,2022,fourth_quarter,2023-01-20T11:20:16-05:00,unclear,0.35,agreed,established,1
161025,7315cd1f-45cd-4a37-a002-d4417b1bfae3,401105784,206899,2022,fourth_quarter,2023-01-20T11:21:40-05:00,unclear,0.5,opus,established,1
161334,6cae57b0-f5c5-422e-931f-f5ac08e86e39,400794388,195349,2022,fourth_quarter,2023-01-20T11:32:16-05:00,unclear,0.55,agreed,established,1
161662,e5566901-36b1-4091-8c9e-4f9fd2ca6523,24123,131484,2022,fourth_quarter,2023-01-20T11:48:35-05:00,unclear,0.45,opus,established,1
161803,b98571c5-e169-4567-83c8-7d069476c2b4,401104718,53582,2022,fourth_quarter,2023-01-20T11:54:12-05:00,unclear,0.95,agreed,established,1
161874,b97a87eb-b011-410a-956e-4700a1c54c4f,25603,204321,2022,fourth_quarter,2023-01-20T11:57:38-05:00,unclear,0.95,agreed,established,1
162161,1ebfc15c-c9ad-4a4f-bf9d-d779a71c14b6,35002,206932,2022,fourth_quarter,2023-01-20T12:09:51-05:00,relief,0.95,agreed,established,1
162188,a15dad37-7e17-41df-9107-b4a48f4e593c,401103552,199512,2022,fourth_quarter,2023-01-20T12:10:31-05:00,unclear,0.35,agreed,established,1
162448,1c0bb23e-08fd-476f-8517-0f719ab2c6d5,24032,131195,2022,fourth_quarter,2023-01-20T12:17:55-05:00,relief,0.85,opus,established,1
162739,c99490b7-e6f7-4b05-b79d-d487d83949fe,401103521,199280,2022,fourth_quarter,2023-01-20T12:25:56-05:00,unclear,0.95,agreed,established,1
162804,177dba79-6f52-4a56-be2c-137038c32348,401103523,199330,2022,fourth_quarter,2023-01-20T12:28:32-05:00,unclear,0.95,agreed,established,1
162960,2a78e087-4e10-4185-963f-9735db4173ac,58055,160433,2022,fourth_quarter,2023-01-20T12:32:53-05:00,relief,0.95,agreed,established,1
163108,e7fb97a9-3a60-4687-a21b-242f5280975c,401106405,213706,2022,fourth_quarter,2023-01-20T12:37:32-05:00,relief,0.95,agreed,established,1
163647,7de60597-3983-4ed6-a106-ab5fca7d9e60,401104313,201390,2022,fourth_quarter,2023-01-20T12:55:51-05:00,unclear,0.95,agreed,established,1
163719,beff4302-a491-4f5e-96eb-5ae383c344ee,401103565,208110,2022,fourth_quarter,2023-01-20T12:58:41-05:00,unclear,0.45,opus,established,1
165258,478d59e4-3a62-4f55-a5a3-f7f81ca91c05,40011087,187711,2022,fourth_quarter,2023-01-20T14:14:13-05:00,unclear,0.5,agreed,established,1
165451,54b409b7-18df-4b58-a51a-873cc77aadd4,66773,163770,2022,fourth_quarter,2023-01-20T14:22:56-05:00,relief,0.7,opus,established,1
165619,b21fa1af-840d-4915-8952-0ba0683f0579,5211,106016,2022,fourth_quarter,2023-01-20T14:29:02-05:00,unclear,0.4,agreed,established,0
165682,ef56e7eb-3683-42f6-bc13-ae85931b3ff2,401103779,200127,2022,fourth_quarter,2023-01-20T14:31:46-05:00,unclear,0.4,agreed,established,1
167251,ae00f64d-c707-4bdc-b2ea-bbab47919e72,290571,177646,2022,fourth_quarter,2023-01-20T15:23:58-05:00,relief,0.7,opus,established,1
167547,84ef9746-82c2-4a94-9721-8d6c54f0c2ef,401105589,205749,2022,fourth_quarter,2023-01-20T15:35:56-05:00,mixed,0.7,opus,established,1
167706,eddc4579-1b44-4801-958f-5552f98b7ff3,16896,122545,2022,fourth_quarter,2023-01-20T15:43:19-05:00,unclear,0.55,agreed,established,1
167830,29818f7e-79d1-4dde-aa89-ccbdbe0bf055,8475,112676,2022,fourth_quarter,2023-01-20T15:48:29-05:00,unclear,0.4,opus,established,0
168253,41ba19f3-0b23-42a0-bd32-655268333c7a,5404,206593,2022,fourth_quarter,2023-01-20T16:04:54-05:00,relief,0.88,agreed,established,1
168267,c81f1725-d0dd-42a9-bac1-c4574784e28d,401106432,213803,2022,fourth_quarter,2023-01-20T16:05:48-05:00,unclear,0.4,agreed,established,1
168715,400ebc2c-64c4-427f-945a-f75cc15286c1,4766,104899,2022,fourth_quarter,2023-01-20T16:22:23-05:00,protection,0.7,opus,established,1
169159,5397b04a-82e0-49db-a95e-c799bdb1065f,401105259,203474,2022,fourth_quarter,2023-01-20T16:41:42-05:00,relief,0.9,agreed,established,1
169590,8eca186d-5874-476e-be09-98623c4262e2,40021,149481,2022,fourth_quarter,2023-01-20T16:55:43-05:00,relief,0.95,agreed,established,1
169803,b5d77124-33ad-4d7c-b20a-29d96e8b006e,401104830,202799,2022,fourth_quarter,2023-01-20T17:01:43-05:00,unclear,0.5,agreed,established,1
170212,b27a4bec-c72f-43fa-858c-00ad6192d690,5632,107401,2022,fourth_quarter,2023-01-20T17:16:17-05:00,monitoring,0.9,agreed,established,1
170573,73845e50-d371-4278-8e26-ced397fe889f,401103897,200355,2022,fourth_quarter,2023-01-20T17:28:34-05:00,relief,0.93,agreed,established,1
171254,80d587f0-3dd8-4561-b48d-d6d0d9cd34a5,1114,101894,2022,fourth_quarter,2023-01-20T18:10:34-05:00,unclear,0.95,agreed,established,0
171266,12e8e707-9898-4437-b287-38ee08501d26,24566,132410,2022,fourth_quarter,2023-01-20T18:10:35-05:00,unclear,0.8,agreed,established,0
171350,6c24adbb-fc41-45d1-9242-a36645b24752,1114,101894,2022,fourth_quarter,2023-01-20T18:14:46-05:00,unclear,0.95,agreed,established,0
171371,72e9220f-7352-4ac5-a003-7662ea0ebf76,56771,159922,2022,fourth_quarter,2023-01-20T18:15:08-05:00,relief,0.92,agreed,established,1
171663,b5d34278-ba23-4770-8464-222fc0909328,401104734,202558,2022,fourth_quarter,2023-01-20T18:38:30-05:00,unclear,0.55,agreed,established,1
172199,a2ec26b9-2f46-4b9a-bae3-b1371fb8b140,401106332,213013,2022,fourth_quarter,2023-01-20T19:51:59-05:00,protection,0.6,opus,established,1
172346,00f73df7-bd3d-4309-b679-14c22a29eedb,400774330,206210,2022,fourth_quarter,2023-01-20T20:12:19-05:00,unclear,0.5,agreed,established,1
172491,4ad426cc-37f3-4dd0-90ba-f2232617178f,401105417,203687,2022,fourth_quarter,2023-01-20T20:31:14-05:00,unclear,0.45,opus,established,1
172514,1dae237b-4e4c-46fa-a569-b2dc935bc743,401105417,203674,2022,fourth_quarter,2023-01-20T20:34:16-05:00,unclear,0.5,opus,established,1
172688,5e7c5f80-d9c0-448f-adf0-15dc5db96a30,401105417,203656,2022,fourth_quarter,2023-01-20T21:03:18-05:00,unclear,0.95,agreed,established,1
172704,793c869c-a8c5-44f2-8c00-5724fe16b8b9,401105417,205635,2022,fourth_quarter,2023-01-20T21:04:18-05:00,unclear,0.95,agreed,established,1
172761,96fa3b24-3431-49fd-a54f-e1c4491726f4,401105417,203664,2022,fourth_quarter,2023-01-20T21:11:20-05:00,unclear,0.5,agreed,established,1
172880,1d886c4a-d2b9-41cf-b800-4f497477e91e,400412950,190379,2022,fourth_quarter,2023-01-20T21:26:04-05:00,unclear,0.4,agreed,established,1
173764,24e89a67-2fb8-4085-aac5-eb5696259ee2,30393,135816,2022,fourth_quarter,2023-01-21T16:09:27-05:00,relief,0.95,agreed,established,1
174299,659f6428-13b9-4ace-9931-d9e665a9c571,298091,179910,2022,fourth_quarter,2023-01-23T09:39:22-05:00,relief,0.8,opus,established,1
175030,b86eb643-7e06-4ebe-b2c5-a5ae71ed8503,27833,134460,2022,fourth_quarter,2023-01-24T14:56:46-05:00,relief,0.7,opus,established,1
175260,211d664d-05bd-4681-9b5c-49898f505eae,37538,146406,2022,fourth_quarter,2023-01-26T12:50:06-05:00,unclear,0.4,agreed,established,1
175732,c152368d-21e7-4d9c-9268-1f27dcc06a96,36366,145446,2022,fourth_quarter,2023-01-30T12:48:36-05:00,unclear,0.4,agreed,established,1
175936,46f5c10b-a2a4-415f-85bf-bcb834e0e71f,401104177,200894,2022,fourth_quarter,2023-01-31T10:06:41-05:00,unclear,0.4,agreed,established,1
176164,bf57bfc0-887c-47cb-92d4-3f6ced88a7b2,400287370,188909,2022,fourth_quarter,2023-02-02T13:03:42-05:00,unclear,0.45,opus,established,1
176400,eea5ff4e-0ca1-478d-b332-a773c2259828,291594,177806,2022,fourth_quarter,2023-02-06T12:22:10-05:00,relief,0.85,opus,established,1
176451,3cf93466-aa44-4b0e-9028-754e9c60759a,81054,171061,2022,fourth_quarter,2023-02-06T13:02:13-05:00,protection,0.95,opus,established,1
176643,ca554186-b004-4342-910c-510536168d98,401103817,200195,2022,fourth_quarter,2023-02-06T16:46:19-05:00,mixed,0.8,opus,established,1
176817,a99b85fc-b7d2-4064-a730-e9673c38338d,400488400,191690,2022,fourth_quarter,2023-02-07T13:33:33-05:00,unclear,0.5,agreed,established,1
177135,9259054c-4d17-4bf6-9b65-817482d66c30,400359656,189550,2022,fourth_quarter,2023-02-10T14:00:57-05:00,relief,0.88,agreed,established,1
177145,217819db-dd7a-4d8d-9fd5-3d873d42f768,400359656,189552,2022,fourth_quarter,2023-02-10T14:16:05-05:00,relief,0.9,agreed,established,1
177372,9966eab8-9df0-4e24-8b14-64f762432727,7975,111010,2022,second_quarter,2023-02-15T14:07:28-05:00,unclear,0.4,agreed,established,1
177374,9f7f0d52-040c-4c2b-b996-1c801753ce8a,7975,111010,2022,third_quarter,2023-02-15T14:13:33-05:00,unclear,0.4,agreed,established,1
177808,218308b5-0476-4fe2-b76b-2dc9ae657631,45766,153749,2022,fourth_quarter,2023-02-21T11:36:46-05:00,unclear,0.4,agreed,established,1
179101,feaa0e0e-694e-48e0-807c-50ce3a05bb35,1114,101894,2022,first_quarter,2023-04-19T16:12:44-04:00,unclear,0.95,agreed,established,1
179118,f2b7cc7f-1b8b-48e0-b12d-e09170234aaa,1114,101894,2022,second_quarter,2023-04-19T16:15:13-04:00,unclear,0.95,agreed,established,1
179133,ca9fbfd8-a567-45f7-b091-4d6b522fae90,1114,101894,2022,third_quarter,2023-04-19T16:16:54-04:00,unclear,0.95,agreed,established,0
179155,bcb6ee09-d107-496f-927d-47fb4feaa65e,1114,101894,2022,fourth_quarter,2023-04-19T16:18:33-04:00,unclear,0.95,agreed,established,0
179227,4bde0093-9c20-4612-bdcc-7c6f19be3b49,316057,52693,2022,fourth_quarter,2023-04-20T10:38:02-04:00,unclear,0.8,agreed,established,1
179420,911f71a5-5944-4b54-9a97-e7156b017863,31417,138240,2022,second_quarter,2023-04-24T17:32:45-04:00,unclear,0.5,agreed,established,1
179495,3c805cfc-305b-474a-966b-37063196005e,1114,101894,2022,fourth_quarter,2023-05-03T09:17:10-04:00,unclear,0.95,agreed,established,1
179594,a64b9f0c-7a7d-4013-b026-7a1560803fc4,1114,101894,2022,third_quarter,2023-05-04T11:48:56-04:00,unclear,0.95,agreed,established,1
179930,b6276a2f-d566-4154-9cfb-1a0b555075a3,8475,112676,2022,first_quarter,2023-05-23T16:46:55-04:00,unclear,0.4,opus,established,1
179938,6ada1aa3-3114-4107-8b80-8e80fe64679f,8475,112676,2022,fourth_quarter,2023-05-23T16:49:39-04:00,unclear,0.4,opus,established,1
180455,51472320-69bf-4d4f-b8b1-d4910d08246e,91717,174742,2022,third_quarter,2023-08-07T14:42:11-04:00,relief,0.95,agreed,established,1
180465,652f8539-9cf7-4e6f-a6ad-8ea32b20fffb,91717,174742,2022,fourth_quarter,2023-08-07T15:08:36-04:00,relief,0.95,agreed,established,1
180484,2c6c45c6-43e5-4dd0-be59-f6e3ee2f4500,24566,132410,2022,fourth_quarter,2023-08-09T15:20:33-04:00,unclear,0.8,agreed,established,1
180528,f6a86013-cde8-4d18-908f-c452e0d66777,5211,106016,2022,fourth_quarter,2023-08-18T13:53:04-04:00,unclear,0.4,agreed,established,1
180840,7417b07b-19ee-4513-bbd7-72ad1c13630b,556,100441,2022,second_quarter,2023-10-16T12:54:27-04:00,unclear,0.55,agreed,established,1
180915,6d218e66-e67b-4942-b98e-7621f33578fc,7975,111010,2022,fourth_quarter,2023-10-18T20:11:39-04:00,unclear,0.4,agreed,established,1
181762,8a9671fb-1070-4d18-9c94-d6a5a839bf52,4868,104909,2022,third_quarter,2024-10-28T18:36:22-04:00,unclear,0.5,agreed,established,1
181770,04453f79-5e96-47b1-8e2e-f42b27ed6ce6,4868,104909,2022,first_quarter,2024-10-28T18:39:59-04:00,unclear,0.5,agreed,established,1
181986,7e3991a7-5e8a-40c0-9763-126084113420,401103903,200360,2022,first_quarter,2026-01-12T18:54:23-05:00,relief,0.82,agreed,established,0
181990,c28fa903-5029-44b2-8eb7-7bb969cc0d79,401103903,200360,2022,second_quarter,2026-01-12T18:58:25-05:00,relief,0.82,agreed,established,0
181994,9f93c95e-6fe7-43e8-86ea-c41f26c568e3,401103903,200360,2022,third_quarter,2026-01-12T19:01:00-05:00,relief,0.82,agreed,established,0
181998,09a15e7f-50ec-46e2-ba63-db9e155ba0dd,401103903,200360,2022,fourth_quarter,2026-01-12T19:03:47-05:00,relief,0.82,agreed,established,0
182011,5e2a1c9f-93b8-4a4e-983b-90ac5e847832,401103903,200360,2022,first_quarter,2026-01-30T18:59:55-05:00,relief,0.82,agreed,established,1
182015,98e1e54d-f063-4c7c-b17c-9fc18a9a244b,401103903,200360,2022,second_quarter,2026-01-30T19:04:21-05:00,relief,0.82,agreed,established,1
182019,5303e445-eb31-4804-8399-d633410ca560,401103903,200360,2022,third_quarter,2026-01-30T19:08:46-05:00,relief,0.82,agreed,established,1
182023,56fff007-c60d-46a3-be12-3504b2fe6cc8,401103903,200360,2022,fourth_quarter,2026-01-30T19:12:21-05:00,relief,0.82,agreed,established,1
182079,99dcf5da-4c56-499b-973a-bf67e20354ba,401107126,53829,2023,first_quarter,2023-01-06T10:40:11-05:00,unclear,0.95,agreed,established,0
182124,05c20c8d-94c0-4246-a090-ac47abf3ad0e,401107219,53867,2023,first_quarter,2023-01-10T15:13:40-05:00,unclear,0.95,agreed,unknown,1
182499,d31aae58-c919-494d-86c2-389a6dc3943a,6325,54224,2023,first_quarter,2023-02-01T16:59:36-05:00,relief,0.9,agreed,established,0
182730,b8d6c0a7-b0c1-4ce8-a03a-2853035a71db,287394,54349,2023,first_quarter,2023-02-10T14:27:41-05:00,unclear,0.95,agreed,established,0
182731,008727fa-2b52-4e76-8c58-cc038278e187,287394,54350,2023,first_quarter,2023-02-10T14:34:01-05:00,unclear,0.95,agreed,established,0
182732,521d6cb4-0b1e-4444-84a2-4ca7ae5c7aa1,287394,54351,2023,first_quarter,2023-02-10T14:40:56-05:00,unclear,0.95,agreed,established,0
182849,00e6052a-de31-46a5-8cc0-64b147b05c02,287394,208530,2023,first_quarter,2023-02-15T12:41:32-05:00,unclear,0.95,agreed,established,0
182969,6374fccd-c57c-44d6-bbf3-0bcd2fb66bcd,401107297,54482,2023,first_quarter,2023-02-22T16:55:54-05:00,unclear,0.55,agreed,established,1
183643,cc43a6c1-f79b-4fef-a536-ce9f88698556,401107313,54755,2023,first_quarter,2023-03-17T11:49:20-04:00,unclear,0.8,agreed,unknown,1
184298,7e320d64-df61-4c9d-b181-66e963933ae0,40006037,187506,2023,first_quarter,2023-03-31T15:50:57-04:00,relief,0.95,agreed,established,1
184510,75935c30-a7b7-450f-be24-fb782b5fe873,314432,184995,2023,first_quarter,2023-04-03T12:55:47-04:00,unclear,0.45,opus,established,1
185087,c4e800b7-1cc5-444e-9658-521fad60cb95,24486,212498,2023,first_quarter,2023-04-05T14:51:28-04:00,unclear,0.55,agreed,established,1
185394,4def3fe1-acb2-4d44-a83a-8ee16d4986e9,28504,134535,2023,first_quarter,2023-04-06T13:14:29-04:00,relief,0.95,agreed,established,1
186202,31ba0353-5164-498b-8c49-1f050f7d4193,401103903,200360,2023,first_quarter,2023-04-10T11:06:41-04:00,relief,0.82,agreed,established,0
186374,34306e0c-2a6a-4e76-87b7-00195b7a97a0,401104830,202799,2023,first_quarter,2023-04-10T13:58:22-04:00,unclear,0.95,agreed,established,1
186489,da334a53-4d74-4774-92c6-7deeafb20c2c,401104718,55076,2023,second_quarter,2023-04-10T15:18:18-04:00,unclear,0.95,agreed,established,0
186492,65c431fa-ae3a-46d6-87ef-8c225aaec850,401104718,53582,2023,first_quarter,2023-04-10T15:20:49-04:00,unclear,0.95,agreed,established,1
186559,3662e45d-7ffa-40ee-a832-ff7207bcc5b0,401104955,202976,2023,first_quarter,2023-04-10T16:51:31-04:00,unclear,0.45,opus,established,1
186590,369c6640-bde8-466e-9055-9ba2890142bc,285871,176177,2023,first_quarter,2023-04-10T17:22:19-04:00,unclear,0.5,agreed,established,1
186914,367f82d7-0e1c-40a6-afa4-1a9a9f7ea133,401104738,211893,2023,first_quarter,2023-04-11T12:00:07-04:00,unclear,0.5,agreed,established,1
186999,bc5c25ca-5550-422a-8ecf-bf32fc72f24c,400661993,210126,2023,first_quarter,2023-04-11T13:25:42-04:00,unclear,0.5,agreed,established,1
187420,a877df10-64b0-40ce-a037-156785cfc990,7975,111010,2023,first_quarter,2023-04-12T09:10:09-04:00,unclear,0.4,agreed,established,1
189289,a23d1f51-51bc-43ac-bf02-c8cfb8628823,4766,104899,2023,first_quarter,2023-04-14T11:56:53-04:00,protection,0.7,opus,established,1
189821,0e14356e-b7df-44a2-882d-338832d39638,400408933,190355,2023,first_quarter,2023-04-15T09:21:09-04:00,relief,0.8,agreed,established,1
190526,eac1a994-221a-498e-915a-8a31e9239103,24123,131484,2023,first_quarter,2023-04-17T09:42:59-04:00,unclear,0.45,opus,established,1
192530,e0d799a6-840e-41cd-b658-e67bf91b6428,55792,159864,2023,first_quarter,2023-04-17T17:08:46-04:00,unclear,0.95,agreed,established,1
192782,b14f4226-68ef-4a35-b1b8-3cb7d9bc1397,46038,50832,2023,first_quarter,2023-04-17T20:45:36-04:00,unclear,0.95,agreed,established,1
193920,2fa16abd-38eb-4fa7-aaf3-e1eaad9da535,22883,129729,2023,first_quarter,2023-04-18T12:14:38-04:00,unclear,0.95,agreed,established,1
194595,d9e88a3d-9f7a-421b-9d3d-5beab87ca7b9,39941,148807,2023,first_quarter,2023-04-18T14:41:40-04:00,relief,0.95,agreed,established,1
194651,8c5aadbf-0c8e-4aa9-ab28-2717932fbda7,22883,129738,2023,first_quarter,2023-04-18T14:53:53-04:00,unclear,0.95,agreed,established,1
195273,7aa27c1d-434b-4d7e-92ff-f7775382a31f,401106937,52959,2023,first_quarter,2023-04-18T16:35:07-04:00,unclear,0.5,agreed,established,1
195471,97580611-4aab-4ce2-bb0b-24974ed66593,57338,159975,2023,first_quarter,2023-04-18T17:03:52-04:00,relief,0.97,agreed,established,1
196008,78de6a22-4f0f-42e2-a80b-d603d7e5ffe0,22883,129756,2023,first_quarter,2023-04-18T20:32:11-04:00,unclear,0.95,agreed,established,1
196315,cb784281-4e09-4d9a-a528-f91453666c85,35002,52953,2023,first_quarter,2023-04-19T01:34:04-04:00,relief,0.95,agreed,established,1
196419,315069bc-2bc3-4070-9dfe-ab3e47198c34,401107047,53455,2023,first_quarter,2023-04-19T08:16:31-04:00,unclear,0.5,agreed,established,1
196573,7443f932-207c-459f-b6b1-264c558c1524,58055,160433,2023,first_quarter,2023-04-19T09:15:53-04:00,relief,0.95,agreed,established,1
196787,1c74b485-5ac9-43da-a072-2289c9aa7618,39837,148617,2023,first_quarter,2023-04-19T09:49:04-04:00,relief,0.6,opus,established,1
197302,f9461678-2ec9-4c41-96d4-06e81348a6e7,283696,209165,2023,first_quarter,2023-04-19T10:34:41-04:00,unclear,0.55,agreed,established,1
197649,01aff28f-0a31-45a7-8f7f-d22da84a8bb7,401106405,213706,2023,first_quarter,2023-04-19T10:59:23-04:00,relief,0.95,agreed,established,1
197964,e16d07b7-0e93-4e27-b198-aa0deda4a91d,35002,206932,2023,first_quarter,2023-04-19T11:27:46-04:00,relief,0.95,agreed,established,1
198706,36ecb386-afdd-49d3-a777-00da6b47942a,401103524,199384,2023,first_quarter,2023-04-19T12:41:24-04:00,relief,0.95,agreed,established,1
198778,8a754a41-84e1-4b77-a8c1-83b84fa3843b,49635,156506,2023,first_quarter,2023-04-19T12:49:44-04:00,unclear,0.45,opus,established,1
199025,9897d108-f93c-48bc-9eef-c250b9349cf2,35230,143841,2023,first_quarter,2023-04-19T13:16:31-04:00,unclear,0.5,agreed,established,1
199741,bc255e33-69c3-40f7-a10f-0aec8ca11311,400426039,190608,2023,first_quarter,2023-04-19T14:22:24-04:00,unclear,0.95,agreed,established,1
199974,5f7df55c-6fe7-447b-81f8-aedd0ccad52e,400426039,190614,2023,first_quarter,2023-04-19T14:39:29-04:00,unclear,0.95,agreed,established,1
200016,67e1848a-b9f7-44fa-85c8-0dbbc7746e78,1433,102615,2023,first_quarter,2023-04-19T14:42:57-04:00,relief,0.7,opus,established,1
200083,b5f39a4c-7311-400b-b013-c22323e8e2d5,1433,102612,2023,first_quarter,2023-04-19T14:47:54-04:00,relief,0.7,opus,established,1
200145,c43c2afb-b297-4090-a5db-57fb1545af16,401103471,53288,2023,first_quarter,2023-04-19T14:54:53-04:00,unclear,0.4,agreed,established,1
200622,a68dcdd4-fe87-4473-9712-d2e121f1e1c7,283696,211867,2023,first_quarter,2023-04-19T15:35:11-04:00,relief,0.6,opus,established,1
201459,442193fb-6ae8-4562-903f-cb058e6af40d,401104734,202558,2023,first_quarter,2023-04-19T16:27:18-04:00,unclear,0.55,agreed,established,1
202011,8620fdcc-22ee-4650-83ec-4658ee3e0a98,401103817,200195,2023,first_quarter,2023-04-19T17:28:45-04:00,mixed,0.8,opus,established,1
202464,391a9caa-5598-4c05-916a-874a86ff0e7d,401103565,208110,2023,first_quarter,2023-04-19T18:15:13-04:00,unclear,0.95,agreed,established,1
203464,ec368731-2218-40a6-8d29-58c8de226355,287394,208491,2023,first_quarter,2023-04-19T22:26:06-04:00,unclear,0.95,agreed,established,1
203469,ba7e1c25-46f6-4bc2-ae79-43d3906168ec,287394,208492,2023,first_quarter,2023-04-19T22:29:01-04:00,unclear,0.95,agreed,established,1
203475,6c9ded6f-e30f-42d6-a865-341e37b88e4a,287394,208530,2023,first_quarter,2023-04-19T22:32:40-04:00,unclear,0.95,agreed,established,1
203505,3d62bff9-75f4-4325-b5d1-0e4b80ccbde4,287394,208563,2023,first_quarter,2023-04-19T22:35:40-04:00,unclear,0.95,agreed,established,1
203572,77c2503b-e505-431c-915b-1179fbbb7e47,287394,54349,2023,first_quarter,2023-04-19T23:06:31-04:00,unclear,0.95,agreed,established,1
203573,cd548eb0-8a06-4170-96a5-58efa698b8ff,287394,54350,2023,first_quarter,2023-04-19T23:08:00-04:00,unclear,0.95,agreed,established,1
203574,2cc0e922-6a88-44a9-a2e2-0fd27b3f8afb,287394,54351,2023,first_quarter,2023-04-19T23:09:09-04:00,unclear,0.95,agreed,established,1
203596,800ee8d3-44bd-457a-a8dc-6e9ed8cb7b32,24566,132410,2023,first_quarter,2023-04-19T23:24:06-04:00,unclear,0.85,agreed,established,0
203956,b20a1ba7-b1fc-4a07-a364-663faa80577c,401104288,205374,2023,first_quarter,2023-04-20T06:23:02-04:00,mixed,0.6,opus,established,1
204683,4e47e9a6-4ab0-4d37-a078-7ef3d9914493,29846,135234,2023,first_quarter,2023-04-20T09:10:33-04:00,relief,0.88,agreed,established,1
204705,6039efbc-1a71-45a8-a57d-decd3fb82371,29846,135239,2023,first_quarter,2023-04-20T09:11:55-04:00,unclear,0.5,agreed,established,1
205019,f297b148-4f5d-4eef-be84-5313bcc67308,29846,53782,2023,first_quarter,2023-04-20T09:30:06-04:00,relief,0.85,agreed,established,1
205295,21b8cd2f-ed27-450b-b213-15cca5600b67,40021,149481,2023,first_quarter,2023-04-20T09:49:56-04:00,relief,0.95,agreed,established,1
205323,54dc9420-ef68-43fb-9547-fd010e6118a8,401103218,198214,2023,first_quarter,2023-04-20T09:51:37-04:00,unclear,0.55,agreed,established,1
205745,33caed5c-7e34-4af1-886d-4a6194b00ca7,26912,134239,2023,first_quarter,2023-04-20T10:12:04-04:00,unclear,0.45,opus,established,1
206005,9b46fb0a-ba97-4ae5-9c7a-c1062a1eff69,400942717,196304,2023,first_quarter,2023-04-20T10:24:27-04:00,unclear,0.4,agreed,established,1
209006,7d998b66-5282-4b08-80e0-0a073c5863a2,45937,153798,2023,first_quarter,2023-04-20T12:21:46-04:00,unclear,0.45,opus,established,1
209434,f86cc55f-76d6-4496-bda0-99facffc089b,16896,122545,2023,first_quarter,2023-04-20T12:35:47-04:00,unclear,0.55,agreed,established,1
209517,f3f7476c-08d5-439c-97ff-b7cab24ded12,6325,54224,2023,first_quarter,2023-04-20T12:39:55-04:00,relief,0.85,opus,established,1
209572,7d1f48a6-50c9-4d87-9188-c102d4f50b42,56771,159922,2023,first_quarter,2023-04-20T12:41:48-04:00,relief,0.92,agreed,established,1
209743,6588f4c2-253e-415a-ad3b-b6c9ad04a74b,401046942,197256,2023,first_quarter,2023-04-20T12:48:05-04:00,unclear,0.4,agreed,established,1
210366,366c478e-aa2e-47aa-96cb-3fc692e47587,81511,171312,2023,first_quarter,2023-04-20T13:09:38-04:00,unclear,0.4,agreed,established,1
210570,f5396168-c01c-4ddc-bab3-519b6d09911f,24032,131195,2023,first_quarter,2023-04-20T13:17:04-04:00,relief,0.85,opus,established,1
210932,fd6bbd78-d5e8-409b-81dd-b630b775404e,401105259,203474,2023,first_quarter,2023-04-20T13:31:16-04:00,relief,0.85,agreed,established,1
211324,53088517-270a-43f1-a884-a291383fd290,35263,143852,2023,first_quarter,2023-04-20T13:43:09-04:00,unclear,0.35,agreed,established,1
211520,fbd2134b-e410-4d1c-9912-a52de6801003,13370,118930,2023,first_quarter,2023-04-20T13:49:13-04:00,unclear,0.95,agreed,established,1
211882,d9bf947c-a9f2-4410-b526-e046e195804f,401104313,201390,2023,first_quarter,2023-04-20T14:02:54-04:00,unclear,0.95,agreed,established,1
211918,8bbb4a0f-8dad-410f-83e8-c36f11686d84,401105417,203687,2023,first_quarter,2023-04-20T14:03:40-04:00,unclear,0.4,opus,established,1
212783,7d7e9b8b-79fc-489a-9362-f8f82d59dc75,401105417,203674,2023,first_quarter,2023-04-20T14:36:45-04:00,unclear,0.5,opus,established,1
213770,8909a03a-a8c0-4dc9-859e-c4c2f9b258ad,401104010,200631,2023,first_quarter,2023-04-20T15:22:07-04:00,unclear,0.5,agreed,established,1
214190,07f51df1-1fba-43c9-9b3e-a5d9f2d9c8ec,5632,107401,2023,first_quarter,2023-04-20T15:36:05-04:00,monitoring,0.85,agreed,established,1
214581,66ecedb6-8ada-40c3-b48d-e8e485263712,30393,135816,2023,first_quarter,2023-04-20T15:50:29-04:00,relief,0.95,agreed,established,1
214607,726ea87e-7af5-44c9-bfce-cac8c94cfb23,66773,163770,2023,first_quarter,2023-04-20T15:51:48-04:00,relief,0.7,opus,established,1
214721,814cb6cb-68c3-46f8-8b18-d6c6186bc9ae,401105589,205749,2023,first_quarter,2023-04-20T15:55:27-04:00,mixed,0.8,opus,established,0
215094,3f982582-750f-4417-b0e2-cdd5b0e561de,401105589,205749,2023,first_quarter,2023-04-20T16:10:08-04:00,mixed,0.8,opus,established,1
215237,4b5a57bd-8971-43b9-b648-e193904cfadd,556,100441,2023,first_quarter,2023-04-20T16:14:04-04:00,unclear,0.55,agreed,established,1
216532,cbbfffe9-4741-4231-9308-250ec34d3872,5404,206593,2023,first_quarter,2023-04-20T17:04:09-04:00,relief,0.9,agreed,established,1
217535,1b08c180-815a-424f-a837-125b73a44656,8475,112676,2023,first_quarter,2023-04-20T17:41:28-04:00,unclear,0.4,opus,established,0
218089,7caa7d4c-7fc2-4058-bf5f-1cf36828f057,317311,186004,2023,first_quarter,2023-04-20T18:14:36-04:00,unclear,0.45,opus,established,1
218175,3a3171a7-f629-40b1-b4b8-33b742044e01,400794388,195349,2023,first_quarter,2023-04-20T18:22:54-04:00,unclear,0.55,agreed,established,1
218200,bfc34147-358c-4956-9073-f565d84aa1aa,401054971,212971,2023,first_quarter,2023-04-20T18:24:36-04:00,relief,0.8,opus,established,1
219553,2e63cbb1-32b8-46e5-8b64-7c15c2e06559,400412950,190379,2023,first_quarter,2023-04-20T20:48:52-04:00,unclear,0.4,agreed,established,1
220189,1b2354f8-fef6-4024-a29b-5ddd903f5061,401106132,55539,2023,first_quarter,2023-04-20T22:01:01-04:00,unclear,0.95,agreed,established,0
220791,680df865-9d3d-4425-bfb9-4999018fec89,290571,177646,2023,first_quarter,2023-04-20T23:20:08-04:00,unclear,0.45,opus,established,1
220808,a814248e-1eed-4843-8432-3e7c1da000b9,401103897,200355,2023,first_quarter,2023-04-20T23:22:09-04:00,relief,0.95,agreed,established,1
220831,be437695-032c-4b8c-b452-cda9fae82ac3,27833,134460,2023,first_quarter,2023-04-20T23:25:51-04:00,relief,0.7,opus,established,1
221192,ea8d6219-f2a9-4f0b-b4b3-b1881ddb69c8,28663,134577,2023,first_quarter,2023-04-21T07:11:41-04:00,relief,0.95,agreed,established,1
221269,0e490c43-bad3-457a-8e7e-5945cec43baf,298091,179910,2023,first_quarter,2023-04-21T09:24:37-04:00,relief,0.8,opus,established,1
221377,8155edc8-c833-47d6-a8dc-73cc8c4e8290,401106132,55539,2023,first_quarter,2023-04-21T11:15:27-04:00,unclear,0.95,agreed,established,1
222560,07853b06-7ff2-4c3a-896f-27d5b1746c7b,401103521,199280,2023,first_quarter,2023-04-25T14:20:22-04:00,unclear,0.95,agreed,established,1
223346,3dbb33e3-a9ad-49ab-848b-7e7498afc4cd,37538,146406,2023,first_quarter,2023-05-01T12:50:50-04:00,unclear,0.45,opus,established,1
223833,0679c30a-12e6-49de-a127-59b1ec6b6276,400287370,188909,2023,first_quarter,2023-05-03T12:29:33-04:00,unclear,0.45,opus,established,1
224457,6b5b2ca7-718a-49c1-8436-3ff6eff2bc9d,291594,177806,2023,first_quarter,2023-05-05T10:38:18-04:00,unclear,0.8,agreed,established,1
224920,176dc5fd-3218-455a-8bb7-f16b4f5f50f4,401103237,198275,2023,first_quarter,2023-05-09T16:31:41-04:00,relief,0.92,agreed,established,1
225289,d11e2641-c112-47f2-b01a-d0dc280a190e,400359656,189550,2023,first_quarter,2023-05-15T17:26:47-04:00,relief,0.9,agreed,established,1
225297,3a1e8531-9f70-4e0b-bccc-af6991e293c7,400359656,189552,2023,first_quarter,2023-05-15T17:37:09-04:00,relief,0.9,agreed,established,1
225380,4a3af695-06dd-4d3b-a423-108dcbbbf861,81054,171061,2023,first_quarter,2023-05-17T13:42:55-04:00,protection,0.95,opus,established,1
225956,f5cd3db4-542d-404a-83b5-5cc4a562aaef,36366,145446,2023,first_quarter,2023-05-26T14:24:21-04:00,unclear,0.4,agreed,established,1
227166,68f7ac63-8215-43e2-88f5-3b47c8df2b9b,304315,56119,2023,second_quarter,2023-06-19T14:36:16-04:00,unclear,0.8,agreed,unknown,1
227287,63d815c8-5f8f-4e83-b8b3-5d8754539a88,314432,184995,2023,second_quarter,2023-06-26T09:28:08-04:00,unclear,0.45,opus,established,1
227502,31e87434-4f68-492e-8a60-9e7051107c28,40006037,187506,2023,second_quarter,2023-06-29T12:36:44-04:00,relief,0.95,agreed,established,1
227757,fd9f39a4-a00e-4e77-9469-a1b7315f849b,39837,148617,2023,second_quarter,2023-07-03T09:14:44-04:00,relief,0.6,opus,established,1
227776,edcbd442-5450-4c35-97ea-d94d849d219f,401104209,205334,2023,second_quarter,2023-07-03T10:12:10-04:00,unclear,0.9,agreed,established,1
230140,9c2b499e-0d98-4cc9-a7e8-b3a8ff46462d,400661993,210126,2023,second_quarter,2023-07-11T11:01:50-04:00,unclear,0.5,agreed,established,1
230577,b053b5f3-80c0-40e9-92f2-8a7242732cbb,401103903,200360,2023,second_quarter,2023-07-11T17:03:56-04:00,relief,0.82,agreed,established,0
230583,569caf28-c598-4b6e-a8c2-5ed64ea3d2c6,7975,111010,2023,second_quarter,2023-07-11T17:21:01-04:00,unclear,0.4,agreed,established,1
231221,7c09bd2d-2a79-4f9b-918b-f62eed1054f7,401106937,52959,2023,second_quarter,2023-07-12T15:48:04-04:00,unclear,0.5,agreed,established,1
232220,087c03bd-a19a-4d84-bae1-0b0f5b2e1b36,63017,52644,2023,second_quarter,2023-07-13T14:11:53-04:00,relief,0.95,agreed,established,0
232779,44893000-8848-4cda-a388-bf614fa967e9,400408933,190355,2023,second_quarter,2023-07-13T20:20:09-04:00,relief,0.8,agreed,established,1
233838,585e2c0e-d1b7-43eb-9dfe-928b97ca7ef1,57338,159975,2023,second_quarter,2023-07-14T16:19:39-04:00,relief,0.97,agreed,established,1
235875,fce02c7f-1a91-48aa-8a51-99fef8385c7f,28504,134535,2023,second_quarter,2023-07-17T11:27:29-04:00,relief,0.95,agreed,established,1
236356,fa77c468-5c64-4373-93f0-f4e2f944291b,55792,159864,2023,second_quarter,2023-07-17T13:53:08-04:00,unclear,0.95,agreed,established,1
236400,0fd7a4b1-f282-45d2-a560-580748b5f24d,19720,126390,2023,second_quarter,2023-07-17T14:03:28-04:00,protection,0.5,opus,established,1
236935,16ed3029-7490-44d2-bb16-44bf74b760a1,401103524,199384,2023,second_quarter,2023-07-17T15:39:54-04:00,relief,0.95,agreed,established,1
239375,b418d59b-d8cd-4cf9-871a-b50fd438ca73,5506,107350,2023,second_quarter,2023-07-18T13:22:35-04:00,relief,0.95,agreed,established,1
239846,e5a3ab20-bc5d-44d9-ac02-3c25bf7f3442,401104955,202976,2023,second_quarter,2023-07-18T14:35:42-04:00,unclear,0.45,opus,established,1
239952,28ced4f2-67b4-401f-b7d8-b145027216e7,81511,171312,2023,second_quarter,2023-07-18T14:48:14-04:00,unclear,0.4,agreed,established,1
241253,409125df-68f7-488f-afe7-8fe97ef0ba3e,287394,208491,2023,second_quarter,2023-07-18T20:48:00-04:00,unclear,0.95,agreed,established,1
241264,bd4e2f79-1860-4351-b453-cc24e8096731,287394,208530,2023,second_quarter,2023-07-18T20:52:11-04:00,unclear,0.95,agreed,established,1
241267,5de5cecb-c4be-401a-88ea-ec1aa284cd9c,287394,208563,2023,second_quarter,2023-07-18T20:55:11-04:00,unclear,0.95,agreed,established,1
241340,c7e5d823-88e7-4ec1-9560-47304860f75b,287394,54349,2023,second_quarter,2023-07-18T21:15:21-04:00,unclear,0.95,agreed,established,1
241346,08dac63f-5705-4710-b4ba-25eb8590d406,287394,54350,2023,second_quarter,2023-07-18T21:16:33-04:00,unclear,0.95,agreed,established,1
241353,d6c24163-f367-4587-930e-a6d2b2ba4706,287394,54351,2023,second_quarter,2023-07-18T21:18:59-04:00,unclear,0.95,agreed,established,1
242272,23a861ed-1e7a-4e82-9d89-591366f146f2,401104734,202558,2023,second_quarter,2023-07-19T08:59:09-04:00,unclear,0.55,agreed,established,1
242613,6a53b11e-d1c7-4a23-86b5-31c253d83bdf,24123,131484,2023,second_quarter,2023-07-19T10:07:05-04:00,unclear,0.45,opus,established,1
243425,0a6a4be9-03df-46fc-9351-e0369fe702ef,45937,153798,2023,second_quarter,2023-07-19T11:20:23-04:00,unclear,0.6,agreed,established,1
243620,c543dcb4-bd6f-4aed-ada6-a20577583704,401107047,53455,2023,second_quarter,2023-07-19T11:35:43-04:00,unclear,0.5,agreed,established,1
244079,ff4d433f-7dd3-4aa8-a7e3-686408e3f841,401104718,55076,2023,second_quarter,2023-07-19T12:22:55-04:00,unclear,0.95,agreed,established,1
245014,773d73bd-cfd2-42fd-bf68-1a8ff50a5129,401104830,202799,2023,second_quarter,2023-07-19T14:10:50-04:00,unclear,0.95,agreed,established,1
245253,957aeec2-aad4-49f0-8679-e5eed6346983,556,100441,2023,second_quarter,2023-07-19T14:27:44-04:00,unclear,0.55,agreed,established,1
245436,587beb83-5fa4-41c6-9825-4f1bcc928631,401104010,200631,2023,second_quarter,2023-07-19T14:38:23-04:00,unclear,0.5,agreed,established,1
245777,0e2208e9-2784-4177-a2c3-0cd235fe9f06,49635,156506,2023,second_quarter,2023-07-19T14:58:05-04:00,unclear,0.45,opus,established,1
246283,1dc66f30-a557-49c7-bb44-1740d785cf6e,401103817,200195,2023,second_quarter,2023-07-19T15:32:38-04:00,mixed,0.8,opus,established,1
246557,9ed3a9ba-65ee-4232-91c5-681496a1bdac,401103565,208110,2023,second_quarter,2023-07-19T15:46:11-04:00,unclear,0.95,agreed,established,1
246706,141fe50e-4117-473c-bdb1-5030b5e5440f,35230,143841,2023,second_quarter,2023-07-19T16:00:20-04:00,unclear,0.5,agreed,established,1
246769,f8c001c6-2646-4add-aa36-f8eaf9511de2,400426039,190608,2023,second_quarter,2023-07-19T16:04:22-04:00,unclear,0.95,agreed,established,1
246866,f2c4b722-9693-4aa8-83d8-a6d92c753559,283696,211867,2023,second_quarter,2023-07-19T16:10:26-04:00,relief,0.6,opus,established,1
248185,ab804670-7fba-4980-b6dc-0add72a50f3d,400942717,196304,2023,second_quarter,2023-07-19T18:34:17-04:00,unclear,0.4,agreed,established,1
249261,594cc222-ac41-4d8a-b10f-013ce7f33b80,22883,129729,2023,second_quarter,2023-07-19T22:24:02-04:00,unclear,0.95,agreed,established,1
249432,a1958174-d1d8-43c1-a00a-9f2fdbe2ea36,401104288,205374,2023,second_quarter,2023-07-19T23:15:57-04:00,mixed,0.6,opus,established,1
249559,6fd685cb-2361-430f-bfad-054be0ef2b22,401103471,53288,2023,second_quarter,2023-07-19T23:52:39-04:00,unclear,0.4,agreed,established,1
249927,e5cbc02c-6d83-4b68-aac8-75a7f8e7b2c5,5404,206593,2023,second_quarter,2023-07-20T05:59:36-04:00,relief,0.9,agreed,established,1
250289,a4bf8bba-f5e9-4745-b2d2-25e4130bbb25,8954,113108,2023,second_quarter,2023-07-20T08:19:27-04:00,unclear,0.5,agreed,established,1
250411,ac793b3d-e71b-4913-a4a5-aee254bcf696,39941,148807,2023,second_quarter,2023-07-20T08:41:48-04:00,relief,0.95,agreed,established,1
250822,450bfde6-b434-456b-b2ef-d9035b0c0aaf,27753,134319,2023,second_quarter,2023-07-20T09:15:09-04:00,relief,0.9,agreed,established,1
250957,a58b30a0-98ff-4f48-b636-40ee037c5b55,291594,177806,2023,second_quarter,2023-07-20T09:23:24-04:00,unclear,0.8,agreed,established,1
251169,fd4a6416-95a7-4f27-886c-1327894cf642,13370,118930,2023,second_quarter,2023-07-20T09:34:16-04:00,unclear,0.95,agreed,established,1
251175,89653021-c108-415f-9ef9-da873157574e,29846,135234,2023,second_quarter,2023-07-20T09:34:31-04:00,relief,0.88,agreed,established,1
251192,23e07439-1fdf-4a1f-a617-4356e3a9946b,29846,135239,2023,second_quarter,2023-07-20T09:36:11-04:00,unclear,0.5,agreed,established,1
251299,472ff169-5a9d-460b-b4e5-11c5d9572ba1,29846,53782,2023,second_quarter,2023-07-20T09:41:02-04:00,relief,0.85,agreed,established,0
251323,b96d2b09-ead7-4621-a5d0-18d0ae248700,13005,118723,2023,second_quarter,2023-07-20T09:43:18-04:00,unclear,0.4,agreed,established,1
251753,c0ac0985-0175-42e4-8cd7-b5caf32b1b73,40021,149481,2023,second_quarter,2023-07-20T10:07:34-04:00,relief,0.95,agreed,established,1
251962,dee82aff-0916-4b58-a184-71b4ad29e2b7,3708,103688,2023,second_quarter,2023-07-20T10:15:22-04:00,protection,0.5,opus,established,1
252233,6a568cfe-b70c-4283-813f-b8a6eee558d8,298091,179910,2023,second_quarter,2023-07-20T10:25:00-04:00,relief,0.8,opus,established,1
252614,ac452cb4-8523-42aa-9ab1-6dd7927bb0cd,26912,134239,2023,second_quarter,2023-07-20T10:40:05-04:00,unclear,0.45,opus,established,1
252828,d0d6ef22-8e76-4cc6-9afd-b23c8ce06a25,401103218,198214,2023,second_quarter,2023-07-20T10:54:27-04:00,unclear,0.55,agreed,established,1
253537,27bbca78-1377-4853-aa1d-812ffb38c498,35002,52953,2023,second_quarter,2023-07-20T11:21:51-04:00,relief,0.95,agreed,established,1
254035,25630d61-377e-407e-9e51-580541cf32fe,24032,131195,2023,second_quarter,2023-07-20T11:44:33-04:00,relief,0.85,opus,established,1
254618,6de8b9f1-ac24-4014-9f73-879349a29bec,35263,143852,2023,second_quarter,2023-07-20T12:01:43-04:00,unclear,0.35,agreed,established,1
254972,31f5a487-1db1-4c40-a9b7-db4f51df1810,35002,206932,2023,second_quarter,2023-07-20T12:15:55-04:00,relief,0.95,agreed,established,1
255821,b4e9c6d2-525a-402a-ab55-c2eff65f3c5b,16896,122545,2023,second_quarter,2023-07-20T12:53:36-04:00,unclear,0.55,agreed,established,1
256003,7cd24760-8d91-408e-9f24-495495392dd5,4766,104899,2023,second_quarter,2023-07-20T13:00:39-04:00,protection,0.7,opus,established,1
256323,3ac607b0-00ba-46a5-b472-2fd6fb91e689,46038,50832,2023,second_quarter,2023-07-20T13:12:10-04:00,unclear,0.95,agreed,established,1
256946,ca8f6a54-26cc-4c76-a9eb-f5501d760b76,1433,102615,2023,second_quarter,2023-07-20T13:38:32-04:00,relief,0.7,opus,established,1
257052,91668f0e-8cd4-477f-9bcc-054f9e2f3c77,1433,102612,2023,second_quarter,2023-07-20T13:42:21-04:00,relief,0.7,opus,established,1
257569,b31114f0-a2a1-486d-9baa-e78ae610436d,400426039,190614,2023,second_quarter,2023-07-20T14:06:20-04:00,unclear,0.95,agreed,established,0
257676,c91c1c88-479c-4f1d-8081-43f26be9c9eb,22883,129738,2023,second_quarter,2023-07-20T14:10:01-04:00,unclear,0.95,agreed,established,1
257987,63ec5904-d70c-4f5a-bf12-2a95fc81190b,401106405,213706,2023,second_quarter,2023-07-20T14:23:46-04:00,relief,0.95,agreed,established,1
258203,5bf5aaeb-d518-496a-96cf-57110a55b876,400426039,190614,2023,second_quarter,2023-07-20T14:34:16-04:00,unclear,0.95,agreed,established,1
258579,23195327-e4fa-470f-8127-d46c39e62fe7,401105589,205749,2023,second_quarter,2023-07-20T14:49:49-04:00,mixed,0.85,opus,established,1
258724,29617682-26ed-4769-b49e-63898c6773ac,58055,160433,2023,second_quarter,2023-07-20T14:54:34-04:00,relief,0.95,agreed,established,1
259209,af9e87a6-2c3f-4d1e-a204-5734fe3b5b7e,6325,54224,2023,second_quarter,2023-07-20T15:09:56-04:00,relief,0.85,opus,established,1
259695,535382c0-42ed-4bbf-bdb6-9fda6a761be2,401105417,203687,2023,second_quarter,2023-07-20T15:27:20-04:00,unclear,0.4,opus,established,1
259915,c0ff8e2d-4673-4124-80a2-2863fb3b4301,66773,163770,2023,second_quarter,2023-07-20T15:36:28-04:00,relief,0.7,opus,established,1
260483,bdea0907-ccd9-41b3-8256-d93d0493d534,401105417,203674,2023,second_quarter,2023-07-20T15:57:11-04:00,unclear,0.5,opus,established,1
261159,13be402d-e212-408a-92d9-0f98247eeeb5,401103237,198275,2023,second_quarter,2023-07-20T16:22:35-04:00,relief,0.92,agreed,established,1
261178,d2d5f8cf-be58-472b-8157-5503706f757c,401105259,203474,2023,second_quarter,2023-07-20T16:23:08-04:00,relief,0.85,agreed,established,1
261522,a939afa5-26c7-482b-b198-5b234b386f7f,5632,107401,2023,second_quarter,2023-07-20T16:35:49-04:00,monitoring,0.85,agreed,established,1
262529,2e324c67-2b2d-4c7a-9ec3-81f62c2861b4,317311,186004,2023,second_quarter,2023-07-20T17:08:45-04:00,unclear,0.45,opus,established,1
262544,8d5eb06d-7a86-458e-b758-307852bace41,22883,129756,2023,second_quarter,2023-07-20T17:09:11-04:00,unclear,0.95,agreed,established,1
262859,c5eb3bc1-2231-4759-9013-997996aa58e9,401104974,56638,2023,second_quarter,2023-07-20T17:20:59-04:00,unclear,0.4,opus,unknown,1
263195,6dcb1ad3-74d9-4b01-a0b5-2990dce807b9,401103897,200355,2023,second_quarter,2023-07-20T17:37:50-04:00,relief,0.92,agreed,established,1
263405,88abf14c-0f40-4c5a-a23b-1ebb28f5bd88,401103521,199280,2023,second_quarter,2023-07-20T17:47:10-04:00,unclear,0.95,agreed,established,1
263471,8e9bb9a9-8fcb-46f0-8e0e-ffeae890ae6b,401046942,197256,2023,second_quarter,2023-07-20T17:50:24-04:00,unclear,0.4,agreed,established,1
263814,1aa0b1fc-4953-4f1b-9c76-185a0253f7e5,401104313,201390,2023,second_quarter,2023-07-20T18:13:15-04:00,unclear,0.95,agreed,established,1
264131,2dd3ed33-94a7-4f62-bdea-2665456fbc18,401054971,212971,2023,second_quarter,2023-07-20T18:34:09-04:00,relief,0.8,opus,established,1
264226,5374551c-baaa-4ed9-b7a4-94bf036d29cb,48678,155448,2023,second_quarter,2023-07-20T18:43:08-04:00,protection,0.5,opus,established,1
264330,6bffd650-0427-4dcd-9af4-007993d43450,24566,132410,2023,second_quarter,2023-07-20T18:50:06-04:00,unclear,0.85,agreed,established,1
264648,28339082-6b28-4961-aa04-0d26ed15129e,400412950,190379,2023,second_quarter,2023-07-20T19:16:03-04:00,unclear,0.4,agreed,established,1
264866,d3da080b-06f6-41df-8e87-e7e1110a13aa,400794388,195349,2023,second_quarter,2023-07-20T19:41:50-04:00,unclear,0.55,agreed,established,1
265698,615e9754-979f-4207-9e99-160acaf1882e,28663,134577,2023,second_quarter,2023-07-20T21:28:20-04:00,relief,0.95,agreed,established,1
265919,10417336-d932-49a5-bdbc-dccb7eddf7ff,8475,112676,2023,second_quarter,2023-07-20T21:56:22-04:00,unclear,0.4,opus,established,0
266344,125ef4bf-c0a3-4ed4-a9ca-b0552500f12a,56771,159922,2023,second_quarter,2023-07-20T22:58:21-04:00,relief,0.92,agreed,established,1
266603,59e0680b-193c-4dbe-a03d-55092ac68758,401107297,54482,2023,second_quarter,2023-07-21T06:46:25-04:00,unclear,0.55,agreed,established,1
267638,6a83e87b-8583-45b9-adf6-ad0e839b0a24,37538,146406,2023,second_quarter,2023-07-25T13:36:36-04:00,unclear,0.4,opus,established,1
267716,0d5341d7-0a2d-4c16-864c-0d7a90442f89,400359656,189552,2023,second_quarter,2023-07-25T16:48:25-04:00,relief,0.9,agreed,established,1
267730,d2aa8647-268c-4ff6-afa7-351aa634aed1,400359656,189550,2023,second_quarter,2023-07-25T17:01:11-04:00,relief,0.9,agreed,established,1
268219,ae994093-4a17-404f-ab37-4e8999a55bc6,400287370,188909,2023,second_quarter,2023-07-29T16:17:27-04:00,unclear,0.45,opus,established,1
268264,b615a9ec-78b9-441f-8705-07e9aa80e1cf,30393,135816,2023,second_quarter,2023-07-31T09:56:58-04:00,relief,0.95,agreed,established,1
268353,bf17b27f-20fd-462f-a604-22e53176fc24,290571,177646,2023,second_quarter,2023-07-31T15:41:34-04:00,unclear,0.45,opus,established,1
268473,c5db773f-14cb-4c0f-9bae-8c209133ef2b,27833,134460,2023,second_quarter,2023-07-31T22:04:21-04:00,relief,0.7,opus,established,1
268673,d7e2493e-9ff5-4c34-8310-f317ccd9037e,401102073,197799,2023,second_quarter,2023-08-02T11:56:38-04:00,relief,0.97,agreed,established,1
268921,948551e7-c6a5-46e3-8417-f79fc51f6bb1,36366,145446,2023,second_quarter,2023-08-04T12:30:20-04:00,unclear,0.4,agreed,established,1
269402,dbde365a-fa8d-4861-862e-1750e54e4ee4,91717,174742,2023,first_quarter,2023-08-07T15:51:53-04:00,relief,0.95,agreed,established,1
269417,238ed9f4-d0ef-4d0c-9925-3aadf8ec359e,91717,174742,2023,second_quarter,2023-08-07T16:16:07-04:00,relief,0.95,agreed,established,1
269619,7a6b7dc7-9d65-4d70-857d-1604354e686b,24566,132410,2023,first_quarter,2023-08-09T15:29:24-04:00,unclear,0.85,agreed,established,1
269917,2a9c73b1-33df-4fba-8168-87216f138b7f,81054,171061,2023,second_quarter,2023-08-14T14:04:11-04:00,protection,0.95,opus,established,1
271525,bae3118c-d15f-4708-84a1-512f13eef756,401107843,56985,2023,third_quarter,2023-09-05T19:26:12-04:00,unclear,0.9,agreed,unknown,1
271888,f5f3d305-02fe-4932-adf3-652dd4697119,401107830,57069,2023,third_quarter,2023-09-14T11:57:05-04:00,unclear,0.6,agreed,unknown,1
272096,c0262b95-5b55-4bb0-ac75-5ba8fc8c8088,401107826,57134,2023,third_quarter,2023-09-22T11:03:48-04:00,unclear,0.4,agreed,unknown,1
272407,e9fa0d50-2c78-4ad4-ab35-3bfcc9a6629c,40006037,187506,2023,third_quarter,2023-09-29T11:18:35-04:00,relief,0.95,agreed,established,1
272722,1ca5b3b4-6e83-4445-8250-56e0a76156fc,401104209,205334,2023,third_quarter,2023-10-02T10:10:32-04:00,unclear,0.9,agreed,established,1
272743,51eabd89-7097-4f5a-bb58-5ca5d256b7b0,314432,184995,2023,third_quarter,2023-10-02T10:27:56-04:00,unclear,0.45,opus,established,1
272793,155389cb-dea4-45ed-bb12-c107ebab9a90,401106937,52959,2023,third_quarter,2023-10-02T11:52:57-04:00,unclear,0.5,agreed,established,0
272917,28c5e8e4-1577-4bdd-b305-1eaa9cebd3a6,401103903,200360,2023,third_quarter,2023-10-02T13:56:23-04:00,relief,0.82,agreed,established,0
273266,f5c6e440-1394-45de-aecf-f0e2a7ab2d0a,400487397,57259,2023,third_quarter,2023-10-03T15:13:35-04:00,unclear,0.3,agreed,established,0
273396,d229b6dc-85fe-436e-a386-8fdb75e6b15c,400487397,57259,2023,third_quarter,2023-10-04T09:48:31-04:00,unclear,0.3,agreed,established,0
273406,a74a93ce-89c7-4d11-90da-9a84257c2300,400487397,57259,2023,third_quarter,2023-10-04T10:12:11-04:00,unclear,0.3,agreed,established,1
274074,aa2d3f85-4ef1-4cdb-8dfd-5fc3aba7be33,400661993,210126,2023,third_quarter,2023-10-05T18:25:54-04:00,unclear,0.5,agreed,established,1
274457,fa553528-b34d-452e-be9a-b6706a737b1a,7975,111010,2023,third_quarter,2023-10-06T14:58:31-04:00,unclear,0.4,agreed,established,1
275014,605bb3ba-59f5-4b28-9320-a151596837ec,35002,206932,2023,third_quarter,2023-10-09T12:09:17-04:00,relief,0.95,agreed,established,1
275232,bff8f93b-ff11-4908-a966-955a33186779,22883,129729,2023,third_quarter,2023-10-09T17:50:45-04:00,unclear,0.95,agreed,established,1
275901,86271ef0-069f-4473-b24f-d352175bf840,63017,52644,2023,third_quarter,2023-10-10T19:42:53-04:00,relief,0.95,agreed,established,0
276181,b09d30c5-d97a-45b2-aaa6-dadb95badcca,39941,148807,2023,third_quarter,2023-10-11T14:48:42-04:00,relief,0.95,agreed,established,1
276479,0e6fe51b-d94a-4993-a945-876f7962cb97,22883,129738,2023,third_quarter,2023-10-11T19:13:41-04:00,unclear,0.95,agreed,established,1
277191,c433fa30-60bf-47cf-9f1e-b61aa451dc53,400942717,196304,2023,third_quarter,2023-10-12T17:13:24-04:00,unclear,0.4,agreed,established,1
277625,c7879515-0220-471b-a66b-b01b673fdfc1,28504,134535,2023,third_quarter,2023-10-13T11:54:56-04:00,relief,0.95,agreed,established,1
277903,8a72ff3f-bf8f-4ca3-ad4e-7471d7a14c1b,401106937,52959,2023,third_quarter,2023-10-13T14:38:59-04:00,unclear,0.5,agreed,established,1
278221,cb7e928e-e7ad-47fe-a178-5c5caf36204a,55792,159864,2023,third_quarter,2023-10-13T17:26:59-04:00,unclear,0.95,agreed,established,1
278694,286358ce-ccde-4aff-b27f-b988e9727547,401104172,200901,2023,third_quarter,2023-10-15T12:49:29-04:00,unclear,0.5,agreed,established,1
279367,55f79dd6-3176-4bac-acac-777ef2d5fab9,400408933,190355,2023,third_quarter,2023-10-16T11:09:39-04:00,relief,0.8,agreed,established,1
279690,8f5c1396-8c4e-48f2-9187-c03bc1225d6e,291594,177806,2023,third_quarter,2023-10-16T13:12:44-04:00,unclear,0.8,agreed,established,1
281175,f1ae4277-23e6-4380-8ec0-05add4908ad9,49635,156506,2023,third_quarter,2023-10-17T11:41:18-04:00,unclear,0.45,opus,established,1
281206,7bf2cdfc-9eed-47ad-b7ed-b9b04253d9fa,57338,159975,2023,third_quarter,2023-10-17T11:46:17-04:00,relief,0.97,agreed,established,1
281369,6b6b4a82-5be3-41c1-ae78-e0b76bcb4641,24123,131484,2023,third_quarter,2023-10-17T12:26:13-04:00,unclear,0.45,opus,established,1
281640,c603a646-86d2-4f7f-961c-704f28a4bcac,22883,129756,2023,third_quarter,2023-10-17T13:23:31-04:00,unclear,0.95,agreed,established,1
282113,2f7da92f-e727-457d-a54b-8eef8a54c651,401104955,202976,2023,third_quarter,2023-10-17T15:21:54-04:00,unclear,0.45,opus,established,1
282273,2cc6b26e-c8f3-4b9c-a1c7-be73e24b7740,5404,206593,2023,third_quarter,2023-10-17T15:55:54-04:00,relief,0.9,agreed,established,1
282761,e6545da9-d6de-4fce-a2a4-ad55f673fbc8,1433,102615,2023,third_quarter,2023-10-17T18:13:30-04:00,relief,0.7,opus,established,1
282787,aac5257d-2ecb-4b2a-a6b0-301571cb1c07,1433,102612,2023,third_quarter,2023-10-17T18:18:16-04:00,relief,0.7,opus,established,1
282827,9f5c27eb-607b-4816-986b-2c4c79e93641,5506,107350,2023,third_quarter,2023-10-17T18:37:32-04:00,relief,0.95,agreed,established,1
285381,d35b250e-6110-49e0-b22c-5a5d52ef0f3b,81511,171312,2023,third_quarter,2023-10-18T14:26:41-04:00,unclear,0.4,agreed,established,1
286345,d7a43302-156b-410b-bc47-15910f03b2b9,58055,160433,2023,third_quarter,2023-10-18T16:47:52-04:00,relief,0.95,agreed,established,1
286937,215db540-64d7-4c63-b449-53b814bcc151,401107028,57500,2023,third_quarter,2023-10-18T18:35:10-04:00,unclear,0.95,agreed,unknown,1
287282,d19a8de5-c149-4481-8c05-b2adb7ea905a,75557,53538,2023,third_quarter,2023-10-18T22:25:09-04:00,unclear,0.95,agreed,established,1
288010,debb815b-82ab-4f4e-8295-eabd56540bc2,401103524,199384,2023,third_quarter,2023-10-19T09:35:42-04:00,relief,0.95,agreed,established,1
288184,c8bac076-9999-4b3e-b1eb-70b1bc29e37f,556,100441,2023,third_quarter,2023-10-19T09:59:14-04:00,unclear,0.55,agreed,established,1
288501,abb0cd93-505f-422d-ae42-fa40e91ad33f,287394,208530,2023,third_quarter,2023-10-19T10:49:04-04:00,unclear,0.95,agreed,established,1
288518,98840e71-8cac-497f-8f0f-02a822d66c1c,287394,208563,2023,third_quarter,2023-10-19T10:50:32-04:00,unclear,0.95,agreed,established,1
288709,d7504474-0e07-43ca-bb4c-2cd59266dc33,287394,54349,2023,third_quarter,2023-10-19T11:11:19-04:00,unclear,0.95,agreed,established,1
288729,6ae5ca27-a12a-4280-a40d-1bebe89f0f38,287394,54350,2023,third_quarter,2023-10-19T11:12:59-04:00,unclear,0.95,agreed,established,1
288745,63db60cc-32c1-4581-9905-a13b48003576,287394,54351,2023,third_quarter,2023-10-19T11:14:12-04:00,unclear,0.95,agreed,established,1
288944,f0aade40-3764-495d-8034-153a2df48e03,401107047,53455,2023,third_quarter,2023-10-19T11:31:55-04:00,protection,0.6,opus,established,1
289328,e2568639-d20e-426c-9a17-53a8a6c36985,35230,143841,2023,third_quarter,2023-10-19T11:58:10-04:00,unclear,0.5,agreed,established,1
289452,5f62ae21-aec1-4eb6-bae0-1166d55440b2,401103521,199280,2023,third_quarter,2023-10-19T12:10:23-04:00,unclear,0.95,agreed,established,1
290181,72ed3c2c-bc4a-4c64-814c-0df06098e3f7,400426039,190608,2023,third_quarter,2023-10-19T13:14:59-04:00,unclear,0.95,agreed,established,1
290699,ea810f3a-cbe4-4d81-841f-fcc6762ba925,287394,208491,2023,third_quarter,2023-10-19T14:06:22-04:00,unclear,0.95,agreed,established,1
290807,dc0f8918-4ebc-447c-9044-3ba0e384c849,401104718,55076,2023,third_quarter,2023-10-19T14:15:23-04:00,unclear,0.95,agreed,established,1
291099,2f1f0f15-6a49-45c3-bc7f-35b6de22f39f,35002,52953,2023,third_quarter,2023-10-19T14:35:40-04:00,relief,0.95,agreed,established,1
291191,b4b6c2a3-91b0-4e75-a775-043577a5bd29,401103237,198275,2023,third_quarter,2023-10-19T14:43:09-04:00,relief,0.92,agreed,established,1
291377,24762d60-811f-45d7-8e2f-9ebd0be24f13,13005,118723,2023,third_quarter,2023-10-19T14:56:42-04:00,unclear,0.4,agreed,established,1
292233,3aa89eb1-f157-4748-9040-b7e2b42ac078,283696,211867,2023,third_quarter,2023-10-19T15:59:49-04:00,unclear,0.95,agreed,established,1
294475,07f8d704-1c1d-4c4f-8f5c-176cc772e5fa,63952,162343,2023,third_quarter,2023-10-19T20:49:00-04:00,relief,0.97,agreed,established,1
295361,28ac854b-5d46-4466-8c78-fb69c9013886,401104288,205374,2023,third_quarter,2023-10-20T04:03:42-04:00,mixed,0.6,opus,established,1
295454,4ffab033-77b4-43b6-a9df-6dc749b42828,400794388,195349,2023,third_quarter,2023-10-20T07:03:48-04:00,unclear,0.55,agreed,established,1
295661,80f7843c-7b05-4724-9ec6-f44017b22493,18103,123453,2023,third_quarter,2023-10-20T07:57:32-04:00,unclear,0.45,opus,established,1
296554,917a34df-f61a-440d-97fc-eff88e82e623,29846,135234,2023,third_quarter,2023-10-20T09:24:59-04:00,relief,0.88,agreed,established,1
296591,8eeff56f-608a-4ba5-b7d2-45558d2fc6bd,29846,135239,2023,third_quarter,2023-10-20T09:26:33-04:00,unclear,0.5,agreed,established,1
296668,e94d6568-d651-406f-a08f-bb39da925bce,35263,143852,2023,third_quarter,2023-10-20T09:30:17-04:00,unclear,0.35,agreed,established,1
296786,e1cc56a2-3055-4c64-9c77-b29d905561c7,29846,53782,2023,third_quarter,2023-10-20T09:34:05-04:00,relief,0.85,agreed,established,1
297546,6ba9daf0-5490-4ebe-b850-33a98b909e4a,401104830,202799,2023,third_quarter,2023-10-20T10:09:48-04:00,unclear,0.95,agreed,established,1
298023,cff20968-e44b-4122-87ff-08efa41fab0d,26912,134239,2023,third_quarter,2023-10-20T10:23:55-04:00,unclear,0.45,opus,established,1
298208,3e47f10e-1272-4e77-aebb-f7fd729ff769,401105259,203474,2023,third_quarter,2023-10-20T10:30:03-04:00,relief,0.85,agreed,established,1
298308,934d80e0-d326-4f8e-8f61-8b1a8a89a98b,16896,122545,2023,third_quarter,2023-10-20T10:34:26-04:00,unclear,0.55,agreed,established,1
298857,17cf4b56-0f38-445e-aeaa-03eae6a3addc,13370,118930,2023,third_quarter,2023-10-20T10:52:28-04:00,unclear,0.95,agreed,established,1
299593,3469687d-3b4e-4c17-bbcd-2a01cc6d1932,5632,107401,2023,third_quarter,2023-10-20T11:12:47-04:00,monitoring,0.85,agreed,established,1
300896,051ad7db-f262-4969-bb53-02a3b8f7abd7,400426039,190614,2023,third_quarter,2023-10-20T11:58:22-04:00,unclear,0.95,agreed,established,1
301589,9a605633-d72a-4d61-877d-7600b3d76e3d,401104010,200631,2023,third_quarter,2023-10-20T12:29:27-04:00,unclear,0.5,agreed,established,1
302333,10c7125f-8301-45fa-bf0a-cd5c8fa878c2,4766,104899,2023,third_quarter,2023-10-20T13:02:14-04:00,protection,0.7,opus,established,1
302493,d979b9c4-a73a-43d2-b740-1122aa9af48d,27753,134319,2023,third_quarter,2023-10-20T13:10:57-04:00,relief,0.9,agreed,established,1
302859,64af43c3-00b3-493d-b66a-3f05fb047411,6325,54224,2023,third_quarter,2023-10-20T13:30:35-04:00,relief,0.85,opus,established,1
303648,17bbc96a-78c1-42de-99f5-694f22907bb0,401105417,203687,2023,third_quarter,2023-10-20T14:06:40-04:00,unclear,0.4,opus,established,1
303782,649614f5-5330-4b7d-b192-4bd2c5169c37,401046942,197256,2023,third_quarter,2023-10-20T14:11:59-04:00,unclear,0.4,agreed,established,1
304922,a52f74d3-4d2b-428f-8bef-9879d16c10ca,401103565,208110,2023,third_quarter,2023-10-20T14:44:40-04:00,unclear,0.95,agreed,established,0
305348,63b490b5-32bb-4101-af28-6fc225fbb2e9,24032,131195,2023,third_quarter,2023-10-20T14:59:50-04:00,relief,0.85,opus,established,1
305852,f8bb253e-70e1-4664-84bc-b06fa8c709dd,401054971,212971,2023,third_quarter,2023-10-20T15:21:39-04:00,relief,0.8,opus,established,1
306492,ee8fbc8e-7ddb-4b94-9df8-c259ef949cf5,401103471,53288,2023,third_quarter,2023-10-20T15:49:58-04:00,unclear,0.4,agreed,established,1
307504,fcf706e1-5b14-4669-aedb-25ef2fd0ebd1,401103817,200195,2023,third_quarter,2023-10-20T16:26:13-04:00,mixed,0.8,opus,established,1
307534,bfdd21e2-048f-46aa-a53a-fc6ae0628b57,401103565,208110,2023,third_quarter,2023-10-20T16:27:34-04:00,unclear,0.95,agreed,established,1
307610,841e66b9-b28d-4478-b7dc-4e74f4062afc,66773,163770,2023,third_quarter,2023-10-20T16:28:59-04:00,relief,0.7,opus,established,1
307897,8937dffb-07d2-4c82-b09b-57c6f80d6893,401104313,201390,2023,third_quarter,2023-10-20T16:41:04-04:00,unclear,0.95,agreed,established,1
308036,60d19cd2-5de1-41fe-b8e2-0cf91a3e8d53,290571,177646,2023,third_quarter,2023-10-20T16:46:53-04:00,unclear,0.45,opus,established,1
309016,d77f0368-5009-41fb-bd7f-b0061a47817b,24566,132410,2023,third_quarter,2023-10-20T17:40:22-04:00,unclear,0.8,agreed,established,1
309088,555d20c6-12d4-4eaa-8d6f-3d56943b7c3f,40021,149481,2023,third_quarter,2023-10-20T17:45:36-04:00,relief,0.95,agreed,established,1
309099,f3def183-a5ab-4c8c-a332-0678b1662624,8475,112676,2023,third_quarter,2023-10-20T17:45:52-04:00,unclear,0.4,opus,established,0
309395,2333f721-7ca5-42fb-b2ac-76d62ff4b362,46038,50832,2023,third_quarter,2023-10-20T18:07:40-04:00,unclear,0.95,agreed,established,1
309656,42233c89-82da-4e7f-8ade-60b15a755cf3,56771,159922,2023,third_quarter,2023-10-20T18:26:19-04:00,relief,0.92,agreed,established,1
310110,e4ff1d72-ab47-4fe7-a735-ca5aa8d39e9b,401103897,200355,2023,third_quarter,2023-10-20T19:31:30-04:00,relief,0.95,agreed,established,1
310189,49230d0b-411d-4230-8729-36061fdb2491,400412950,190379,2023,third_quarter,2023-10-20T19:40:12-04:00,unclear,0.4,agreed,established,1
310740,7437b0e1-ccb4-443e-a684-818aead6a798,401107297,54482,2023,third_quarter,2023-10-20T22:15:42-04:00,unclear,0.55,agreed,established,1
311320,fc788c36-1c2d-481d-99cc-c8772d5f8825,30393,135816,2023,third_quarter,2023-10-23T10:33:58-04:00,relief,0.95,agreed,established,1
311615,c34a4bcc-d097-40f5-8fe8-b576a1c26943,400359656,189550,2023,third_quarter,2023-10-23T13:34:33-04:00,relief,0.9,agreed,established,1
311622,7a90c76d-a9e7-4eba-85cb-146d13ac82c4,400359656,189552,2023,third_quarter,2023-10-23T13:40:23-04:00,relief,0.9,agreed,established,1
311635,6233642a-b3f4-482a-850e-79f039bbd6df,401106405,213706,2023,third_quarter,2023-10-23T14:15:18-04:00,relief,0.95,agreed,established,1
311669,bb781586-392f-4434-a57a-5d2514f6a12e,37538,146406,2023,third_quarter,2023-10-23T14:41:49-04:00,unclear,0.4,opus,established,1
312809,fa2a1840-6f2e-4ca4-afaa-81d49df2ca60,298091,179910,2023,third_quarter,2023-10-31T13:06:08-04:00,relief,0.8,opus,established,1
312945,ba82712c-6d18-4386-9eb9-2796dc086e21,28663,134577,2023,third_quarter,2023-10-31T21:58:32-04:00,relief,0.95,agreed,established,1
313774,53bc871c-5422-421f-bf24-5af829c46b49,401105589,205749,2023,third_quarter,2023-11-14T12:20:35-05:00,mixed,0.85,opus,established,1
313941,6a3ad990-95a0-4be1-9870-c25993f6f63a,36366,145446,2023,third_quarter,2023-11-14T13:38:53-05:00,unclear,0.4,agreed,established,1
314093,6a79f6ff-ae1f-40cd-9d68-4fc9c9f1e766,401105698,205933,2023,third_quarter,2023-11-14T16:27:08-05:00,unclear,0.4,opus,established,1
314108,6ffb050f-d388-4ccf-9cfc-55573c7697f4,400287370,188909,2023,third_quarter,2023-11-14T16:50:11-05:00,unclear,0.45,opus,established,1
314437,ffd82fe1-f150-4ae5-a8aa-4b8dd50491ce,401104718,57813,2023,fourth_quarter,2023-11-17T10:37:49-05:00,unclear,0.95,agreed,established,0
314629,1f58e9e6-2351-4415-ace2-62a8dadf2d7a,27833,134460,2023,third_quarter,2023-11-20T11:03:53-05:00,relief,0.7,opus,established,1
315417,06227142-d0d7-4a5c-b776-a98cb6ef00ed,81054,171061,2023,third_quarter,2023-11-24T11:50:05-05:00,protection,0.95,opus,established,1
315546,0893c2c7-f129-471e-aabc-33661cc84997,58352,160522,2023,third_quarter,2023-11-28T02:39:26-05:00,relief,0.95,agreed,established,1
316376,662cae95-0ceb-432c-abca-a42dbd676dd0,67854,57968,2023,fourth_quarter,2023-12-12T09:53:34-05:00,unclear,0.5,opus,established,0
317052,272d5b90-ee5a-46a3-87e2-d5cbdd7899af,314432,184995,2023,fourth_quarter,2023-12-27T12:00:41-05:00,unclear,0.45,opus,established,1
317306,04e3232c-20f4-4262-859a-8a384dcb0fe9,401104209,205334,2023,fourth_quarter,2024-01-01T11:32:04-05:00,unclear,0.9,agreed,established,1
317397,12f5d233-b217-4cf4-8dce-a5a6b9c553d0,40006037,187506,2023,fourth_quarter,2024-01-02T10:13:14-05:00,relief,0.95,agreed,established,1
317667,4794e09f-92d3-46de-a428-ac452c5c0e04,401105698,205933,2023,fourth_quarter,2024-01-02T17:14:22-05:00,unclear,0.4,opus,established,0
317678,a498c849-38cb-40f9-b688-778b22efc47d,401103903,200360,2023,fourth_quarter,2024-01-02T21:09:53-05:00,relief,0.82,agreed,established,0
318214,3a5d4115-af47-4a25-8af7-3df5a0b4a657,400458236,191193,2023,fourth_quarter,2024-01-04T13:02:27-05:00,unclear,0.55,agreed,new2025_genuine,1
318251,a4417ec3-a4a1-419a-96a4-c4782af1fa3b,400408933,190355,2023,fourth_quarter,2024-01-04T15:21:10-05:00,relief,0.8,agreed,established,1
318335,ca27b263-827f-41fc-b3c0-9bc04ab592c4,63017,52644,2023,fourth_quarter,2024-01-04T17:44:10-05:00,relief,0.95,agreed,established,0
318697,9c22bfbb-eb90-477f-ae98-dedd4e917243,400661993,210126,2023,fourth_quarter,2024-01-06T17:33:17-05:00,unclear,0.5,agreed,established,1
319217,8981a4b2-f0a8-42cb-9bff-235712513586,13005,118723,2023,fourth_quarter,2024-01-09T09:59:20-05:00,unclear,0.4,agreed,established,1
319374,b4d49d7d-43ab-4f20-a20d-f2727f135618,401105698,205933,2023,fourth_quarter,2024-01-09T13:09:12-05:00,unclear,0.4,opus,established,1
319497,6361e9df-1315-4553-bde7-01d37b670cfc,400487397,57259,2023,fourth_quarter,2024-01-09T14:22:31-05:00,unclear,0.3,agreed,established,1
319667,142c8046-d36b-49d8-a008-695ee76fc2de,22883,129729,2023,fourth_quarter,2024-01-09T16:47:34-05:00,unclear,0.95,agreed,established,1
320076,373914cb-bfe2-4754-8d90-a6d3f32130be,7975,111010,2023,fourth_quarter,2024-01-10T14:40:45-05:00,unclear,0.4,agreed,established,1
320190,4e96ea54-37ad-441a-a304-1a397a89c0da,22883,129738,2023,fourth_quarter,2024-01-10T17:57:37-05:00,unclear,0.95,agreed,established,1
321049,e1a163d7-fc72-41b8-871d-ecea2d97187f,401104955,202976,2023,fourth_quarter,2024-01-12T12:53:33-05:00,unclear,0.45,opus,established,1
322561,f1bd0e93-7d94-437c-b12d-46e5b22107a1,22883,129756,2023,fourth_quarter,2024-01-15T16:13:44-05:00,unclear,0.95,agreed,established,1
323979,66dcad55-d66e-4cde-84e4-49ebc1754115,28504,134535,2023,fourth_quarter,2024-01-16T16:47:05-05:00,relief,0.95,agreed,established,1
324361,1459353f-e025-4c87-b3b5-a7ac1a986f7c,401103524,199384,2023,fourth_quarter,2024-01-16T19:25:39-05:00,relief,0.95,agreed,established,1
325384,375e8829-f34c-4f69-8a9d-45d8c204a76f,401104718,55076,2023,fourth_quarter,2024-01-17T12:10:57-05:00,unclear,0.95,agreed,established,1
326262,72fd6615-2a5e-4161-90e3-6a2508ae4904,400942717,196304,2023,fourth_quarter,2024-01-17T15:35:00-05:00,unclear,0.4,agreed,established,1
327210,de0ca09c-99d7-44f3-8b81-83dc634b291d,401107047,53455,2023,fourth_quarter,2024-01-18T09:02:27-05:00,protection,0.6,opus,established,1
328579,35575f1a-03d2-43af-9500-25aaecff27a9,46038,50832,2023,fourth_quarter,2024-01-18T13:29:50-05:00,unclear,0.95,agreed,established,1
328614,55407933-ebb3-4f50-b017-88ce9e821715,283696,211867,2023,fourth_quarter,2024-01-18T13:35:57-05:00,unclear,0.95,agreed,established,1
329489,ba2f59ab-d8ba-4801-8c17-e201dd8a1c22,556,100441,2023,fourth_quarter,2024-01-18T15:37:34-05:00,unclear,0.55,agreed,established,1
329567,b830af14-dab2-4a8d-8dc9-d4a143d5c843,75557,53538,2023,fourth_quarter,2024-01-18T15:48:37-05:00,unclear,0.95,agreed,established,1
330215,8e1c9f88-fc1e-4d33-af03-034a183e8940,5506,107350,2023,fourth_quarter,2024-01-18T17:38:35-05:00,relief,0.95,agreed,established,1
330217,781b1fba-a294-4a33-8701-a1b791d7eda6,55792,159864,2023,fourth_quarter,2024-01-18T17:40:29-05:00,unclear,0.95,agreed,established,1
330228,b12bf492-6d33-47aa-8e07-8f582211ddcb,401106937,52959,2023,fourth_quarter,2024-01-18T17:44:30-05:00,unclear,0.5,agreed,established,1
330564,58f4e467-8b4c-4643-a45d-e1dba5222bff,401104288,205374,2023,fourth_quarter,2024-01-18T21:06:53-05:00,mixed,0.6,opus,established,1
331811,1bae378d-7614-4390-9d08-07135cffd955,400426039,190608,2023,fourth_quarter,2024-01-19T10:08:17-05:00,unclear,0.95,agreed,established,1
332400,0c5b5561-ba8f-40de-8afe-62815d936254,401104718,57813,2023,fourth_quarter,2024-01-19T11:03:03-05:00,unclear,0.55,agreed,established,0
332554,70d781a3-c6ae-4a73-817e-9ed18f672363,401104718,57813,2023,fourth_quarter,2024-01-19T11:12:29-05:00,unclear,0.55,agreed,established,1
332643,97f935f9-3ce2-47f0-8b1d-8f5136cc0c73,39941,148807,2023,fourth_quarter,2024-01-19T11:19:35-05:00,relief,0.95,agreed,established,1
333313,1c2c0221-7d4d-4f43-b952-2071cf6c1847,18103,123453,2023,fourth_quarter,2024-01-19T12:15:34-05:00,unclear,0.45,opus,established,1
334200,bb1be81d-6e85-4af0-b5ed-62bd4f11498d,81511,171312,2023,fourth_quarter,2024-01-19T13:22:01-05:00,unclear,0.4,agreed,established,1
334337,11dd1548-22b5-4ed6-805a-28896f580d6e,287394,208491,2023,fourth_quarter,2024-01-19T13:29:39-05:00,unclear,0.95,agreed,established,1
334402,81eacbfa-3281-451b-a070-c3783fd79be5,287394,208530,2023,fourth_quarter,2024-01-19T13:34:04-05:00,unclear,0.95,agreed,established,1
334436,dc1ee2b0-3b78-4c5b-aeb3-aa5a7c195ed3,287394,208563,2023,fourth_quarter,2024-01-19T13:35:33-05:00,unclear,0.95,agreed,established,1
334723,b147580f-07ae-4038-9475-fa684c349f88,400320506,189250,2023,fourth_quarter,2024-01-19T13:48:59-05:00,relief,0.85,opus,established,1
334931,ffc49760-82dd-46dd-b2de-2a78eeb7eae3,401103565,208110,2023,fourth_quarter,2024-01-19T14:03:06-05:00,unclear,0.45,opus,established,1
335324,49f56ddd-1efc-4553-9d78-869eae3aa3f8,401104010,200631,2023,fourth_quarter,2024-01-19T14:39:12-05:00,unclear,0.5,agreed,established,1
335383,f566003a-661e-47f4-bf0e-05216ac5a802,26912,134239,2023,fourth_quarter,2024-01-19T14:42:58-05:00,unclear,0.45,opus,established,0
335463,76143caf-6ab6-4460-9c40-142cb04bddfe,24032,131195,2023,fourth_quarter,2024-01-19T14:50:08-05:00,relief,0.85,opus,established,1
335889,da9fb1b1-d916-4d36-aa7c-95e1131616d9,287394,54349,2023,fourth_quarter,2024-01-19T15:17:55-05:00,unclear,0.95,agreed,established,1
335935,b3ba3505-04b9-4408-80b9-3821f7df0cd8,287394,54350,2023,fourth_quarter,2024-01-19T15:20:58-05:00,unclear,0.95,agreed,established,1
335992,70789de8-bc55-43e3-b8fb-83251dc2f098,290571,177646,2023,fourth_quarter,2024-01-19T15:22:34-05:00,unclear,0.45,opus,established,1
335993,f7483a1d-4404-4d0a-973f-a71f3f112278,287394,54351,2023,fourth_quarter,2024-01-19T15:22:34-05:00,unclear,0.95,agreed,established,1
337695,f9c4c2f7-abc5-4212-b7b0-8fb8d58586ec,1433,102615,2023,fourth_quarter,2024-01-19T17:07:46-05:00,relief,0.7,opus,established,1
337852,a9169d52-bef5-48f9-bf5f-8b1063d4d48c,1433,102612,2023,fourth_quarter,2024-01-19T17:14:53-05:00,relief,0.7,opus,established,1
338733,7a3d99e7-20c0-4a42-91ea-8fda2bb712c9,66773,163770,2023,fourth_quarter,2024-01-19T19:07:27-05:00,relief,0.7,opus,established,1
339185,13666fe9-c189-48e1-b653-5f1a716d595b,401107297,54482,2023,fourth_quarter,2024-01-20T07:25:32-05:00,unclear,0.55,agreed,established,1
339509,69765bdb-b99d-476e-9116-324399e40a0b,400426039,190614,2023,fourth_quarter,2024-01-20T10:42:10-05:00,unclear,0.95,agreed,established,1
339599,a3eda690-fe33-4867-ae5b-a03ce7f51cb5,401103471,53288,2023,fourth_quarter,2024-01-20T11:29:56-05:00,unclear,0.4,agreed,established,1
340349,c1857263-d5b5-461f-8651-6e9d3a231ad6,24566,132410,2023,fourth_quarter,2024-01-20T19:45:32-05:00,unclear,0.8,agreed,established,1
340498,9eea916b-f923-46cb-a382-b4b4230636ae,35002,52953,2023,fourth_quarter,2024-01-20T23:29:07-05:00,relief,0.95,agreed,established,1
341048,90e0df23-0c21-45fd-84e9-62f6630d8a87,24123,131484,2023,fourth_quarter,2024-01-21T13:27:14-05:00,unclear,0.95,agreed,established,1
343552,8ea2d42e-33d3-440b-be9b-fbceba3ea3e9,29846,53782,2023,second_quarter,2024-01-22T09:25:52-05:00,relief,0.85,agreed,established,1
343606,cbac8d81-b3c0-49ea-be09-7d9ac7532ccb,401104830,202799,2023,fourth_quarter,2024-01-22T09:31:06-05:00,unclear,0.95,agreed,established,1
344937,166cff5d-231a-43c2-89a6-55674767d7c4,13370,118930,2023,fourth_quarter,2024-01-22T10:58:44-05:00,unclear,0.95,agreed,established,1
345462,c78cd274-012b-4e02-8257-941b67aea72a,56771,159922,2023,fourth_quarter,2024-01-22T11:34:08-05:00,relief,0.92,agreed,established,1
345890,5d88ff77-eaee-49fb-b901-6a125da3d643,49635,156506,2023,fourth_quarter,2024-01-22T11:55:27-05:00,unclear,0.45,opus,established,1
346176,fa374b38-f65f-46f9-8fb9-e6be6d64c056,4766,104899,2023,fourth_quarter,2024-01-22T12:09:04-05:00,protection,0.7,opus,established,0
346624,7b95ff4d-bdf6-4918-a7dd-c55c48ca7b59,401105417,203687,2023,fourth_quarter,2024-01-22T12:42:46-05:00,unclear,0.4,opus,established,1
347221,eacb4bb5-465e-4993-99ad-5a9e5b473de7,401103521,199280,2023,fourth_quarter,2024-01-22T13:24:51-05:00,unclear,0.95,agreed,established,1
347778,5285c72e-e13b-48e9-908d-fd9903bfbad7,401106405,213706,2023,fourth_quarter,2024-01-22T13:53:33-05:00,relief,0.95,agreed,established,1
347996,3eb147a2-30a0-4549-aea5-3f547c2aaaf4,4766,104899,2023,fourth_quarter,2024-01-22T14:07:08-05:00,protection,0.7,opus,established,1
348475,56b592ae-3588-437e-a904-21be969e3d53,401103237,198275,2023,fourth_quarter,2024-01-22T14:32:09-05:00,relief,0.95,agreed,established,1
349346,fca9d0eb-9b2d-4013-9bec-4f063a35ec5f,401054971,212971,2023,fourth_quarter,2024-01-22T15:05:55-05:00,monitoring,0.9,agreed,established,1
349587,81e901a3-f4c3-48db-bf24-91bdf7e527c2,401104313,201390,2023,fourth_quarter,2024-01-22T15:12:35-05:00,unclear,0.95,agreed,established,1
349818,4a75ec1d-bee7-42a3-a5eb-4afce9715167,401105259,203474,2023,fourth_quarter,2024-01-22T15:20:33-05:00,relief,0.85,agreed,established,1
350350,9309fb6e-abfa-4357-8c63-f3932c1e45df,401103897,200355,2023,fourth_quarter,2024-01-22T15:48:21-05:00,relief,0.95,agreed,established,1
351329,d6f1d504-a0e0-4275-b410-cb5c1a826e22,67854,57968,2023,fourth_quarter,2024-01-22T16:26:16-05:00,unclear,0.95,agreed,established,1
351614,c3ef9392-5153-426c-a7c6-dcf60807ade8,57338,159975,2023,fourth_quarter,2024-01-22T16:37:54-05:00,relief,0.97,agreed,established,1
351767,d766a2df-9d14-499c-9c06-484ad3f8e325,5632,107401,2023,fourth_quarter,2024-01-22T16:46:03-05:00,monitoring,0.85,agreed,established,1
352691,8eb3c16e-976f-4d87-a6db-8e778b1e4123,5404,206593,2023,fourth_quarter,2024-01-22T17:26:19-05:00,relief,0.9,agreed,established,1
353426,e7cbb88d-0cde-483d-bb78-97418314bceb,40021,149481,2023,fourth_quarter,2024-01-22T18:16:44-05:00,relief,0.95,agreed,established,1
353723,2cf0fb06-ca73-46a0-8363-442711d98b3a,58055,160433,2023,fourth_quarter,2024-01-22T18:44:06-05:00,relief,0.95,agreed,established,1
353873,79e8a731-7891-4bac-ba9d-6a8bcd5e9cc0,401106332,213013,2023,fourth_quarter,2024-01-22T18:55:32-05:00,unclear,0.95,agreed,established,1
353940,77eaf236-351c-44ab-804d-c4fc317d6f79,35263,143852,2023,fourth_quarter,2024-01-22T19:01:32-05:00,unclear,0.35,agreed,established,0
354101,516d5083-f33c-4c6d-895a-0aef2441645d,400412950,190379,2023,fourth_quarter,2024-01-22T19:20:14-05:00,unclear,0.4,agreed,established,1
354675,59b478b0-1c18-4046-b094-15bf56f660ad,401046942,197256,2023,fourth_quarter,2024-01-22T20:30:46-05:00,unclear,0.4,agreed,established,1
354859,cc73296f-ca30-4aa4-a431-41fa74f805f5,401104172,200901,2023,fourth_quarter,2024-01-22T20:54:46-05:00,unclear,0.5,agreed,established,1
355508,d326d896-6f18-4ba3-93a3-dc2631b66c2a,28663,134577,2023,fourth_quarter,2024-01-23T07:17:36-05:00,relief,0.95,agreed,established,1
355929,b0eec440-a468-40a7-a29b-23b053cb3fc0,298091,179910,2023,fourth_quarter,2024-01-23T13:41:39-05:00,relief,0.8,opus,established,1
355937,ac29cebe-067f-48e4-8b42-de26def86b7a,30393,135816,2023,fourth_quarter,2024-01-23T13:47:35-05:00,relief,0.95,agreed,established,1
356138,9a80b3c8-16b9-42fc-a072-ada531dc2b7b,8475,112676,2023,fourth_quarter,2024-01-23T16:20:39-05:00,unclear,0.4,opus,established,0
356488,d4b25b24-60ff-4407-8093-2a05aba67e37,400794388,195349,2023,fourth_quarter,2024-01-24T15:48:43-05:00,unclear,0.55,agreed,established,1
357447,d98f099e-54e3-4f2b-a811-c7b993cda5da,27833,134460,2023,fourth_quarter,2024-01-30T16:28:00-05:00,relief,0.7,opus,established,1
357563,22fa19c6-c8b9-4b66-a0ea-f9cab6862a30,401105589,205749,2023,fourth_quarter,2024-01-31T10:14:12-05:00,mixed,0.85,opus,established,0
358652,9f19096e-c6be-4e7b-8b6a-23e1b59e5eb8,36366,145446,2023,fourth_quarter,2024-02-05T13:34:23-05:00,unclear,0.4,agreed,established,1
358673,8c932672-e676-4f5a-ae8b-94399ff2fdfe,400359656,189550,2023,fourth_quarter,2024-02-05T13:36:57-05:00,relief,0.9,agreed,established,1
358817,0ddad2f3-9b72-4cb6-a169-64f1eee3de98,291594,177806,2023,fourth_quarter,2024-02-05T14:35:03-05:00,unclear,0.8,agreed,established,0
358993,ecc49c88-0580-4a87-80b1-805d3b5378d9,37538,146406,2023,fourth_quarter,2024-02-05T16:26:49-05:00,unclear,0.4,opus,established,1
359076,33a3e533-2d9c-422d-ae78-f396925d2218,400287370,188909,2023,fourth_quarter,2024-02-05T19:59:34-05:00,unclear,0.45,opus,established,1
359112,41714ada-6481-4a36-8e40-45c4ecc1a24d,58352,160522,2023,fourth_quarter,2024-02-06T02:57:22-05:00,relief,0.95,agreed,established,1
359265,1151664d-5a8d-44bc-902b-53d062e8db3d,81054,171061,2023,fourth_quarter,2024-02-06T13:25:45-05:00,protection,0.95,opus,established,1
360090,35e28a7c-ee3a-4ef8-8bc9-cbef5a03b197,291594,177806,2023,fourth_quarter,2024-02-20T13:08:22-05:00,unclear,0.8,agreed,established,1
360547,54176ced-4805-4d8a-9f78-b4f6dbf1d5d2,401104925,202954,2023,fourth_quarter,2024-03-19T12:34:20-04:00,unclear,0.95,agreed,established,1
360783,89fc30d8-381b-487d-94e1-22ece5929e12,401105589,205749,2023,fourth_quarter,2024-04-04T12:52:28-04:00,mixed,0.85,opus,established,1
361605,48b7cc1e-91fe-4c45-807b-fcf69c4194dd,26912,134239,2023,fourth_quarter,2024-04-22T09:26:10-04:00,unclear,0.45,opus,established,1
361762,22273b10-e6f4-4b49-be28-4a3df10e37bf,63017,52644,2023,second_quarter,2024-04-24T19:00:39-04:00,relief,0.95,agreed,established,1
361765,d3b57c11-c0b9-4415-a940-2751de5fb0c5,63017,52644,2023,third_quarter,2024-04-24T19:06:17-04:00,relief,0.95,agreed,established,1
361768,f5962f18-00f7-4237-9c18-8c1f1c442163,63017,52644,2023,fourth_quarter,2024-04-24T19:08:29-04:00,relief,0.95,agreed,established,1
362651,c68cd8ab-41a4-4c7e-b3e5-d226f620235a,401107126,53829,2023,first_quarter,2024-10-11T17:32:06-04:00,unclear,0.95,agreed,established,1
362871,a5295ea2-8443-4523-9538-50678c34088b,8475,112676,2023,first_quarter,2024-12-10T10:40:03-05:00,unclear,0.4,opus,established,1
362878,d6740668-ef21-4d1b-b988-53484a51c5e3,8475,112676,2023,second_quarter,2024-12-10T10:41:34-05:00,unclear,0.4,opus,established,1
362885,7fff0ff9-daaa-4df9-b8fb-6a03cd71fe41,8475,112676,2023,third_quarter,2024-12-10T10:43:27-05:00,unclear,0.4,opus,established,1
362893,71c9d218-8ae4-4932-b5cb-c5fe913b02d2,8475,112676,2023,fourth_quarter,2024-12-10T10:46:57-05:00,unclear,0.4,opus,established,1
363411,662eed30-f409-47e9-890a-923af360ad45,35263,143852,2023,fourth_quarter,2025-07-21T17:12:14-04:00,unclear,0.35,agreed,established,1
363535,06dbd3e3-3203-43ec-b6c2-51360abe93d8,401103903,200360,2023,fourth_quarter,2026-01-12T18:28:14-05:00,relief,0.82,agreed,established,0
363539,5723f4e3-1b53-4e49-a3bf-e0c883f31b8a,401103903,200360,2023,first_quarter,2026-01-12T18:40:18-05:00,relief,0.82,agreed,established,0
363543,f70d3249-3785-4797-ad5c-5cd2a8bfec8b,401103903,200360,2023,second_quarter,2026-01-12T18:43:47-05:00,relief,0.82,agreed,established,0
363547,0cbc8b63-e13c-4a2e-9970-329498a9e52f,401103903,200360,2023,third_quarter,2026-01-12T18:46:19-05:00,relief,0.82,agreed,established,0
363563,67ed9cd3-00ae-4ff9-9335-7895fee29f18,401103903,200360,2023,first_quarter,2026-01-30T19:17:24-05:00,relief,0.82,agreed,established,1
363567,ea150286-69d0-44e7-9947-43a0a35980e5,401103903,200360,2023,second_quarter,2026-01-30T19:20:12-05:00,relief,0.82,agreed,established,1
363571,046d87d1-2e66-46f6-895a-53ed72f91671,401103903,200360,2023,third_quarter,2026-01-30T19:24:00-05:00,relief,0.82,agreed,established,1
363575,dfc0263d-2408-42e5-9dbc-355dd54332b7,401103903,200360,2023,fourth_quarter,2026-01-30T19:26:27-05:00,relief,0.82,agreed,established,1
363988,4da942bf-04cd-45ef-95fd-909c383757a1,401103565,58541,2024,first_quarter,2024-01-26T17:49:04-05:00,unclear,0.95,agreed,established,1
364077,6ab70b8f-068f-4d08-be4b-bebdffb27b37,401104209,58640,2024,first_quarter,2024-02-05T12:14:28-05:00,unclear,0.5,agreed,established,1
364537,522e0065-c22d-4037-bb74-6a931fa80a14,5211,106016,2024,first_quarter,2024-02-21T16:45:27-05:00,unclear,0.5,agreed,established,1
365492,4fe23bc6-f474-4b5a-99cc-29316281c074,314432,184995,2024,first_quarter,2024-03-25T09:49:37-04:00,unclear,0.45,opus,established,1
366136,34eb8344-f5e2-4fcf-a04a-782a7b61889a,40006037,187506,2024,first_quarter,2024-04-02T10:19:23-04:00,relief,0.95,agreed,established,1
366601,309bec48-54b8-4d40-b351-f42f147289bb,401104209,205334,2024,first_quarter,2024-04-03T11:33:05-04:00,unclear,0.9,agreed,established,1
366691,d3f1b2bf-a71f-4f6d-8b34-b0b70ed715f4,401103903,200360,2024,first_quarter,2024-04-03T14:35:05-04:00,relief,0.82,agreed,established,0
366712,be4c7eed-42c5-42aa-889e-3f0383b39eb5,400487397,57259,2024,first_quarter,2024-04-03T14:47:25-04:00,unclear,0.3,agreed,established,1
367674,b5b92251-6b86-4a41-bf0c-b3621e56aa4c,28504,134535,2024,first_quarter,2024-04-08T10:01:07-04:00,relief,0.95,agreed,established,1
368615,f89ff9b6-b72c-45e4-b739-3117c11e6068,400661993,210126,2024,first_quarter,2024-04-10T13:26:07-04:00,unclear,0.5,agreed,established,1
368719,bff7807e-6c60-44a4-93a8-b763ea503480,63017,52644,2024,first_quarter,2024-04-10T14:57:19-04:00,relief,0.95,agreed,established,0
368727,f3131dd9-6188-4423-8355-9e27f36dcca7,57338,159975,2024,first_quarter,2024-04-10T15:06:33-04:00,relief,0.97,agreed,established,1
369065,48c67ca8-96f0-487b-9fad-7a97864bd550,400408933,190355,2024,first_quarter,2024-04-11T11:36:18-04:00,relief,0.8,agreed,established,1
369244,bee2d730-52d9-4387-a91d-825c0964f4dc,7975,111010,2024,first_quarter,2024-04-11T13:55:01-04:00,unclear,0.4,agreed,established,1
369339,8a3881f8-c40c-480b-ad44-3f8b4de44602,39941,148807,2024,first_quarter,2024-04-11T16:03:20-04:00,relief,0.95,agreed,established,1
370281,2f0782b2-cefd-4a9e-a6ea-6c779ee8b02f,55792,159864,2024,first_quarter,2024-04-12T16:53:41-04:00,unclear,0.95,agreed,established,1
370638,356db0c1-8a80-4e98-aea0-22ef3162ccfc,75557,53538,2024,first_quarter,2024-04-12T21:07:26-04:00,unclear,0.95,agreed,established,1
371005,c57efa55-5476-4af0-ad2b-9da5f088eccb,401103524,199384,2024,first_quarter,2024-04-14T09:57:10-04:00,relief,0.95,agreed,established,1
371753,0d466044-8303-4ab0-b7a0-e977e1ba92ea,401104955,202976,2024,first_quarter,2024-04-15T10:14:20-04:00,unclear,0.45,opus,established,1
372374,cd1069b4-9e43-4933-ab1f-8f3e2bae4fbb,45937,153798,2024,first_quarter,2024-04-15T14:42:36-04:00,unclear,0.55,agreed,established,1
373802,86d9324a-5163-45f6-ab8e-bc7074340a10,401023888,197070,2024,first_quarter,2024-04-16T14:13:13-04:00,unclear,0.4,agreed,established,1
374078,abbfd408-1e18-4401-ab52-c9b602941397,49635,156506,2024,first_quarter,2024-04-16T15:14:48-04:00,unclear,0.45,opus,established,1
374114,78f6a4ac-c952-45b5-b63a-f9e373d9fdc9,283696,211867,2024,first_quarter,2024-04-16T15:22:32-04:00,unclear,0.95,agreed,established,1
374308,bb8c65f2-c1bc-43c4-8637-daa637aa5ed0,401105417,59644,2024,first_quarter,2024-04-16T15:54:20-04:00,unclear,0.95,agreed,established,0
374743,7777b6b5-175c-4edf-918f-fa77bac1946b,75557,59656,2024,first_quarter,2024-04-17T00:25:36-04:00,unclear,0.45,opus,established,0
375111,bc2283ef-e7b9-422e-a6bf-67696e4def03,24123,131484,2024,first_quarter,2024-04-17T10:52:45-04:00,unclear,0.95,agreed,established,1
375206,ef7504f6-2ac6-4d17-bd6e-433650cb045d,401104010,200631,2024,first_quarter,2024-04-17T11:09:02-04:00,unclear,0.5,agreed,established,1
375864,e733f216-f727-4486-9e56-24e5c4a55644,13005,118723,2024,first_quarter,2024-04-17T13:36:03-04:00,unclear,0.4,agreed,established,1
376082,d68658e4-c51d-4820-8818-13c7864ad188,24566,132410,2024,first_quarter,2024-04-17T14:22:13-04:00,unclear,0.8,agreed,established,1
377246,0ff9033c-4430-4e50-b9c6-9632ae37e4a6,400458236,191193,2024,first_quarter,2024-04-18T09:55:32-04:00,unclear,0.55,agreed,new2025_genuine,1
377436,a0792844-727c-4a11-9b11-0daf0deb1ddf,5506,107350,2024,first_quarter,2024-04-18T10:27:11-04:00,relief,0.95,agreed,established,1
377880,795fc821-8f7b-4818-958f-509e328792c3,401103521,199280,2024,first_quarter,2024-04-18T11:57:01-04:00,unclear,0.95,agreed,established,1
379483,515cd4ff-36b3-4be2-aea4-c437f95fc190,401104718,57813,2024,first_quarter,2024-04-18T15:58:32-04:00,unclear,0.55,agreed,established,1
380192,640e6d06-a3c3-4c4e-99bc-4d0ec7c36d0f,22883,129729,2024,first_quarter,2024-04-18T20:50:07-04:00,unclear,0.95,agreed,established,1
380212,b1267b5a-b71a-455b-9f8e-e6444b225d21,400287370,188909,2024,first_quarter,2024-04-18T21:13:08-04:00,unclear,0.45,opus,established,1
380411,bac5dca3-e55e-49d2-85ec-fb2621294160,46038,50832,2024,first_quarter,2024-04-19T05:47:03-04:00,unclear,0.95,agreed,established,1
381376,8e538244-4e6d-422c-91fb-75209cdf4d32,67854,57968,2024,first_quarter,2024-04-19T10:22:43-04:00,unclear,0.95,agreed,established,1
381526,d8ca9e00-1c45-46f8-96be-0f8d7a4614af,26912,134239,2024,first_quarter,2024-04-19T10:33:39-04:00,unclear,0.45,opus,established,1
382531,31ca097d-113e-4f52-b52a-78d57db7b7ae,556,100441,2024,first_quarter,2024-04-19T12:02:20-04:00,unclear,0.55,agreed,established,1
382615,d9e884ec-9f2c-4f3f-ac00-cc51d62cd6f8,400942717,196304,2024,first_quarter,2024-04-19T12:13:35-04:00,unclear,0.4,agreed,established,1
383495,5069fc69-98cf-49e3-a985-53cf99673a83,18103,123453,2024,first_quarter,2024-04-19T13:52:31-04:00,unclear,0.45,opus,established,1
383767,c942323c-cf7c-4e03-bc1c-b21ec4f653c3,287394,208491,2024,first_quarter,2024-04-19T14:14:24-04:00,unclear,0.95,agreed,established,1
383810,c751077c-f81d-4af0-b55e-15e4512eafd1,287394,208563,2024,first_quarter,2024-04-19T14:17:39-04:00,unclear,0.95,agreed,established,1
385667,8773a4b6-d14c-42a4-b64a-9f5439777e2d,81511,171312,2024,first_quarter,2024-04-19T16:27:55-04:00,unclear,0.35,agreed,established,1
385683,84fcc83d-e267-46dc-8a84-4e45f0b8f542,24032,131195,2024,first_quarter,2024-04-19T16:28:04-04:00,relief,0.85,opus,established,1
385713,3323de1a-8824-4d6e-8e73-0d3c37adf0d3,58055,160433,2024,first_quarter,2024-04-19T16:31:38-04:00,relief,0.95,agreed,established,1
386964,e58ef71b-c704-4102-a59e-78fcb769f810,1433,102615,2024,first_quarter,2024-04-19T20:23:06-04:00,relief,0.7,opus,established,1
386994,d3c5cfe1-df93-4b7e-bf36-3d267c2cd31d,1433,102612,2024,first_quarter,2024-04-19T20:36:40-04:00,relief,0.7,opus,established,1
387495,585c2e40-4273-479b-8f1c-10edf7b50329,401104718,55076,2024,first_quarter,2024-04-20T09:10:54-04:00,unclear,0.95,agreed,established,1
388292,15164a3e-5943-4fd9-8179-61b230cc79fb,22883,129738,2024,first_quarter,2024-04-20T16:21:19-04:00,unclear,0.95,agreed,established,1
388805,f1c31e7d-814d-41de-a367-d875b4013c0b,75557,59656,2024,first_quarter,2024-04-20T22:30:50-04:00,unclear,0.95,agreed,established,1
388814,0c3b0c83-8510-4880-9dcb-b335599b4294,401107297,54482,2024,first_quarter,2024-04-20T22:39:17-04:00,unclear,0.55,agreed,established,1
388857,20db0cd4-4538-431e-a32e-c9fc1e92a28e,290571,177646,2024,first_quarter,2024-04-20T22:51:31-04:00,unclear,0.45,opus,established,1
389064,c93029f9-0dbc-45f4-a29a-51c31a42a502,401104288,205374,2024,first_quarter,2024-04-21T08:41:50-04:00,mixed,0.6,opus,established,1
389398,c0296ff2-91b4-415e-895b-9d5a607705ff,400426039,190608,2024,first_quarter,2024-04-21T13:25:36-04:00,unclear,0.95,agreed,established,1
389434,38c438f4-a827-4585-bc3c-95e85ab14fd6,400426039,190614,2024,first_quarter,2024-04-21T13:52:23-04:00,unclear,0.95,agreed,established,1
389764,94c4ae4b-b47a-42d7-ab64-851c0bfc1f6c,400320506,189250,2024,first_quarter,2024-04-21T16:40:21-04:00,relief,0.85,opus,established,1
390147,77efeaf8-e7ce-4f0e-9a89-e6b43b9ebd57,22883,129756,2024,first_quarter,2024-04-21T18:48:27-04:00,unclear,0.95,agreed,established,1
391723,0173eb16-6912-4438-a3ea-ff924a7ddaac,13370,118930,2024,first_quarter,2024-04-22T09:23:47-04:00,unclear,0.95,agreed,established,1
392046,a188afd5-b8d4-4060-ac69-0fcf620347f0,401106405,213706,2024,first_quarter,2024-04-22T09:55:14-04:00,relief,0.95,agreed,established,1
392518,7a91aa00-fb47-442b-a2f3-01773fa56746,401054971,212971,2024,first_quarter,2024-04-22T10:22:08-04:00,monitoring,0.9,agreed,established,1
393559,2dd83fc1-3644-4c8e-b8e9-89f397e87b9d,4766,104899,2024,first_quarter,2024-04-22T11:28:48-04:00,protection,0.7,opus,established,1
394443,2f1f0b9b-6495-4e64-ab00-ba70bf755e16,317311,186004,2024,first_quarter,2024-04-22T12:15:23-04:00,unclear,0.45,opus,established,1
395118,75d9b783-45b3-4961-bf83-18e984d2154f,10935,114903,2024,first_quarter,2024-04-22T12:57:06-04:00,relief,0.95,agreed,established,1
395770,21878213-4d0c-442c-b212-ebfed642fbba,401108149,58740,2024,first_quarter,2024-04-22T13:37:21-04:00,relief,0.8,opus,established,1
396959,cf2c3897-567f-49b2-a800-9a86e04c4d29,35263,143852,2024,first_quarter,2024-04-22T14:35:35-04:00,unclear,0.35,agreed,established,1
396974,2cfc67eb-358f-4d14-a388-6e70cad581ee,56771,159922,2024,first_quarter,2024-04-22T14:36:02-04:00,relief,0.92,agreed,established,1
397094,b2189485-b4d0-4245-9bec-9580a1413cdb,5632,107401,2024,first_quarter,2024-04-22T14:43:20-04:00,monitoring,0.85,agreed,established,1
397607,d4e29fa6-2580-4eec-9c00-079967c1be21,5404,206593,2024,first_quarter,2024-04-22T15:04:54-04:00,relief,0.9,agreed,established,1
398182,6c244ae6-e0fa-4994-9a56-8006e2174c43,66773,163770,2024,first_quarter,2024-04-22T15:31:34-04:00,relief,0.7,opus,established,1
398325,4caa9534-7f1c-44fb-a7e8-0ddd319755ac,401105259,203474,2024,first_quarter,2024-04-22T15:36:57-04:00,relief,0.9,agreed,established,1
398826,cec6f91b-065d-4060-a1c0-9540fea2057a,400794388,195349,2024,first_quarter,2024-04-22T15:57:11-04:00,unclear,0.55,agreed,established,1
399041,4ca6486a-9210-421b-bf65-f5987370effb,401104313,201390,2024,first_quarter,2024-04-22T16:05:46-04:00,unclear,0.95,agreed,established,1
399227,b759c033-6214-45c9-8226-59a3650d4f67,28663,134577,2024,first_quarter,2024-04-22T16:12:17-04:00,relief,0.95,agreed,established,1
401327,601925d1-b4bd-4d4c-a928-ae1ec3cd53bf,8475,112676,2024,first_quarter,2024-04-22T17:30:33-04:00,unclear,0.4,opus,established,1
401799,032defc8-22d9-4ff1-b834-277133e0b898,400412950,190379,2024,first_quarter,2024-04-22T17:48:00-04:00,unclear,0.4,agreed,established,1
402103,bd18bfd6-8bd8-46e3-9cb3-fa06112d250a,298091,179910,2024,first_quarter,2024-04-22T18:00:39-04:00,relief,0.8,opus,established,1
402281,876e83fd-2370-47b3-b6ab-135ddbbbbc4f,40021,149481,2024,first_quarter,2024-04-22T18:08:26-04:00,relief,0.95,agreed,established,1
402374,dd53dff3-ae86-480a-aba5-73b152f1460f,401103565,208110,2024,first_quarter,2024-04-22T18:13:28-04:00,unclear,0.45,opus,established,1
402419,520e87f0-a758-4e57-bee5-e807a832ed1b,401103897,200355,2024,first_quarter,2024-04-22T18:15:59-04:00,relief,0.92,agreed,established,1
403180,4a5dce80-0198-4d63-9688-75964513f24d,401104172,200901,2024,first_quarter,2024-04-22T19:31:48-04:00,unclear,0.5,agreed,established,1
403200,8f70194d-47be-450e-afa5-13d2658029db,401046942,197256,2024,first_quarter,2024-04-22T19:33:40-04:00,unclear,0.4,agreed,established,1
403729,f62a9dc9-a1bc-4e3a-a6a8-aa3a1134e2b4,401105417,203687,2024,first_quarter,2024-04-22T20:16:33-04:00,unclear,0.4,opus,established,1
404015,f3798c11-2452-4367-8767-9b8e5daddcae,401105417,59644,2024,first_quarter,2024-04-22T20:44:55-04:00,unclear,0.8,agreed,established,1
405066,f238df68-0c39-4e10-82cd-c9f686bbb887,27833,134460,2024,first_quarter,2024-04-22T23:03:22-04:00,relief,0.7,opus,established,1
405584,da7a917e-dd3a-4b51-9f90-918043c8c6d5,401103237,198275,2024,first_quarter,2024-04-23T10:12:37-04:00,relief,0.95,agreed,established,1
406034,96f73438-79c3-4bd3-9a67-df5db04223fa,291594,177806,2024,first_quarter,2024-04-24T12:12:16-04:00,unclear,0.8,agreed,established,1
406117,7de8269c-f82f-47fb-aa1e-de67ea20c1bb,400359656,189550,2024,first_quarter,2024-04-24T14:54:53-04:00,relief,0.9,agreed,established,1
406205,b18a3873-eaa3-45ed-a5cb-dcf58a42e8df,63017,52644,2024,first_quarter,2024-04-24T19:02:59-04:00,relief,0.95,agreed,established,1
406483,fc3a9a3b-c79f-4c9f-b87e-02748384b8f3,401108467,59970,2024,second_quarter,2024-04-26T12:06:37-04:00,unclear,0.85,agreed,established,0
407046,5acb5170-b93c-4d4f-9abf-826c5cc18fca,401105589,205749,2024,first_quarter,2024-05-02T12:08:25-04:00,mixed,0.85,opus,established,1
407134,c2085cfd-5a5a-4fe2-b81b-4c04a3637191,36366,145446,2024,first_quarter,2024-05-02T12:27:08-04:00,unclear,0.4,agreed,established,1
407370,e98222b3-2350-4880-a3db-4f39bbafa18a,401104830,202799,2024,first_quarter,2024-05-02T14:28:55-04:00,unclear,0.95,agreed,established,1
407644,015d3f39-4d01-4fb9-965b-2ff72c12fafe,37538,146406,2024,first_quarter,2024-05-03T14:16:27-04:00,unclear,0.4,opus,established,1
408109,f1c03f0a-2628-486c-a846-0e0d7d1d7873,30393,135816,2024,first_quarter,2024-05-07T13:17:48-04:00,relief,0.95,agreed,established,1
409052,b5c73e5d-08da-4787-8f88-53cdb8205761,401108532,60137,2024,second_quarter,2024-05-09T14:34:47-04:00,unclear,0.95,agreed,unknown,1
409114,c7c896dd-5254-40ed-aa92-aa7231c53eb7,58352,160522,2024,first_quarter,2024-05-10T02:35:26-04:00,relief,0.95,agreed,established,1
409759,0c9ea342-5356-4cc2-aa9a-209be0b5fdc1,81054,171061,2024,first_quarter,2024-05-17T12:40:06-04:00,protection,0.95,opus,established,1
410834,906f8821-4367-4739-be7b-fc6a311adf26,314432,184995,2024,second_quarter,2024-06-14T00:24:33-04:00,unclear,0.45,opus,established,1
411287,157ae3f5-8ff4-4c4d-aeea-8cd9b342bcbc,40006037,187506,2024,second_quarter,2024-06-27T15:58:47-04:00,relief,0.95,agreed,established,0
411525,b11a6f4c-bcaf-4521-b51d-bb5702592766,400661993,210126,2024,second_quarter,2024-07-01T08:39:52-04:00,unclear,0.5,agreed,established,1
411596,664100c3-8dd2-4fee-bca5-ad6938cb0e39,401104209,205334,2024,second_quarter,2024-07-01T10:32:36-04:00,unclear,0.9,agreed,established,1
412003,c5fe1a67-78db-4506-b766-533e03216913,401104288,60648,2024,second_quarter,2024-07-01T19:49:40-04:00,relief,0.95,agreed,established,0
412028,cf3f21d4-72a9-49ce-8558-3a6e682f670f,28504,134535,2024,second_quarter,2024-07-02T09:15:37-04:00,relief,0.95,agreed,established,1
413165,8ead7b05-ee03-4e1b-beda-9a2e9fb9f403,401103903,200360,2024,second_quarter,2024-07-06T21:01:06-04:00,relief,0.82,agreed,established,0
413510,ff68b37c-cdd5-4a81-9646-e2b2a88d11f8,401103524,199384,2024,second_quarter,2024-07-08T14:57:03-04:00,relief,0.95,agreed,established,1
413919,6363d3e8-7096-4205-9af9-d3e70d836690,400320506,189250,2024,second_quarter,2024-07-09T12:54:37-04:00,relief,0.85,opus,established,1
414074,b861c22b-f9a1-49ec-8ae4-4e9226c33d55,40006037,187506,2024,second_quarter,2024-07-09T14:46:35-04:00,relief,0.95,agreed,established,0
414834,33ada97a-21ce-4cf7-982e-fc374dcfae91,7975,111010,2024,second_quarter,2024-07-10T15:29:54-04:00,unclear,0.4,agreed,established,1
414960,d67d60ec-c6a9-4853-ab12-7f0486b155ba,400487397,57259,2024,second_quarter,2024-07-10T16:46:13-04:00,unclear,0.3,agreed,established,1
415101,ba5f86b4-5e2c-4d23-a0c0-c326ebc341d4,283696,211867,2024,second_quarter,2024-07-11T09:48:32-04:00,unclear,0.95,agreed,established,1
415272,2cdcf627-35bd-4a12-bd70-0a05ca0a924f,55792,159864,2024,second_quarter,2024-07-11T11:36:48-04:00,unclear,0.95,agreed,established,1
415630,bc66db18-cb81-410d-ae50-45626580ca10,63017,52644,2024,second_quarter,2024-07-11T15:24:55-04:00,relief,0.95,agreed,established,0
415671,d38a44f5-ee57-44bc-bfb5-6d0381975e94,63017,52644,2024,second_quarter,2024-07-11T16:09:27-04:00,relief,0.95,agreed,established,1
416097,751496ff-c502-47b7-bd2d-d65bfc9105ee,400408933,190355,2024,second_quarter,2024-07-12T12:40:27-04:00,relief,0.8,agreed,established,1
416266,2aa76167-a684-4315-8a31-c81bdd852012,40006037,187506,2024,second_quarter,2024-07-12T14:23:10-04:00,relief,0.95,agreed,established,0
417071,c1a92dd4-7bc2-49a2-9c54-874830ef2e6a,400287370,188909,2024,second_quarter,2024-07-13T22:03:41-04:00,unclear,0.45,opus,established,1
417754,92797629-3dd8-4341-8029-932f63e6ba9d,75557,59656,2024,second_quarter,2024-07-14T23:12:21-04:00,unclear,0.5,opus,established,1
418206,e26b547b-4c6f-40ec-95c0-0225c5a3cda6,22883,129729,2024,second_quarter,2024-07-15T11:55:38-04:00,unclear,0.95,agreed,established,1
418878,498fb674-14e8-420e-bf26-ee352066c632,75557,53538,2024,second_quarter,2024-07-15T15:33:45-04:00,unclear,0.95,agreed,established,1
418956,9e0f6473-efe9-43f1-bdea-e5a30f4c0ecd,49635,156506,2024,second_quarter,2024-07-15T15:56:19-04:00,unclear,0.45,opus,established,1
419057,14e1240f-4f2c-4e57-9e92-95a4b5c16cba,39941,148807,2024,second_quarter,2024-07-15T16:35:49-04:00,relief,0.95,agreed,established,1
420662,72bfb148-49b8-4826-aa04-b76840005d4b,45937,153798,2024,second_quarter,2024-07-16T14:05:32-04:00,unclear,0.55,agreed,established,1
420983,243d72eb-9e62-499f-a9f4-11f41181c69c,401108325,60810,2024,third_quarter,2024-07-16T15:30:36-04:00,unclear,0.85,agreed,unknown,1
423211,8a58fd1a-7a82-410b-ab62-7527b7fc8b7e,401105190,60844,2024,third_quarter,2024-07-17T16:06:35-04:00,unclear,0.5,agreed,established,0
423224,208accb8-0ec9-492e-82f4-6e790c83ab0d,22883,129738,2024,second_quarter,2024-07-17T16:09:47-04:00,unclear,0.95,agreed,established,0
423227,eaf6cedd-b8f9-42c6-80c5-b365b8defe6c,22883,129738,2024,second_quarter,2024-07-17T16:10:00-04:00,unclear,0.95,agreed,established,1
425133,11a80a53-98a5-4537-884e-2538e9709ce0,401104718,57813,2024,second_quarter,2024-07-18T12:37:41-04:00,unclear,0.55,agreed,established,1
425144,01d6e32d-ef5c-4425-9a05-6610cda08b0f,401104718,55076,2024,second_quarter,2024-07-18T12:39:20-04:00,unclear,0.95,agreed,established,1
425528,72acda0c-0181-4b67-801f-06d6d1edcf5c,401104010,200631,2024,second_quarter,2024-07-18T13:37:07-04:00,unclear,0.5,agreed,established,1
425689,13222e33-6d10-490f-8661-23de7fd14696,22883,129756,2024,second_quarter,2024-07-18T13:54:34-04:00,unclear,0.95,agreed,established,1
426935,3fe9d9b2-0cc0-45e9-bbc5-79c4dc687276,400426039,190608,2024,second_quarter,2024-07-18T16:26:02-04:00,unclear,0.95,agreed,established,1
427189,5a82632c-2671-4167-a3d6-74265ec13937,556,100441,2024,second_quarter,2024-07-18T16:53:43-04:00,unclear,0.55,agreed,established,1
427209,3d9b945e-b9d3-41f2-b0ff-4a8f2bc33bc6,400426039,190614,2024,second_quarter,2024-07-18T16:54:56-04:00,unclear,0.95,agreed,established,1
428570,4e76f876-62eb-4945-b000-2d69859ef378,26912,134239,2024,second_quarter,2024-07-19T09:15:54-04:00,unclear,0.8,agreed,established,1
429147,a77d6279-9ce0-4798-9a86-5b0d3b0d0ea0,290571,177646,2024,second_quarter,2024-07-19T10:11:59-04:00,unclear,0.45,opus,established,1
429307,bb412608-6dd9-4958-b4db-d386bc7df5d4,13370,118930,2024,second_quarter,2024-07-19T10:23:01-04:00,relief,0.88,agreed,established,0
429392,28c0dddd-3ef6-4cce-a62c-581f515091c5,10935,114903,2024,second_quarter,2024-07-19T10:30:39-04:00,relief,0.95,agreed,established,1
430130,41d970e5-a77a-4eef-8c84-1ab69975d80c,5506,107350,2024,second_quarter,2024-07-19T11:28:32-04:00,relief,0.95,agreed,established,1
430645,ad4794dc-9da2-423e-8f3b-fcec9b55c22c,24123,131484,2024,second_quarter,2024-07-19T12:19:18-04:00,unclear,0.95,agreed,established,1
430653,0fdfea9f-7c18-4421-8426-f666209d518d,35263,143852,2024,second_quarter,2024-07-19T12:19:35-04:00,unclear,0.35,agreed,established,1
431387,16395db6-d7ae-431d-8c93-225cd7006b21,401103521,199280,2024,second_quarter,2024-07-19T13:29:07-04:00,unclear,0.95,agreed,established,1
432361,e99daf96-e297-44a8-bfb9-74f4353ab539,18103,123453,2024,second_quarter,2024-07-19T15:02:02-04:00,unclear,0.45,opus,established,1
432678,a37651d3-67c8-4cf3-a938-5e2ecfe578ca,400978796,196659,2024,second_quarter,2024-07-19T15:41:54-04:00,unclear,0.4,opus,established,1
433016,d6e7f1f2-b09e-4f8d-9c1a-b4957b818c07,72873,166355,2024,second_quarter,2024-07-19T16:17:35-04:00,relief,0.95,agreed,established,0
433454,2f24deed-4002-4cde-baf6-3b9c4189c780,58055,160433,2024,second_quarter,2024-07-19T17:00:37-04:00,relief,0.95,agreed,established,1
433504,015430c0-f8b3-498b-b18e-9241cf6f5f9f,400412950,190379,2024,second_quarter,2024-07-19T17:04:10-04:00,unclear,0.4,agreed,established,1
433772,6e0b33d4-8613-4891-9ee0-6104dd459f09,81511,171312,2024,second_quarter,2024-07-19T17:54:58-04:00,unclear,0.35,agreed,established,1
433944,ef556215-8b04-4641-8d27-c0b83d0499dd,24566,132410,2024,second_quarter,2024-07-19T18:33:49-04:00,unclear,0.8,agreed,established,1
435294,4de3572b-6787-447e-ae74-11adcd8093e8,56771,159922,2024,second_quarter,2024-07-20T16:08:37-04:00,relief,0.92,agreed,established,1
435605,db5c7b81-d8d3-4c4b-afe9-47f26289950c,287394,208491,2024,second_quarter,2024-07-20T21:30:59-04:00,unclear,0.95,agreed,established,1
435619,9ebd9727-4be7-4c57-b3e1-f4b85d531e6d,287394,208563,2024,second_quarter,2024-07-20T21:35:11-04:00,unclear,0.95,agreed,established,1
435764,fb60d4bb-0897-4e29-8fbc-08d1e48fa7ad,401104288,60648,2024,second_quarter,2024-07-21T04:50:02-04:00,relief,0.95,agreed,established,1
436021,07708d27-6412-4fbe-b244-9711ea779c0c,400942717,196304,2024,second_quarter,2024-07-21T09:43:04-04:00,unclear,0.4,agreed,established,1
436061,207e7da3-037b-4d01-b0f7-dbcc72c9428e,401104288,205374,2024,second_quarter,2024-07-21T11:08:50-04:00,mixed,0.6,opus,established,1
437953,f7d20358-2ccb-4881-a24a-0c3868358711,401104955,202976,2024,second_quarter,2024-07-22T09:22:52-04:00,unclear,0.45,opus,established,1
439236,35347b31-1ebd-4ef7-979f-8f53aecae644,4766,104899,2024,second_quarter,2024-07-22T10:39:49-04:00,protection,0.7,opus,established,1
440232,199a46d3-d57e-4e8d-8ea7-7499e3da53f8,401106405,213706,2024,second_quarter,2024-07-22T11:34:46-04:00,relief,0.95,agreed,established,1
440745,29ec4006-e01f-4087-8495-b1a0acf5564d,1433,102615,2024,second_quarter,2024-07-22T12:01:06-04:00,relief,0.7,opus,established,1
440847,e3f8f112-1b1e-438d-910b-72a4ba21f9a6,317311,186004,2024,second_quarter,2024-07-22T12:06:35-04:00,unclear,0.45,opus,established,1
440887,aef49472-f8f1-46b1-bf96-066388614670,1433,102612,2024,second_quarter,2024-07-22T12:08:46-04:00,relief,0.7,opus,established,1
441221,cea263fc-8b37-4e63-85da-b3e524a2ba8a,13005,118723,2024,second_quarter,2024-07-22T12:29:40-04:00,unclear,0.4,agreed,established,1
443060,d9ebca7c-cb4a-433b-8560-df070d95b5ea,66773,163770,2024,second_quarter,2024-07-22T14:22:11-04:00,relief,0.7,opus,established,1
443407,b731e781-4e74-4e83-abbc-0b128615ea87,5211,106016,2024,second_quarter,2024-07-22T14:35:24-04:00,unclear,0.6,agreed,established,0
444508,c570c8bf-7671-4da3-b79d-c7879605890e,401105259,203474,2024,second_quarter,2024-07-22T15:24:35-04:00,relief,0.9,agreed,established,1
444587,4311d3a8-a616-424e-aad1-e33284b55bb1,400695073,194329,2024,second_quarter,2024-07-22T15:28:35-04:00,unclear,0.5,agreed,established,1
445178,d733dee5-9be6-407d-a08d-9a237d4d3168,401103897,200355,2024,second_quarter,2024-07-22T15:49:02-04:00,relief,0.92,agreed,established,1
445282,ec9e6165-c2ee-4751-8764-e545872dc91a,401104313,201390,2024,second_quarter,2024-07-22T15:53:57-04:00,unclear,0.95,agreed,established,1
445294,76b09bb1-8d5f-451d-9caf-8ec18bffa320,401105417,203687,2024,second_quarter,2024-07-22T15:54:30-04:00,unclear,0.4,opus,established,1
445396,efc6b5a0-fb6e-4552-8ac3-1ec4b8ba6df5,40021,149481,2024,second_quarter,2024-07-22T15:58:33-04:00,relief,0.95,agreed,established,1
446314,c5a18cc9-3d36-48de-87fd-d1a19cb49e54,5632,107401,2024,second_quarter,2024-07-22T16:36:49-04:00,monitoring,0.85,agreed,established,0
446728,6ab8a3e5-96e8-46dc-8cf4-5de0b5b76583,401046942,197256,2024,second_quarter,2024-07-22T16:52:57-04:00,unclear,0.4,agreed,established,1
448076,1e4c8b72-456b-4259-8cfc-79d06a1d33b6,24032,131195,2024,second_quarter,2024-07-22T17:42:26-04:00,relief,0.85,opus,established,1
448376,02219d93-f05f-4808-b1a7-ce95adb085c4,57338,159975,2024,second_quarter,2024-07-22T17:56:21-04:00,relief,0.97,agreed,established,1
448426,aaf42448-382a-43d0-8969-b2052658f327,401105417,59644,2024,second_quarter,2024-07-22T18:00:15-04:00,unclear,0.8,agreed,established,1
448581,eab23889-9d86-43a2-9ba1-a81a43eb724d,401103565,208110,2024,second_quarter,2024-07-22T18:08:10-04:00,relief,0.8,agreed,established,1
449080,44ed8a75-e933-44c5-8aaf-aeffd57fbbfa,400794388,195349,2024,second_quarter,2024-07-22T18:43:35-04:00,unclear,0.55,agreed,established,1
449148,72186d53-3c0d-48cc-9157-9af5c45d8172,401054971,212971,2024,second_quarter,2024-07-22T18:47:08-04:00,monitoring,0.85,agreed,established,1
449778,0b474f13-3a6f-4e93-959b-2a5d1ea668e4,401107297,54482,2024,second_quarter,2024-07-22T20:00:07-04:00,unclear,0.55,agreed,established,1
449915,367a2b96-a4fd-4d01-96eb-7d2609ba01de,28663,134577,2024,second_quarter,2024-07-22T20:17:24-04:00,relief,0.95,agreed,established,1
450021,de368943-68d6-456f-a797-620b7da431c2,401104172,200901,2024,second_quarter,2024-07-22T20:32:11-04:00,unclear,0.5,agreed,established,1
450360,e554b64b-06a6-4d92-8a62-8d1dfa7c7aa8,8475,112676,2024,second_quarter,2024-07-22T21:21:15-04:00,unclear,0.4,opus,established,1
450383,a88fe1ca-e165-4399-81a1-b76c4ce1bf77,67854,57968,2024,second_quarter,2024-07-22T21:24:17-04:00,unclear,0.95,agreed,established,1
450445,aa4d8627-8451-4dc4-b009-f652d53ebee9,401108149,58740,2024,second_quarter,2024-07-22T21:33:17-04:00,relief,0.8,opus,established,1
451300,1b9fd0b0-47ec-42f2-8df8-79ddd1e97588,5632,107401,2024,second_quarter,2024-07-23T11:12:49-04:00,monitoring,0.85,agreed,established,1
452332,b20b6111-c7f8-4b32-856c-7a7c287efd4b,291594,177806,2024,second_quarter,2024-07-25T13:57:06-04:00,unclear,0.8,agreed,established,1
452509,ada27744-469e-4360-a489-9d72da923fef,401104830,202799,2024,second_quarter,2024-07-26T10:41:55-04:00,unclear,0.95,agreed,established,1
452893,247c6316-b25c-4b30-9f91-b924937523d8,298091,179910,2024,second_quarter,2024-07-30T10:11:55-04:00,relief,0.8,opus,established,1
453011,f7c64a26-dda1-4692-9d59-afa6012b5383,13370,118930,2024,second_quarter,2024-07-30T14:50:10-04:00,relief,0.88,agreed,established,1
453084,f33f04a7-4f76-40ef-9ebf-39738f39e75e,27833,134460,2024,second_quarter,2024-07-30T22:41:26-04:00,relief,0.7,opus,established,1
453598,f5b34cf9-0f9c-4414-918e-838da50b662b,401105589,205749,2024,second_quarter,2024-08-06T12:09:49-04:00,mixed,0.85,opus,established,1
454162,daeeaaf7-86e9-4c0d-a6d7-3416723ba82e,400359656,189550,2024,second_quarter,2024-08-08T19:36:53-04:00,relief,0.9,agreed,established,1
454213,21f85dc2-6282-47da-a777-6614901cd375,401108467,59970,2024,second_quarter,2024-08-09T22:11:44-04:00,unclear,0.45,opus,established,1
454379,c0cc4bc1-c2f7-4a3b-9bfa-3656d5effba1,30393,135816,2024,second_quarter,2024-08-12T11:39:02-04:00,relief,0.95,agreed,established,1
454425,d9344cf6-4bf3-4eec-bae0-0349b04d16e9,37538,146406,2024,second_quarter,2024-08-12T11:45:33-04:00,unclear,0.4,opus,established,1
454472,60d19585-ffe0-47b5-9c90-53cd6210de5d,401023888,197070,2024,second_quarter,2024-08-12T12:09:15-04:00,unclear,0.4,agreed,established,0
454489,069917de-c813-4db7-9f9d-97690d1ac37f,401023888,197070,2024,second_quarter,2024-08-12T12:17:02-04:00,unclear,0.4,agreed,established,1
454608,b7682707-63b1-42d9-a6ca-41f6962d7557,36366,145446,2024,second_quarter,2024-08-12T14:13:11-04:00,unclear,0.4,agreed,established,1
454768,68bec086-37f3-4aad-ae4e-73d8b96c79ff,58352,160522,2024,second_quarter,2024-08-12T18:51:37-04:00,relief,0.95,agreed,established,1
455090,37180c69-f6fb-498a-b403-56db3866a99e,401106285,60835,2024,second_quarter,2024-08-14T11:57:45-04:00,unclear,0.4,agreed,established,1
455189,e0f890f2-6e72-44fd-9941-cb81780e5ef7,81054,171061,2024,second_quarter,2024-08-15T10:21:16-04:00,protection,0.95,opus,established,1
455528,3df562b6-b4eb-4eec-8abf-20f4aad55db8,400320506,189250,2024,third_quarter,2024-08-20T15:15:49-04:00,unclear,0.4,opus,established,0
455891,8d715644-7c28-481c-8bb8-1cb6b466b9dd,401108838,61222,2024,third_quarter,2024-08-28T12:40:04-04:00,unclear,0.95,agreed,unknown,1
456687,7b29d6f5-f2c6-4ba3-8a0e-aba704c37d19,401104294,61342,2024,second_quarter,2024-09-16T10:57:39-04:00,unclear,0.5,agreed,established,1
457054,a1d3c9ca-86ab-4c0a-b626-843708b91112,6325,108731,2024,third_quarter,2024-09-23T12:03:15-04:00,unclear,0.95,agreed,established,0
458291,a9bd0157-2a1c-4517-b35a-68a8891b343a,401104209,205334,2024,third_quarter,2024-10-04T09:42:13-04:00,unclear,0.9,agreed,established,1
458693,734a22d0-8582-4189-99bd-39a4cb19dcbc,401103903,200360,2024,third_quarter,2024-10-06T20:57:06-04:00,relief,0.82,agreed,established,0
458696,78dd163b-4582-409b-9e25-4d9918ae21fa,401103903,200360,2024,third_quarter,2024-10-06T21:02:14-04:00,relief,0.82,agreed,established,0
459114,1a1270c2-b6ae-486f-8343-a04e0d56d51c,400408933,190355,2024,third_quarter,2024-10-08T07:49:16-04:00,relief,0.8,agreed,established,1
459433,9b919fc8-9690-4ac5-a69f-18e2fba9f730,28504,134535,2024,third_quarter,2024-10-08T14:25:32-04:00,relief,0.95,agreed,established,1
459700,fab1fc76-265c-484a-af2b-efa71a3771a4,22883,129729,2024,third_quarter,2024-10-08T22:20:32-04:00,unclear,0.95,agreed,established,1
460521,ae550c74-c97b-4335-9832-71c63f3b8816,400661993,210126,2024,third_quarter,2024-10-10T12:16:26-04:00,unclear,0.5,agreed,established,1
460532,2227381a-75fc-4a9c-b16e-d4b9f6e3b76d,401106405,213706,2024,third_quarter,2024-10-10T12:25:46-04:00,unclear,0.95,agreed,established,0
460616,e849b4ca-f1c9-495a-8970-1e95de3227a2,7975,111010,2024,third_quarter,2024-10-10T13:40:49-04:00,unclear,0.4,agreed,established,1
461817,aba7bd03-dfb1-4ff9-a570-b50a1dd02e5b,8453,57191,2024,third_quarter,2024-10-13T11:26:26-04:00,unclear,0.95,agreed,established,1
462222,91ce45c6-2114-446d-b732-8107a7bf953c,55792,159864,2024,third_quarter,2024-10-14T10:37:44-04:00,unclear,0.95,agreed,established,1
464133,d0a7bcfe-1a0a-4343-b2fa-8bb7457ef0f1,401023888,197070,2024,third_quarter,2024-10-15T14:39:46-04:00,unclear,0.4,agreed,established,1
464803,f9b833d4-2bf5-4092-8f4c-aeef066a2d70,400978796,196659,2024,third_quarter,2024-10-15T18:29:40-04:00,unclear,0.4,opus,established,1
464842,4606003c-f99e-4370-9541-87f19e21d8c5,40006037,187506,2024,third_quarter,2024-10-15T19:01:48-04:00,relief,0.95,agreed,established,0
465837,e38262d9-64da-4084-9657-ae2ba6de459f,298091,179910,2024,third_quarter,2024-10-16T13:11:38-04:00,relief,0.8,opus,established,1
465942,98cd221f-d261-47f8-b819-93f6ab9690f6,401103524,199384,2024,third_quarter,2024-10-16T13:38:37-04:00,relief,0.95,agreed,established,1
466076,0ef35e2f-bb1d-4264-8ef9-1dc38559fe47,18103,123453,2024,third_quarter,2024-10-16T14:11:52-04:00,unclear,0.45,opus,established,0
466643,16e67c4a-18d8-4ff1-abfe-f7561fdb1d5b,283696,211867,2024,third_quarter,2024-10-16T16:02:23-04:00,unclear,0.95,agreed,established,1
466732,bd496608-7960-4619-bbce-d4ae7d98e570,36105,61429,2024,third_quarter,2024-10-16T16:15:57-04:00,unclear,0.9,agreed,established,1
468550,73a225e3-2b8c-4975-aba9-c88a7d9ce6ab,40011087,187711,2024,third_quarter,2024-10-17T12:10:58-04:00,relief,0.9,agreed,established,1
469093,9333c95c-ff4a-4e46-9574-4773c80609fd,81511,171312,2024,third_quarter,2024-10-17T13:55:24-04:00,unclear,0.35,agreed,established,1
469458,59279cd2-11b2-4334-a02b-7bca410282f4,400426039,190608,2024,third_quarter,2024-10-17T14:27:38-04:00,unclear,0.95,agreed,established,1
469905,fc35851c-8022-4bb8-ada3-7142017298a7,24566,132410,2024,third_quarter,2024-10-17T15:05:08-04:00,unclear,0.8,agreed,established,1
469925,5cba49e7-1cf4-48b5-9e53-c983784a3202,400426039,190614,2024,third_quarter,2024-10-17T15:07:15-04:00,unclear,0.95,agreed,established,1
470620,b93ca029-409e-4c5c-86f4-d932b047cbc2,75557,59656,2024,third_quarter,2024-10-17T16:35:59-04:00,unclear,0.95,agreed,established,1
471933,cd1c2383-0c94-41a4-a7b9-4888bc8bc0d0,401104010,200631,2024,third_quarter,2024-10-17T23:40:55-04:00,unclear,0.5,agreed,established,1
472090,dd380f8b-c3c6-4a29-82d9-671251b0cb0c,401104288,60648,2024,third_quarter,2024-10-18T07:44:21-04:00,relief,0.95,agreed,established,1
472382,79ee59d5-c1d2-488c-977c-c59dd97e4415,556,100441,2024,third_quarter,2024-10-18T09:28:32-04:00,unclear,0.55,agreed,established,1
472927,1ea23755-d339-409f-b497-71f473fc792c,26912,134239,2024,third_quarter,2024-10-18T10:24:59-04:00,unclear,0.8,agreed,established,1
472977,01a8d35c-bef8-48c3-abb1-1ae90163f46d,39941,148807,2024,third_quarter,2024-10-18T10:27:52-04:00,relief,0.95,agreed,established,1
473984,072e5d88-b379-44f1-8c19-5b291d5ef602,1433,102615,2024,third_quarter,2024-10-18T12:06:41-04:00,relief,0.7,opus,established,1
474058,8618a16f-8c73-423f-8d25-44d72ecfb101,1433,102612,2024,third_quarter,2024-10-18T12:13:24-04:00,relief,0.7,opus,established,1
475252,4d227af1-58ad-460f-a9f9-309dd20d7686,5506,107350,2024,third_quarter,2024-10-18T13:54:57-04:00,relief,0.95,agreed,established,1
475760,b9a7c003-68b3-493e-83f4-2bedad354dda,24123,131484,2024,third_quarter,2024-10-18T14:37:06-04:00,unclear,0.95,agreed,established,1
475956,45ae1609-ab43-44a6-8d22-cc9f0c17f257,401105589,205749,2024,third_quarter,2024-10-18T14:52:12-04:00,mixed,0.85,opus,established,1
476455,06215187-218a-48b0-a61b-d96c9cb7f6b9,401104955,202976,2024,third_quarter,2024-10-18T15:27:54-04:00,unclear,0.45,opus,established,1
477039,afc30221-0069-491c-b5d4-a1ffb57ec9cf,35230,61725,2024,fourth_quarter,2024-10-18T16:28:43-04:00,unclear,0.5,agreed,established,0
477478,c3fe527b-163c-4fa8-8795-4750858ab3d5,401103521,199280,2024,third_quarter,2024-10-18T17:19:41-04:00,unclear,0.95,agreed,established,1
478690,2c9626ea-353b-4c4d-bbf1-b3ae509a8661,287394,208491,2024,third_quarter,2024-10-19T13:30:10-04:00,unclear,0.95,agreed,established,1
478699,ab051a5e-eed6-428e-a9c4-aab7db3336e0,287394,208563,2024,third_quarter,2024-10-19T13:34:42-04:00,unclear,0.95,agreed,established,1
479319,ca7313a0-56c5-4cd8-ad87-551e86c57832,401104718,57813,2024,third_quarter,2024-10-20T09:00:37-04:00,unclear,0.55,agreed,established,1
479325,1112c598-d47d-4b05-a90a-c9a244409467,401104718,55076,2024,third_quarter,2024-10-20T09:03:54-04:00,unclear,0.95,agreed,established,1
480228,bf9260c7-3bcc-4642-a34e-8229acd94b6f,400942717,196304,2024,third_quarter,2024-10-20T17:19:48-04:00,unclear,0.4,agreed,established,1
480513,9c45e549-f501-46ec-8635-af3267f2c5af,401104288,205374,2024,third_quarter,2024-10-20T21:00:41-04:00,mixed,0.6,opus,established,1
481702,61075937-ccf1-4487-83c7-87749108de03,4766,104899,2024,third_quarter,2024-10-21T09:25:36-04:00,protection,0.7,opus,established,1
482431,0572affa-f6c4-4f0c-b4ef-0bbd61122ea9,401105417,59644,2024,third_quarter,2024-10-21T10:05:56-04:00,unclear,0.8,agreed,established,0
482507,9a027422-c3f0-44d5-aee4-22a63faf5ddf,401105417,203687,2024,third_quarter,2024-10-21T10:08:57-04:00,unclear,0.4,opus,established,1
483592,c2682647-bf26-4af7-ab02-3a4159e4355f,10935,114903,2024,third_quarter,2024-10-21T10:59:16-04:00,relief,0.95,agreed,established,1
484823,eac54c58-d601-432c-bec0-666beee197b3,317311,186004,2024,third_quarter,2024-10-21T11:46:03-04:00,unclear,0.8,agreed,established,1
485757,d5e10698-828c-45d6-9ff8-10103b298e78,30393,135816,2024,third_quarter,2024-10-21T12:41:25-04:00,relief,0.95,agreed,established,0
485992,a1f6e709-1edd-4556-8539-891212b33ff6,401054971,212971,2024,third_quarter,2024-10-21T12:53:52-04:00,monitoring,0.85,agreed,established,1
486682,c0eee006-43de-4083-9ba3-505a93216aa6,401108149,58740,2024,third_quarter,2024-10-21T13:25:23-04:00,relief,0.8,opus,established,1
486756,2076e4b2-312c-49c3-8d18-e04a2141a08c,400695073,194329,2024,third_quarter,2024-10-21T13:27:31-04:00,unclear,0.5,agreed,established,1
487179,016be2f3-85db-4faa-b8bd-ef64285a3cce,72873,166355,2024,third_quarter,2024-10-21T13:49:27-04:00,relief,0.95,agreed,established,1
487487,aca852fa-f2f1-47de-b4bb-3952a393b758,401107297,54482,2024,third_quarter,2024-10-21T14:05:24-04:00,unclear,0.55,agreed,established,1
487651,5d9f42e2-dd5d-43ba-b379-1457cdba3d71,6303,108362,2024,third_quarter,2024-10-21T14:11:59-04:00,unclear,0.5,agreed,established,1
487817,bd7ac2b1-eadc-4784-b18e-e96700f47f91,28663,134577,2024,third_quarter,2024-10-21T14:17:21-04:00,relief,0.95,agreed,established,1
487970,f1d59887-4568-429e-91ba-e9a773a48f9f,6303,108421,2024,third_quarter,2024-10-21T14:23:01-04:00,unclear,0.5,agreed,established,1
488275,d1b4fd6d-c3f2-46b1-a019-c468badf7335,56771,159922,2024,third_quarter,2024-10-21T14:34:17-04:00,relief,0.92,agreed,established,1
488805,f12001c3-6243-4f34-82d9-ffb90b8acef0,13005,118723,2024,third_quarter,2024-10-21T14:53:53-04:00,unclear,0.4,agreed,established,1
488890,e624a33d-4cf8-4cda-b1ee-d51e5f629a05,13370,118930,2024,third_quarter,2024-10-21T14:56:15-04:00,relief,0.88,agreed,established,0
489519,fb219332-9237-4a85-ae76-781251eb5531,13370,118930,2024,third_quarter,2024-10-21T15:19:17-04:00,relief,0.88,agreed,established,1
490101,f938c630-d43f-491d-bd0e-6924122b9f92,400412950,190379,2024,third_quarter,2024-10-21T15:41:36-04:00,unclear,0.4,agreed,established,1
490635,23b6edaa-5255-4045-8f34-4dfe3a71d5bc,401105259,203474,2024,third_quarter,2024-10-21T16:03:33-04:00,relief,0.9,agreed,established,1
491266,b04d0aac-1542-4de0-a35a-c4e477740b38,401103565,208110,2024,third_quarter,2024-10-21T16:22:14-04:00,unclear,0.45,opus,established,1
491358,0db4ae97-1054-454d-acb1-253d9400d1ef,57338,159975,2024,third_quarter,2024-10-21T16:25:07-04:00,relief,0.97,agreed,established,1
491587,e2f9429f-654c-4e03-8015-de2b2d21fbf6,8475,112676,2024,third_quarter,2024-10-21T16:32:51-04:00,unclear,0.4,opus,established,1
491900,740c5fe3-e00b-43df-aafa-e043d251d06f,6325,108731,2024,third_quarter,2024-10-21T16:42:14-04:00,unclear,0.95,agreed,established,1
492082,210664da-d57a-43c7-b881-1af5cc11b326,5632,107401,2024,third_quarter,2024-10-21T16:48:01-04:00,monitoring,0.85,agreed,established,1
492765,21814e88-c8fd-49f8-b8a9-7be4ef496112,401104313,201390,2024,third_quarter,2024-10-21T17:10:33-04:00,unclear,0.95,agreed,established,1
493316,dfbb2e40-31fa-4ac5-b76e-d7a9b16cc4f8,400794388,195349,2024,third_quarter,2024-10-21T17:36:57-04:00,unclear,0.55,agreed,established,1
493426,b6b168b7-2b1c-4085-982b-015e2b60dafa,401103897,200355,2024,third_quarter,2024-10-21T17:40:26-04:00,relief,0.92,agreed,established,1
493465,6019c6a2-b04b-43ca-8688-4b32057a76b9,22883,129756,2024,third_quarter,2024-10-21T17:42:52-04:00,unclear,0.95,agreed,established,1
494150,49a147d2-2c00-45cd-9572-d6288cc4cefe,24032,131195,2024,third_quarter,2024-10-21T18:21:13-04:00,relief,0.85,opus,established,1
494289,f2084021-4bee-4bf3-a996-da9f8b3c5963,401046942,197256,2024,third_quarter,2024-10-21T18:29:10-04:00,unclear,0.4,agreed,established,1
495091,e480fc30-3bab-49ab-85bd-9f7c48953d5a,40021,149481,2024,third_quarter,2024-10-21T19:32:27-04:00,relief,0.95,agreed,established,1
495170,3b7c96e8-2679-45c7-b25c-1ad4ea9c377e,35263,143852,2024,third_quarter,2024-10-21T19:43:17-04:00,unclear,0.35,agreed,established,1
495308,2abc2342-5173-47ae-9c0b-904447b0dbe3,22883,129738,2024,third_quarter,2024-10-21T20:10:48-04:00,unclear,0.95,agreed,established,1
495632,752382ba-719f-4670-831c-b069d83342d4,67854,57968,2024,third_quarter,2024-10-21T21:05:49-04:00,unclear,0.95,agreed,established,0
495792,a7fcb99d-f041-495c-87b7-dc0658e483d2,401104172,200901,2024,third_quarter,2024-10-21T21:29:08-04:00,unclear,0.5,agreed,established,1
496039,dd925f80-7859-4f70-8bc9-ce80b3675dac,400487397,57259,2024,third_quarter,2024-10-21T22:19:13-04:00,unclear,0.3,agreed,established,1
496570,3826728d-5df1-4ffe-afa4-6684c574f371,401108958,61805,2024,fourth_quarter,2024-10-22T10:10:17-04:00,unclear,0.95,agreed,unknown,1
497092,3b884cd9-e81b-433d-b297-daaa7f91fb17,400320506,189250,2024,third_quarter,2024-10-22T18:42:04-04:00,relief,0.85,opus,established,1
497968,9732b4d2-2233-482f-93bb-63f2626ce42f,291594,177806,2024,third_quarter,2024-10-28T08:41:43-04:00,unclear,0.8,agreed,established,1
498720,dbfad67c-b8d7-48ab-b046-717aa605fb0e,37538,146406,2024,third_quarter,2024-11-01T16:43:13-04:00,unclear,0.4,opus,established,1
499307,c76bd664-e02a-42f4-be58-0660333fb5b3,401106285,60835,2024,third_quarter,2024-11-05T16:07:23-05:00,unclear,0.4,agreed,established,1
499441,7a376abb-0c5f-46f1-9254-e8eb4b900373,400287370,188909,2024,third_quarter,2024-11-06T12:53:43-05:00,unclear,0.45,opus,established,1
499541,aeeaba70-2f4c-4c0b-8195-825d6c219a7c,36366,145446,2024,third_quarter,2024-11-07T08:28:15-05:00,unclear,0.4,agreed,established,1
499702,e88b0811-ed94-4df8-91dd-861f902008bc,401104830,202799,2024,third_quarter,2024-11-07T11:34:24-05:00,unclear,0.95,agreed,established,1
499888,1f37fddb-e612-40fe-b81d-b8d6cc7ed288,27833,134460,2024,third_quarter,2024-11-07T12:21:28-05:00,relief,0.7,opus,established,1
500022,2e2c61b7-5edd-4b9d-8555-3e612e0875a4,400359656,189550,2024,third_quarter,2024-11-07T13:33:54-05:00,relief,0.9,agreed,established,1
500586,39409804-2e7b-436c-a5c1-d4e19950b62a,81054,171061,2024,third_quarter,2024-11-08T15:09:26-05:00,protection,0.95,opus,established,1
500809,f5a2943e-8960-4ed1-b397-00e0ea50e8ef,401105190,60844,2024,third_quarter,2024-11-11T15:24:54-05:00,unclear,0.5,agreed,established,1
501021,7536055f-5d61-473c-9833-63657ba2d06e,290571,177646,2024,third_quarter,2024-11-13T20:43:25-05:00,unclear,0.45,opus,established,1
501588,ff33458a-cdca-4fca-af5b-2ad8d149cfe5,401105417,59644,2024,third_quarter,2024-11-22T18:01:57-05:00,unclear,0.8,agreed,established,1
502050,f60df83d-9e3d-4d7f-b154-f83c2d63df6f,58352,160522,2024,third_quarter,2024-12-05T01:33:01-05:00,relief,0.95,agreed,established,1
502077,53985256-6b81-4709-9dac-2eea1c95a1b2,67854,57968,2024,third_quarter,2024-12-05T12:49:25-05:00,unclear,0.95,agreed,established,1
502242,88555e34-1721-4a55-9157-68187c0fec58,401108679,63168,2024,first_quarter,2024-12-09T15:12:44-05:00,unclear,0.95,agreed,established,0
502330,c93e6f5a-1de9-462b-b9cb-0d90e2fc3929,401104288,63189,2024,fourth_quarter,2024-12-12T08:09:20-05:00,unclear,0.55,agreed,established,0
502371,b6be40b4-ba5c-40d8-9c46-de18d18dd2e9,401108679,63168,2024,first_quarter,2024-12-12T14:41:35-05:00,unclear,0.45,opus,established,1
502408,21bbaf55-ade6-4b21-bf02-fcd06a654be2,401108679,63168,2024,third_quarter,2024-12-13T13:54:22-05:00,unclear,0.9,agreed,established,1
502446,4246fcc0-6bb9-4e1c-bc25-c3dce1d144f4,401109054,63217,2024,fourth_quarter,2024-12-14T08:03:17-05:00,unclear,0.5,agreed,unknown,1
502709,e6de7227-34ac-4848-9a13-6405a4558013,401104340,63274,2024,fourth_quarter,2024-12-19T12:01:50-05:00,unclear,0.55,agreed,unknown,1
502810,0447cea4-327c-45c0-944f-7f88e72d384c,7257,63297,2024,fourth_quarter,2024-12-20T18:37:11-05:00,unclear,0.4,agreed,established,0
503071,93c37ec9-0c86-47a7-8a2f-9bb8e55904eb,401105846,63321,2024,first_quarter,2024-12-31T08:28:56-05:00,unclear,0.3,agreed,established,1
503180,f8639d8f-0041-4288-bf14-759e18b0ea6a,401103903,200360,2024,fourth_quarter,2025-01-01T11:47:38-05:00,relief,0.82,agreed,established,0
503701,79f93c58-e437-493e-9acd-32228a83756c,401104718,57813,2024,fourth_quarter,2025-01-03T12:40:02-05:00,unclear,0.55,agreed,established,1
503993,31e4577a-83c4-4987-852e-455157f2745f,401104209,205334,2024,fourth_quarter,2025-01-05T10:43:20-05:00,unclear,0.9,agreed,established,1
504303,cf9098f6-245a-4310-b9ca-843cb7eb8888,401106405,213706,2024,fourth_quarter,2025-01-06T15:27:20-05:00,relief,0.8,opus,established,1
504398,fdb63885-82bc-47e8-aaf4-2eadb3dd938b,401104288,63413,2024,fourth_quarter,2025-01-07T06:17:08-05:00,unclear,0.55,agreed,established,0
504685,4b6b8da5-4525-4104-a78f-e252ec000881,75557,59656,2024,fourth_quarter,2025-01-07T15:32:18-05:00,unclear,0.95,agreed,established,1
505915,fb220f4d-ac7f-4abb-b4fd-7991cbfd021d,401104830,202799,2024,fourth_quarter,2025-01-10T12:12:23-05:00,unclear,0.95,agreed,established,1
505938,f32ece5c-516c-44c5-b4fd-64add7300f94,7975,111010,2024,fourth_quarter,2025-01-10T12:40:33-05:00,unclear,0.4,agreed,established,1
506463,df09d853-5e0a-413e-bdbc-5ad890fcb77c,401105862,210392,2024,fourth_quarter,2025-01-11T18:43:41-05:00,unclear,0.5,agreed,established,1
506796,8a54b193-1114-48de-9ebb-d8829addc72c,400661993,210126,2024,fourth_quarter,2025-01-12T22:43:49-05:00,unclear,0.5,agreed,established,1
507442,df09c7f0-c801-456f-b7c9-916c22ce0fd7,28504,134535,2024,fourth_quarter,2025-01-13T15:54:05-05:00,relief,0.95,agreed,established,1
507532,eea9a9f9-71b2-4abb-9edf-427cbc6044fc,400408933,190355,2024,fourth_quarter,2025-01-13T17:43:48-05:00,relief,0.8,agreed,established,1
507554,4a9f6ad3-9730-4bf2-9144-346f5b327745,36105,61429,2024,fourth_quarter,2025-01-13T18:13:11-05:00,unclear,0.9,agreed,established,1
508102,1b1bbe92-2487-4bfa-b3c8-8391330b8737,13005,118723,2024,fourth_quarter,2025-01-14T10:55:11-05:00,unclear,0.4,agreed,established,1
508809,1ea73e7d-55e5-4807-a8d9-cced6ebddd98,10800,63562,2024,fourth_quarter,2025-01-14T16:17:48-05:00,unclear,0.95,agreed,established,0
508946,0b53f4aa-fabd-48b3-8730-96247d6511ea,401109117,63566,2024,fourth_quarter,2025-01-14T19:21:45-05:00,unclear,0.95,agreed,unknown,1
509040,1e68a09d-0a71-4c14-a25b-7362186a3520,401104288,63568,2024,fourth_quarter,2025-01-15T08:56:43-05:00,unclear,0.55,agreed,established,0
509377,84ea17e4-8020-4079-8326-103bc2d8c521,400426039,190608,2024,fourth_quarter,2025-01-15T11:42:25-05:00,unclear,0.95,agreed,established,1
509424,9443dbae-7f6f-4cef-bec3-f2a86a4dbe4e,400426039,190614,2024,fourth_quarter,2025-01-15T12:00:43-05:00,unclear,0.95,agreed,established,1
511925,47accc10-fc68-404f-9032-375a3c9d474f,14405,119655,2024,fourth_quarter,2025-01-16T13:46:35-05:00,unclear,0.5,agreed,established,1
512140,ad4947f4-62ea-4aaa-9162-67ff365c4d96,1171,63620,2024,fourth_quarter,2025-01-16T14:25:00-05:00,unclear,0.95,agreed,established,1
512420,bd8193e8-24f7-45d7-a28b-b13efae363af,22883,129729,2024,fourth_quarter,2025-01-16T15:12:23-05:00,unclear,0.95,agreed,established,1
512663,bbb95250-5a2a-4e7c-a163-1636b56edd45,401105303,203521,2024,fourth_quarter,2025-01-16T15:57:08-05:00,unclear,0.95,agreed,established,1
512957,d5eab30c-e8f1-41c3-b254-1cf972802448,36366,145446,2024,fourth_quarter,2025-01-16T16:53:23-05:00,unclear,0.4,agreed,established,0
513461,6db32185-68a2-483c-8ca1-516997573a4f,40011087,187711,2024,fourth_quarter,2025-01-17T07:29:24-05:00,relief,0.9,agreed,established,1
513522,2a21aa8c-97f2-420d-bd7b-1e1ec96e6e27,401104288,63670,2024,fourth_quarter,2025-01-17T08:48:11-05:00,unclear,0.55,agreed,established,0
513587,330a0104-64cc-4af5-9d4d-6a3f172be260,401023888,197070,2024,fourth_quarter,2025-01-17T09:27:49-05:00,unclear,0.4,agreed,established,1
514984,c625b4f1-940a-478d-b7bd-88ae243ac31f,5506,107350,2024,fourth_quarter,2025-01-17T12:33:02-05:00,relief,0.95,agreed,established,1
514988,73455f1a-900b-486e-8d6b-f8b7f4cad49b,35230,61725,2024,fourth_quarter,2025-01-17T12:33:08-05:00,unclear,0.5,agreed,established,1
515390,f041f955-bd34-4a91-a4c2-b065db9b68d1,22883,129738,2024,fourth_quarter,2025-01-17T13:39:12-05:00,unclear,0.95,agreed,established,1
515542,017b44d5-b603-4b03-aca0-a9e4ccb8b706,26912,134239,2024,fourth_quarter,2025-01-17T13:55:27-05:00,unclear,0.8,agreed,established,1
515818,c24fa387-1811-417c-b2c5-8c7290cadce8,16010,121526,2024,fourth_quarter,2025-01-17T14:31:15-05:00,unclear,0.55,agreed,established,1
516222,eb5019a0-7b1c-43b5-bd28-b205e4f374c2,1433,102615,2024,fourth_quarter,2025-01-17T15:07:23-05:00,relief,0.7,opus,established,1
516276,6bdf248c-fa83-4728-a743-9ec8902d84cf,1433,102612,2024,fourth_quarter,2025-01-17T15:12:24-05:00,relief,0.7,opus,established,1
516322,b38d8ef8-122b-4156-83f1-ecfb4ea5dd9b,401104294,61342,2024,fourth_quarter,2025-01-17T15:15:18-05:00,unclear,0.5,agreed,established,1
516355,0d78f574-93a7-4959-bf04-7b9c68d7386b,31417,138240,2024,fourth_quarter,2025-01-17T15:17:57-05:00,unclear,0.4,agreed,established,1
516960,65ac1189-7b9b-4b0d-a0fb-db44d6491463,556,100441,2024,fourth_quarter,2025-01-17T16:24:34-05:00,unclear,0.55,agreed,established,1
518003,ee73add5-3a8e-4319-8af9-8ace3853f794,401103550,199474,2024,fourth_quarter,2025-01-17T22:16:03-05:00,unclear,0.5,opus,established,1
518466,a39d2995-f6ec-4f91-8f44-587f964c112a,22883,129756,2024,fourth_quarter,2025-01-18T12:22:56-05:00,unclear,0.95,agreed,established,1
518519,ae954fca-637b-4795-b802-beab3e01e2ee,287394,208563,2024,fourth_quarter,2025-01-18T13:00:24-05:00,unclear,0.95,agreed,established,1
518577,fed0928d-7fc0-4ba8-aa4c-37393efbdbad,401103524,199384,2024,fourth_quarter,2025-01-18T13:39:13-05:00,relief,0.95,agreed,established,1
518824,09da184a-92b0-4978-845c-a0618c5ef357,55792,159864,2024,fourth_quarter,2025-01-18T15:56:46-05:00,unclear,0.95,agreed,established,1
519004,28fe0211-31ce-4bf0-a8cf-bc5c26671b91,10935,114903,2024,fourth_quarter,2025-01-18T19:09:20-05:00,relief,0.95,agreed,established,1
519241,62dfa6a3-5b80-4bf0-a19e-63c17e8262cd,401104288,60648,2024,fourth_quarter,2025-01-19T08:02:54-05:00,relief,0.95,agreed,established,1
519844,e0cad7a2-5a60-4f56-a075-ff4f393cb1f7,283696,211867,2024,fourth_quarter,2025-01-19T14:33:12-05:00,unclear,0.95,agreed,established,1
519849,a6a229e1-110b-4402-85aa-a995e323797d,8453,57191,2024,fourth_quarter,2025-01-19T14:34:18-05:00,unclear,0.95,agreed,established,1
520266,aa457ce6-0765-4668-801c-710199be3aa1,401104010,200631,2024,fourth_quarter,2025-01-19T16:14:28-05:00,unclear,0.5,agreed,established,1
520792,9ebde25d-fb80-4084-b538-b795d1ccf465,81511,171312,2024,fourth_quarter,2025-01-19T18:01:34-05:00,unclear,0.35,agreed,established,1
520876,163c985f-0aa3-4d98-ba61-48520e103392,401104288,63670,2024,fourth_quarter,2025-01-19T18:47:00-05:00,unclear,0.55,agreed,established,0
521492,fa320a63-10c2-4b2f-a014-0e18cca62265,401104288,205374,2024,fourth_quarter,2025-01-20T04:42:03-05:00,mixed,0.6,opus,established,1
521528,786f6da0-2735-4ca1-be09-f958f35c29bc,401104288,63189,2024,fourth_quarter,2025-01-20T06:34:45-05:00,unclear,0.55,agreed,established,1
522284,076c4edd-4cda-4e3c-8f2d-daa4e16bb72b,400320506,189250,2024,fourth_quarter,2025-01-20T10:22:14-05:00,relief,0.85,opus,established,1
522305,e9fd8145-92be-4618-beac-fc71edb2aea1,4766,104899,2024,fourth_quarter,2025-01-20T10:23:31-05:00,protection,0.7,opus,established,1
522376,c782dbb0-edfc-4c46-8a8a-dd544c83698d,18103,123453,2024,fourth_quarter,2025-01-20T10:32:44-05:00,unclear,0.45,opus,established,1
523324,1b7dec7a-28d6-416e-ae8f-67f232781569,10800,63562,2024,fourth_quarter,2025-01-20T12:35:32-05:00,unclear,0.95,agreed,established,1
523705,c9af8ac2-ed28-4080-85ec-3ca0d029dfa0,7805,110917,2024,fourth_quarter,2025-01-20T13:33:04-05:00,monitoring,0.95,agreed,established,1
523942,f421c64d-bc5a-49b5-a149-f94ddc6fae8a,400942717,196304,2024,fourth_quarter,2025-01-20T14:09:57-05:00,unclear,0.4,agreed,established,1
524332,e4c63bbd-4653-453e-95c7-59cb8b2eeeb4,401104718,55076,2024,fourth_quarter,2025-01-20T14:53:22-05:00,unclear,0.95,agreed,established,1
524829,3e4a9350-e8e6-4fc8-8643-323105fc7626,401105190,60844,2024,fourth_quarter,2025-01-20T15:42:44-05:00,unclear,0.5,agreed,established,1
526642,93dd6827-287f-4e63-9591-75e8707f06bd,30393,135816,2024,fourth_quarter,2025-01-20T20:29:29-05:00,relief,0.95,agreed,established,1
527342,d70171e2-2a6f-4012-b838-1af91eef7214,6325,108731,2024,fourth_quarter,2025-01-21T00:38:42-05:00,unclear,0.95,agreed,established,1
527931,968faefa-9fe1-449f-bf4c-d53fc7700532,24123,131484,2024,fourth_quarter,2025-01-21T09:20:51-05:00,unclear,0.95,agreed,established,1
528477,4b449b6b-1964-47a4-b2e4-8f68c6854036,401107297,54482,2024,fourth_quarter,2025-01-21T09:58:35-05:00,unclear,0.55,agreed,established,1
529169,77d5b00c-df3f-44a1-b661-b87f5105a42b,401108149,58740,2024,fourth_quarter,2025-01-21T10:47:41-05:00,relief,0.8,opus,established,1
530578,3e9c0d8f-338e-4997-9c6d-fe5f398c4287,291594,177806,2024,fourth_quarter,2025-01-21T12:05:54-05:00,unclear,0.8,agreed,established,1
530959,5d2d8bdb-cc56-45ca-8330-74a4f00dda18,401104288,63413,2024,fourth_quarter,2025-01-21T12:22:34-05:00,unclear,0.55,agreed,established,1
531633,df2f8040-e8ec-40f8-8009-5645c1b50efc,401105417,203687,2024,fourth_quarter,2025-01-21T12:49:14-05:00,unclear,0.4,opus,established,1
532577,37ef8785-f9cc-4c77-b1c9-7315d0ade371,401104288,63568,2024,fourth_quarter,2025-01-21T13:27:04-05:00,unclear,0.55,agreed,established,1
532786,ef839e8b-1b10-4676-976f-7bfdf7206824,67854,57968,2024,fourth_quarter,2025-01-21T13:35:38-05:00,unclear,0.95,agreed,established,1
532851,ea68bd61-7e54-4d2a-a807-2b9811bb31cb,401103521,199280,2024,fourth_quarter,2025-01-21T13:38:21-05:00,unclear,0.95,agreed,established,1
533016,5bea0304-e924-4220-a0aa-a00e7a6bf731,7257,63297,2024,fourth_quarter,2025-01-21T13:45:37-05:00,unclear,0.4,agreed,established,1
533491,b895e871-a24d-4c10-aac4-8bfcb93989b4,13370,118930,2024,fourth_quarter,2025-01-21T14:02:49-05:00,relief,0.88,agreed,established,1
533755,20780916-9697-4412-bd25-0252518305c0,400695073,194329,2024,fourth_quarter,2025-01-21T14:15:59-05:00,unclear,0.5,agreed,established,1
533942,20c85c1a-6f01-4b6c-b91d-9a39df1e5e10,5632,107401,2024,fourth_quarter,2025-01-21T14:23:40-05:00,monitoring,0.85,agreed,established,1
534090,4e5d071f-0b7c-4fed-9074-f4b452b88edf,6303,108362,2024,fourth_quarter,2025-01-21T14:30:56-05:00,unclear,0.5,agreed,established,1
534482,9e1241ee-d0c2-4fb0-abf7-9f03250e1df6,57338,159975,2024,fourth_quarter,2025-01-21T14:49:27-05:00,relief,0.97,agreed,established,1
535149,6c99df34-9565-40e4-93e5-27a1d615e41c,401103565,208110,2024,fourth_quarter,2025-01-21T15:22:46-05:00,unclear,0.45,opus,established,1
535603,a9c43b25-fa15-476a-80ac-55c47d06024e,24566,132410,2024,fourth_quarter,2025-01-21T15:44:45-05:00,unclear,0.8,agreed,established,1
536047,db4ff716-74f7-44dd-9bbf-90e6659b729b,401054971,212971,2024,fourth_quarter,2025-01-21T16:04:14-05:00,monitoring,0.85,agreed,established,1
536344,d5854fd3-91d3-4a6b-8d76-c1f60ba26b11,39941,148807,2024,fourth_quarter,2025-01-21T16:18:15-05:00,relief,0.95,agreed,established,1
536425,010a86ba-530f-490b-9d1e-552f5cabcdf9,401104313,201390,2024,fourth_quarter,2025-01-21T16:21:15-05:00,unclear,0.95,agreed,established,1
536588,d3b677d0-f66e-4a63-9a19-706431ceb9f7,401107157,53729,2024,fourth_quarter,2025-01-21T16:28:37-05:00,unclear,0.95,agreed,established,1
537043,16573303-685a-4998-9ff0-223519965fe9,72873,166355,2024,fourth_quarter,2025-01-21T16:47:21-05:00,relief,0.95,agreed,established,1
537387,6b305554-258b-4bde-9df0-4c0cd6fab256,35263,143852,2024,fourth_quarter,2025-01-21T16:57:57-05:00,unclear,0.4,agreed,established,1
537416,482a83f5-3f5c-4df0-8352-ba90c5b8d132,40021,149481,2024,fourth_quarter,2025-01-21T16:58:28-05:00,relief,0.95,agreed,established,1
539309,598d3bf2-90cc-48ac-b200-48dc4891c8fc,401105259,203474,2024,fourth_quarter,2025-01-21T18:19:25-05:00,relief,0.9,agreed,established,1
539633,0373ee95-2b21-4668-91fd-783fdb4a96e5,400412950,190379,2024,fourth_quarter,2025-01-21T18:44:36-05:00,unclear,0.4,agreed,established,1
539708,25a091f0-1368-4a79-bde1-c72172adc296,401103244,198289,2024,fourth_quarter,2025-01-21T18:53:47-05:00,unclear,0.95,agreed,established,1
539766,a27d833c-a499-4144-baa6-02188851eb21,401103897,200355,2024,fourth_quarter,2025-01-21T19:03:02-05:00,relief,0.95,agreed,established,1
540156,8507c5fb-dece-4743-84e7-0824511c5367,56771,159922,2024,fourth_quarter,2025-01-21T19:44:02-05:00,relief,0.92,agreed,established,1
540254,6f6993fe-f941-4ec5-8062-a5b49a24f3ce,401105814,207492,2024,fourth_quarter,2025-01-21T19:57:44-05:00,unclear,0.95,agreed,established,1
540370,09b5e553-60e6-4336-a923-d186d3004067,401104172,200901,2024,fourth_quarter,2025-01-21T20:07:29-05:00,unclear,0.5,agreed,established,1
540564,4ce32f93-9923-41cf-b0d8-9dbd8f59c6ec,401046942,197256,2024,fourth_quarter,2025-01-21T20:30:18-05:00,unclear,0.4,agreed,established,1
540620,9a5c2466-4b51-4fff-a530-87be757c2c2b,24032,131195,2024,fourth_quarter,2025-01-21T20:37:01-05:00,relief,0.85,opus,established,1
540923,ebe7dd22-ba54-457d-842a-7c97028a2208,8475,112676,2024,fourth_quarter,2025-01-21T21:06:55-05:00,unclear,0.4,opus,established,1
541142,1a3295ba-baca-4e59-97a4-0f30f2eda7f7,28663,134577,2024,fourth_quarter,2025-01-21T21:31:36-05:00,relief,0.95,agreed,established,1
541438,d4343a87-fa24-41c3-8e37-db68f58f45cf,400794388,195349,2024,fourth_quarter,2025-01-21T22:25:41-05:00,unclear,0.55,agreed,established,1
542276,f72c4f16-cd51-4eb1-b5f1-a33704715a70,400287370,188909,2024,fourth_quarter,2025-01-22T15:18:14-05:00,unclear,0.45,opus,established,1
542927,77dc8e12-31c5-4bd9-ba36-141b327a4d6c,37538,146406,2024,fourth_quarter,2025-01-23T14:53:11-05:00,unclear,0.4,opus,established,1
543066,753568d7-d1c7-444c-90e4-b7a482efb3e4,400978796,196659,2024,fourth_quarter,2025-01-23T17:24:23-05:00,unclear,0.4,opus,established,1
543413,ee710f92-315c-419d-aa02-471c3f9a732d,81054,171061,2024,fourth_quarter,2025-01-24T15:46:29-05:00,protection,0.95,opus,established,1
543787,39805597-cf76-4885-9f05-43e0b1bfb355,401106285,60835,2024,fourth_quarter,2025-01-27T14:42:27-05:00,unclear,0.4,agreed,established,1
543816,04e8eac6-0e2a-4b2e-be76-8368e4b63786,401105589,205749,2024,fourth_quarter,2025-01-27T15:47:51-05:00,mixed,0.85,opus,established,1
543897,f0d3533a-e39d-4545-95b0-fef837bbe714,400487397,57259,2024,fourth_quarter,2025-01-27T21:53:09-05:00,unclear,0.3,agreed,established,1
544288,8fa0f6c7-b6fb-4209-b7e1-5dc92892425f,40004027,187481,2024,fourth_quarter,2025-01-30T10:40:59-05:00,relief,0.95,agreed,established,1
544511,d342cbc3-d320-4700-a1f8-652194e0c30e,290571,177646,2024,fourth_quarter,2025-01-31T17:04:13-05:00,unclear,0.45,opus,established,1
544570,c85ab1c7-96ab-4e19-bb75-0d8b29ead3b3,298091,179910,2024,fourth_quarter,2025-02-01T13:36:56-05:00,relief,0.8,opus,established,1
544748,fe10f1bf-c589-4bfb-823e-17c21f5ec2a2,401104313,63973,2024,fourth_quarter,2025-02-03T19:05:04-05:00,unclear,0.95,agreed,established,0
545155,eae440d5-adf5-444f-91d9-95d019547175,400359656,189550,2024,fourth_quarter,2025-02-04T11:36:35-05:00,relief,0.9,agreed,established,1
545457,9e38e66b-24f9-4917-9803-c37e24c0d233,401104313,63973,2024,fourth_quarter,2025-02-04T14:03:34-05:00,unclear,0.95,agreed,established,0
545625,fc4c585d-28ad-428d-817b-c17862c65eb0,58352,160522,2024,fourth_quarter,2025-02-04T18:12:00-05:00,relief,0.95,agreed,established,1
546023,4aa17870-dc48-4921-99f0-3ad9ae949b9e,401108679,63168,2024,fourth_quarter,2025-02-07T16:16:05-05:00,unclear,0.9,agreed,established,1
546523,6070723f-205f-48f3-be48-491854d261d7,36366,145446,2024,fourth_quarter,2025-02-19T09:58:39-05:00,unclear,0.4,agreed,established,1
546704,d38fc0e3-a025-4f2e-a5e9-74f85a6d85da,27833,134460,2024,fourth_quarter,2025-02-20T16:41:10-05:00,relief,0.7,opus,established,1
546732,4d53a880-bf1e-4aeb-928c-db312bedfcda,21632,64421,2024,fourth_quarter,2025-02-21T19:27:15-05:00,unclear,0.5,agreed,established,0
547404,255836ad-8d42-4c41-a04e-abfde1f78d62,401104313,63973,2024,fourth_quarter,2025-03-11T16:10:20-04:00,unclear,0.95,agreed,established,1
547557,7a72db5d-aa27-4617-8a30-f83c779d6216,401106405,213706,2024,third_quarter,2025-03-13T13:00:04-04:00,unclear,0.95,agreed,established,1
547627,92d26d4b-85c6-4072-99b7-14d272fc473d,21632,64421,2024,fourth_quarter,2025-03-17T14:00:46-04:00,unclear,0.5,agreed,established,1
547796,c35664b4-d542-4a5a-b398-b46286e83a18,18103,123453,2024,third_quarter,2025-03-25T15:14:31-04:00,unclear,0.45,opus,established,1
547881,15c210e0-2049-48b7-abc9-966f468215a6,40006037,187506,2024,third_quarter,2025-04-02T09:51:44-04:00,relief,0.95,agreed,established,1
548671,c9b4d030-b85b-4e3a-b1bb-fc5e2e1303e4,5211,106016,2024,second_quarter,2025-06-18T11:22:02-04:00,unclear,0.6,agreed,established,1
548821,84d367f6-3a34-4303-bdca-cadea418b8c1,401104288,63670,2024,fourth_quarter,2025-07-22T10:32:31-04:00,unclear,0.55,agreed,established,1
549095,1693cd3e-5b89-480d-bdc6-8bde2771e7c2,40006037,187506,2024,second_quarter,2025-09-10T11:13:24-04:00,relief,0.95,agreed,established,1
549246,d91f02a2-0844-4e1e-ae55-370c52909a44,72873,166355,2024,second_quarter,2025-09-18T14:03:17-04:00,relief,0.95,agreed,established,1
549502,0f0db4e6-d79c-42b6-9d65-0c8ab9a421ba,30393,135816,2024,third_quarter,2025-10-14T16:27:23-04:00,unclear,0.5,agreed,established,0
549570,6df00481-1934-4382-9a06-165aca1b19a6,30393,135816,2024,third_quarter,2025-10-22T09:02:21-04:00,unclear,0.5,agreed,established,1
549648,b7963f16-517f-4c6e-b650-4b42d1754b1f,401103903,200360,2024,fourth_quarter,2025-12-31T15:20:18-05:00,relief,0.82,agreed,established,0
549652,e836e3c2-d53d-4638-bb17-68496a8cc38e,401103903,200360,2024,third_quarter,2025-12-31T16:04:38-05:00,relief,0.82,agreed,established,0
549656,111c453a-463f-4a70-a632-5884a8178866,401103903,200360,2024,second_quarter,2025-12-31T16:16:18-05:00,relief,0.82,agreed,established,0
549683,9a634f0e-d798-4624-8208-9e2e04dafc2f,401103903,200360,2024,first_quarter,2026-01-12T18:19:35-05:00,relief,0.82,agreed,established,0
549706,fd683d21-c4bf-4099-8afe-31493720544c,401103903,200360,2024,first_quarter,2026-01-30T19:29:22-05:00,relief,0.82,agreed,established,1
549710,b5757e89-e6a6-421b-ad03-e41f24ac6077,401103903,200360,2024,second_quarter,2026-01-30T19:39:07-05:00,relief,0.82,agreed,established,1
549714,8b8df297-3efc-4cf3-80c9-5c8e4ca24598,401103903,200360,2024,third_quarter,2026-01-30T19:41:54-05:00,relief,0.82,agreed,established,1
549718,2d0cf4e3-a07c-4b81-9bdf-1252ff171b3d,401103903,200360,2024,fourth_quarter,2026-01-30T19:45:35-05:00,relief,0.82,agreed,established,1
550265,2cd5ac4f-4321-432f-88cf-07a82634e853,401109009,63600,2025,first_quarter,2025-01-16T10:44:50-05:00,unclear,0.95,agreed,new2025_genuine,1
550485,0fe26bac-59c9-4c63-9cb5-2c7196fb9eb7,401109167,63846,2025,first_quarter,2025-01-23T15:24:49-05:00,unclear,0.5,agreed,new2025_genuine,0
550519,3810dbe6-1ff4-4a3b-b549-3a0c00e76bdf,401109155,63863,2025,first_quarter,2025-01-24T13:20:38-05:00,unclear,0.9,agreed,unknown,1
550522,7440895f-b94c-4b5b-96e4-9b33a703f19b,67854,63864,2025,first_quarter,2025-01-24T13:21:39-05:00,unclear,0.55,agreed,established,0
550571,608a429e-fe78-4ff9-8f4d-04aadcdcba80,401104288,63892,2025,first_quarter,2025-01-28T18:39:20-05:00,unclear,0.5,agreed,established,0
550592,63ad2853-1e21-4a46-bbfb-c279810d0ff6,400976792,63907,2025,first_quarter,2025-01-30T10:28:26-05:00,unclear,0.95,agreed,new2025_incumbent,0
550747,e281156a-87e5-40ce-a880-34903a473f54,401104313,201391,2025,first_quarter,2025-02-03T19:57:03-05:00,unclear,0.4,agreed,established,0
550762,5c9c0056-2947-4117-94cd-ea868cef269a,401104288,63988,2025,first_quarter,2025-02-04T07:20:33-05:00,unclear,0.5,agreed,established,0
550791,a6a80654-fb63-4eff-8dbb-f4b83f9ef6b8,79175,64005,2025,first_quarter,2025-02-05T09:35:53-05:00,unclear,0.55,agreed,new2025_incumbent,0
550894,a78af47d-cc71-4c87-974b-4bbb795923f0,401107007,64042,2025,first_quarter,2025-02-06T17:47:05-05:00,unclear,0.5,agreed,new2025_genuine,0
550946,e7122cf2-bcb9-473b-bb46-91be851efb91,401107007,64042,2025,first_quarter,2025-02-07T14:26:15-05:00,unclear,0.5,agreed,new2025_genuine,0
551035,5bbd3d06-4026-421e-a3a2-2d317ff9b05b,284950,64115,2025,first_quarter,2025-02-10T16:11:57-05:00,monitoring,0.85,agreed,new2025_incumbent,0
551147,45e28ef5-baf6-4bd3-bbfb-dca24bd0b405,401109243,64180,2025,first_quarter,2025-02-12T14:32:10-05:00,unclear,0.5,agreed,unknown,1
551338,15de1088-7047-4895-9cf5-0a6a40e9c2eb,401104288,64266,2025,first_quarter,2025-02-14T19:19:59-05:00,unclear,0.5,agreed,established,0
551779,f3ea3a45-9b9d-46df-baec-a84c65174fdb,70175,64495,2025,first_quarter,2025-02-27T08:59:29-05:00,unclear,0.95,agreed,new2025_incumbent,0
551865,20357dfd-3f25-4c28-b09f-973711775d29,401106670,64539,2025,first_quarter,2025-02-28T15:40:53-05:00,unclear,0.95,agreed,new2025_genuine,0
551873,cbb285bf-b0af-447f-b398-3197e2544276,401106670,64541,2025,first_quarter,2025-02-28T16:04:54-05:00,unclear,0.95,agreed,new2025_genuine,0
551880,bc6cfd2b-1e51-4c3e-bde1-ee5f1713e4ad,401106670,64543,2025,first_quarter,2025-02-28T16:41:33-05:00,unclear,0.95,agreed,new2025_genuine,0
551898,7c6cefed-bdf7-4cd4-8c66-7d6df20a711d,401106670,64547,2025,first_quarter,2025-02-28T17:04:48-05:00,unclear,0.95,agreed,new2025_genuine,0
551924,2118a736-deb7-44a9-97f1-7a66542d12b3,401104288,64557,2025,first_quarter,2025-03-03T07:55:45-05:00,unclear,0.55,agreed,established,0
551995,14ffcebf-d5be-40ed-ad30-0929f7f569b3,15042,64604,2025,first_quarter,2025-03-03T16:23:22-05:00,unclear,0.95,agreed,unknown,1
552042,bc67d47b-571d-4618-80ee-fed3d6a42193,400918672,196197,2025,first_quarter,2025-03-04T21:50:09-05:00,unclear,0.5,agreed,new2025_incumbent,0
552062,61564256-690a-4e85-860f-6bcebcbf21f3,401108081,64635,2025,first_quarter,2025-03-05T13:12:53-05:00,unclear,0.55,agreed,new2025_genuine,0
552087,ab6f1633-67af-4135-8c06-008c9dc9d234,401104288,64646,2025,first_quarter,2025-03-06T07:49:31-05:00,unclear,0.5,agreed,established,0
552317,75f123af-3518-4170-946d-6f2e580fc8ef,40024191,64735,2025,first_quarter,2025-03-10T12:21:04-04:00,unclear,0.5,agreed,new2025_genuine,0
552321,5b5b34b9-8a68-4c24-96e3-df296733323d,40024191,64736,2025,first_quarter,2025-03-10T12:24:24-04:00,unclear,0.5,agreed,new2025_genuine,1
552378,3f897aee-b3fc-4633-93cf-7e4cadeff933,401106670,64762,2025,first_quarter,2025-03-11T08:42:24-04:00,unclear,0.95,agreed,new2025_genuine,0
552492,fe8a8684-5a2f-41b6-8b32-5fb677c7135b,401104288,64813,2025,first_quarter,2025-03-13T09:26:19-04:00,monitoring,0.95,agreed,established,0
552506,dea4897e-0670-4c23-a977-baa0d9aaa276,401103295,64817,2025,first_quarter,2025-03-13T11:03:31-04:00,relief,0.92,agreed,new2025_incumbent,0
552595,667a6007-4b66-47e6-a9d2-a9487c50f825,400531586,64848,2025,first_quarter,2025-03-14T12:43:33-04:00,unclear,0.4,agreed,unknown,1
552604,0e80b9c4-c323-4c2b-95d9-0648b24ad1ec,401109039,64851,2025,first_quarter,2025-03-14T13:08:42-04:00,unclear,0.95,agreed,new2025_genuine,0
552723,819ae41b-c624-475b-9817-e68cd62aa00d,401104288,64889,2025,first_quarter,2025-03-17T07:24:31-04:00,monitoring,0.9,agreed,established,0
552897,0b6d4e93-4fc4-4060-8bf8-91a199b4d649,41454,64962,2025,first_quarter,2025-03-18T10:15:48-04:00,relief,0.85,agreed,new2025_incumbent,0
553050,7a31bf46-6b1c-4b2f-9d7b-0dd1170082ba,401105150,65033,2025,first_quarter,2025-03-20T08:26:57-04:00,unclear,0.5,agreed,new2025_genuine,0
553102,6fce7871-c1ff-42b3-b7a7-09e9d0c1f4dd,41454,64962,2025,first_quarter,2025-03-20T14:09:57-04:00,relief,0.85,agreed,new2025_incumbent,0
553112,2913ab0a-9479-4748-9dab-52212644462f,5357,65067,2025,first_quarter,2025-03-20T14:50:26-04:00,unclear,0.5,agreed,new2025_incumbent,0
553147,4cb3483d-5363-459c-b52d-6704adf1c6d0,401104288,65087,2025,first_quarter,2025-03-21T01:01:27-04:00,unclear,0.5,agreed,established,0
553409,34935d86-73bb-4f95-9eec-fbb6eabe86ba,307034,182219,2025,first_quarter,2025-03-25T15:58:36-04:00,unclear,0.5,agreed,new2025_genuine,1
553538,c40fc647-508a-401c-9801-98f5e789c561,400713139,65253,2025,first_quarter,2025-03-27T13:26:06-04:00,unclear,0.4,agreed,unknown,1
553590,182c3400-4457-4123-9f1a-f0a9181fc1a4,401104288,65277,2025,first_quarter,2025-03-28T08:46:26-04:00,unclear,0.5,agreed,established,0
553831,7f55c5ec-2b58-4024-ab5a-2a6a7be7a2f8,401105040,65336,2025,first_quarter,2025-03-31T18:45:49-04:00,unclear,0.7,agreed,new2025_genuine,0
554193,1964570a-131f-47e5-b8a3-b06aedeb8f49,401109298,65380,2025,second_quarter,2025-04-01T17:43:17-04:00,unclear,0.95,agreed,unknown,0
554476,e7dd709c-c36f-4fef-a63a-81fce3ba072e,401109298,65380,2025,second_quarter,2025-04-02T15:51:40-04:00,unclear,0.95,agreed,unknown,1
554637,aa9149be-5a9b-4845-83f1-6f67d9b651c6,401104288,65433,2025,first_quarter,2025-04-03T09:40:14-04:00,unclear,0.5,agreed,established,0
554776,3948c091-1f24-499d-834e-10f44078e440,81511,65441,2025,first_quarter,2025-04-03T14:48:00-04:00,unclear,0.95,agreed,established,0
554843,9dedc78b-fec6-42ff-ab39-6d59fe6fe5b5,401104209,58640,2025,first_quarter,2025-04-04T07:05:13-04:00,unclear,0.5,agreed,established,0
554947,5eccd18a-eabb-4bb6-9e71-1d924c3c88a1,401109433,65472,2025,first_quarter,2025-04-04T12:00:37-04:00,unclear,0.5,agreed,new2025_genuine,1
555153,106fccbe-2127-4161-9043-de33336752a1,401105068,57089,2025,first_quarter,2025-04-05T00:18:04-04:00,unclear,0.6,agreed,new2025_incumbent,1
555389,cb679501-d706-4ff2-9115-fa0b0b1735d7,401104209,58640,2025,first_quarter,2025-04-06T17:19:39-04:00,unclear,0.5,agreed,established,0
555544,b5038d0b-ffde-402f-b22c-f5bbfeb15550,17443,65514,2025,first_quarter,2025-04-07T12:49:50-04:00,unclear,0.5,agreed,new2025_incumbent,0
555547,b320593b-62e9-4f6b-98f0-f33f3d046154,17443,65515,2025,first_quarter,2025-04-07T12:53:42-04:00,unclear,0.5,agreed,new2025_incumbent,0
555703,3bac0050-5a29-4ec8-89d3-f9e2c7b5dff8,296271,65523,2025,first_quarter,2025-04-07T15:17:16-04:00,unclear,0.4,agreed,new2025_incumbent,0
555765,0a247c31-8b50-4389-a46a-dc90d00fec50,75557,59656,2025,first_quarter,2025-04-07T16:10:12-04:00,unclear,0.95,agreed,established,1
556327,f776ed4e-23b2-465e-95bc-abbdcea5837a,401105417,65566,2025,first_quarter,2025-04-08T17:05:40-04:00,unclear,0.9,agreed,established,0
556331,51063aa0-425b-41af-8107-e47646ee25f1,7257,65567,2025,first_quarter,2025-04-08T17:15:15-04:00,unclear,0.5,agreed,established,0
556545,f6f453cb-bf05-4d98-9b5e-10161963162b,401105597,65582,2025,first_quarter,2025-04-09T11:51:24-04:00,unclear,0.75,agreed,new2025_incumbent,0
556578,ab02352e-5ec9-4127-8699-1ad3684d3077,81511,65441,2025,first_quarter,2025-04-09T12:18:43-04:00,unclear,0.95,agreed,established,1
556740,f716beea-2e94-4ab3-a213-34cfbe488e2b,401107802,56904,2025,first_quarter,2025-04-09T14:48:56-04:00,unclear,0.4,agreed,new2025_incumbent,0
556754,c1c72f22-23f0-4a07-aa5c-441fd4cf56a2,401107802,56904,2025,first_quarter,2025-04-09T14:57:38-04:00,unclear,0.4,agreed,new2025_incumbent,0
556802,42cef26b-8900-41bb-b7f0-478b98e4dc26,305852,181712,2025,first_quarter,2025-04-09T15:32:43-04:00,unclear,0.5,agreed,new2025_genuine,1
557115,78b6930a-851f-4a31-b9b4-f9fe000120f9,7975,111010,2025,first_quarter,2025-04-10T12:08:08-04:00,unclear,0.4,agreed,established,1
557224,847d64d6-ec4e-4982-9776-a2c4c738572f,401105415,203651,2025,first_quarter,2025-04-10T13:11:10-04:00,unclear,0.55,agreed,new2025_genuine,1
557391,0f90f9d4-4338-4fae-99b3-5b7f5c9be592,401104830,202799,2025,first_quarter,2025-04-10T14:21:09-04:00,unclear,0.95,agreed,established,1
557416,756fdf98-5c87-4d96-8489-1b75875ed14d,400661993,210126,2025,first_quarter,2025-04-10T14:31:06-04:00,unclear,0.4,agreed,established,1
557468,db9d6f92-8a6e-42d7-a318-4a2281910ec1,30906,65632,2025,first_quarter,2025-04-10T14:48:59-04:00,unclear,0.6,agreed,established,0
557557,4daf7a25-5b50-4ef3-b9bb-d91ffe6cec10,5357,65642,2025,first_quarter,2025-04-10T15:28:31-04:00,unclear,0.5,agreed,new2025_incumbent,0
557647,9d62668e-d441-4a0c-8657-af8981fad608,5357,65657,2025,first_quarter,2025-04-10T16:28:17-04:00,unclear,0.5,agreed,new2025_incumbent,0
557772,36d5a403-ed47-4634-ba70-e9f0f4ccd5c8,401105150,65033,2025,first_quarter,2025-04-10T18:19:09-04:00,unclear,0.5,agreed,new2025_genuine,1
558318,1b82936e-94b1-40c1-8368-a5cba0170d2a,400287370,188909,2025,first_quarter,2025-04-11T14:22:01-04:00,unclear,0.45,opus,established,1
558351,a2ddc9ba-2d1d-4c08-8469-61d94a2d23a5,401105972,209111,2025,first_quarter,2025-04-11T14:53:02-04:00,unclear,0.95,agreed,new2025_genuine,1
558355,9e2585c8-50b8-4c0d-95b7-ff638ab1b0e1,400408933,190355,2025,first_quarter,2025-04-11T14:55:48-04:00,relief,0.8,agreed,established,1
558459,55918d9e-d7f9-4eee-8352-fac2b1e79d01,36105,61429,2025,first_quarter,2025-04-11T16:26:23-04:00,unclear,0.9,agreed,established,1
558533,78a5db94-45ce-475e-94d7-89b43514540b,401107289,55139,2025,first_quarter,2025-04-11T18:25:15-04:00,unclear,0.5,agreed,new2025_genuine,1
558582,7a014419-0c24-46dc-bab5-0c78e117e314,401106405,213706,2025,first_quarter,2025-04-12T11:03:35-04:00,relief,0.9,agreed,established,1
558963,c6663fd0-aced-4623-ae4b-b5af8376b2f9,310051,183472,2025,first_quarter,2025-04-13T14:38:27-04:00,unclear,0.9,agreed,unknown,1
559086,3a06aad8-7b5f-4032-a8d6-b21f1d99e2d4,6198,107759,2025,first_quarter,2025-04-14T08:20:26-04:00,unclear,0.85,agreed,new2025_genuine,1
559806,b842e01f-a9b6-4de9-8858-22af85004a7f,30906,65632,2025,first_quarter,2025-04-14T14:18:31-04:00,unclear,0.6,agreed,established,1
560214,8cf76f76-e666-45cf-92c4-c2b9da3e6005,55792,159864,2025,first_quarter,2025-04-14T19:54:00-04:00,unclear,0.95,agreed,established,0
560294,d2c15042-6d39-4c77-ba3c-69ebc3b96685,401104288,65087,2025,first_quarter,2025-04-15T00:35:27-04:00,unclear,0.5,agreed,established,1
560310,8e72fd58-bea8-417e-8f55-299efb690dd3,401104288,64266,2025,first_quarter,2025-04-15T02:34:52-04:00,unclear,0.5,agreed,established,1
560338,c5d28e32-2083-4db2-90c9-51416bc7afc5,401104288,64813,2025,first_quarter,2025-04-15T05:47:26-04:00,monitoring,0.95,agreed,established,1
560343,cf5a228d-77a8-48a9-90ee-b00c0d382459,401104288,65277,2025,first_quarter,2025-04-15T06:03:09-04:00,unclear,0.5,agreed,established,1
560348,e1f59d48-d6cf-44af-b67e-18e04ba0f6ae,401104288,64646,2025,first_quarter,2025-04-15T06:27:38-04:00,unclear,0.5,agreed,established,1
560377,55549b0f-f787-4701-aa26-97658d742903,401104288,63892,2025,first_quarter,2025-04-15T07:31:25-04:00,unclear,0.5,agreed,established,1
560553,060ef132-4b22-45a3-8e66-4f856a6c6ec8,81511,171312,2025,first_quarter,2025-04-15T09:32:36-04:00,unclear,0.35,agreed,established,1
560795,31aa348f-b965-4d59-ad2e-9686021272ae,28732,134585,2025,first_quarter,2025-04-15T10:48:08-04:00,unclear,0.6,agreed,new2025_incumbent,1
560857,08404430-1204-49bf-aaab-5dd440607046,400337565,189411,2025,first_quarter,2025-04-15T11:02:05-04:00,relief,0.95,agreed,new2025_incumbent,1
561098,158530ed-4ab3-451f-834f-2a34e2726afa,401105346,203568,2025,first_quarter,2025-04-15T12:37:47-04:00,relief,0.95,agreed,new2025_genuine,1
561105,a79ff2a1-a689-4bd0-9629-e4e34f5b6b52,400421010,65786,2025,first_quarter,2025-04-15T12:38:36-04:00,unclear,0.5,agreed,new2025_genuine,0
561132,15803c8d-627e-4e5a-b792-77fa68b2aaa5,17966,65787,2025,second_quarter,2025-04-15T12:45:35-04:00,unclear,0.4,agreed,new2025_genuine,0
561283,58dd8a71-523b-44bf-80ed-a357e0459fc1,67854,57968,2025,first_quarter,2025-04-15T13:49:39-04:00,unclear,0.95,agreed,established,1
561443,59831b0d-94b2-43c1-9c8c-525bf6fea45b,400520538,192062,2025,first_quarter,2025-04-15T14:59:19-04:00,relief,0.85,agreed,new2025_incumbent,0
561671,e98ef23c-2aa8-4f0d-bcf7-1af12aa1b42b,6278,108001,2025,first_quarter,2025-04-15T16:05:00-04:00,unclear,0.9,agreed,new2025_incumbent,0
561704,6bbd7cff-97de-4f2f-9b00-6a4e9f31d669,401104955,202976,2025,first_quarter,2025-04-15T16:16:08-04:00,unclear,0.45,opus,established,1
561752,a82ba8fe-3635-47c2-8fc1-9710fb1226b4,401103568,65815,2025,first_quarter,2025-04-15T16:36:05-04:00,unclear,0.5,agreed,new2025_genuine,0
561919,ae3db8db-ebf4-48b4-944a-e4ed11d14e73,30393,135816,2025,first_quarter,2025-04-15T17:53:39-04:00,relief,0.95,agreed,established,1
562010,80435b85-7b2e-4b43-a348-1ca838ed3e68,7257,63297,2025,first_quarter,2025-04-15T18:51:50-04:00,unclear,0.4,agreed,established,1
562016,f061aae7-bc60-4e94-93e8-0557a861536a,40013096,65821,2025,second_quarter,2025-04-15T19:02:39-04:00,unclear,0.95,agreed,new2025_incumbent,0
562070,c3ab3a57-90df-4b62-9a3a-0115a3739394,401104288,64889,2025,first_quarter,2025-04-15T20:28:29-04:00,monitoring,0.9,agreed,established,1
562211,9e981198-294d-44f2-aaea-53d8acd8ed53,400918672,196197,2025,first_quarter,2025-04-16T05:30:34-04:00,monitoring,0.95,agreed,new2025_incumbent,1
562295,e488e581-0289-45ef-bdb5-179da2191cf2,401104288,63988,2025,first_quarter,2025-04-16T08:31:15-04:00,unclear,0.5,agreed,established,1
562302,dbb73038-bb40-4ef5-8486-ca90cd6c3726,401104288,60648,2025,first_quarter,2025-04-16T08:36:46-04:00,relief,0.95,agreed,established,1
562655,0e4475d5-abb8-4182-b1c1-b97f31325885,400978796,196659,2025,first_quarter,2025-04-16T10:44:58-04:00,unclear,0.95,agreed,established,1
562731,ffc52a7d-b5ee-4f1a-ad6b-dd5bbc68b832,320918,59608,2025,first_quarter,2025-04-16T11:04:26-04:00,unclear,0.95,agreed,new2025_incumbent,1
562886,4abf73f2-b1aa-47a5-9361-ba1d160323ae,67854,63864,2025,first_quarter,2025-04-16T11:41:26-04:00,unclear,0.55,agreed,established,1
562930,eaee49c3-2629-40d2-aaa0-141a7069e2be,7257,65567,2025,first_quarter,2025-04-16T11:52:34-04:00,unclear,0.5,agreed,established,1
563105,758b374d-6b6a-4ac0-8c40-48cc912478af,40011087,187711,2025,first_quarter,2025-04-16T12:42:10-04:00,relief,0.9,agreed,established,1
563122,c7f70a26-86dc-4dda-a10b-bc9bf707b6d6,401107007,64042,2025,first_quarter,2025-04-16T12:50:04-04:00,unclear,0.95,agreed,new2025_genuine,1
563454,ff61bc19-bcdb-421c-8036-e0c4c7422b00,401109483,65866,2025,first_quarter,2025-04-16T14:23:45-04:00,unclear,0.7,agreed,unknown,1
563622,732ebb1c-559c-4f09-937c-70d567947620,79175,64005,2025,first_quarter,2025-04-16T14:54:54-04:00,unclear,0.95,agreed,new2025_incumbent,1
564171,9b173e9d-9933-41ec-a9ff-01df1107bf6d,401103524,199384,2025,first_quarter,2025-04-16T16:37:31-04:00,unclear,0.9,agreed,established,1
564227,f52ac711-dd2d-4338-aaf0-2964bc3821d5,40024191,64735,2025,first_quarter,2025-04-16T16:46:12-04:00,unclear,0.6,agreed,new2025_genuine,1
564238,ce8345da-3f94-431e-a2b1-3857e08fd8c1,400359656,189550,2025,first_quarter,2025-04-16T16:47:38-04:00,relief,0.9,agreed,established,1
564252,b4cc2bbc-603a-4d95-a799-b0383c09236f,10800,63562,2025,first_quarter,2025-04-16T16:48:30-04:00,unclear,0.95,agreed,established,1
564408,c046055c-f2aa-4623-ba24-68394f858e46,70175,64495,2025,first_quarter,2025-04-16T17:22:46-04:00,unclear,0.95,agreed,new2025_incumbent,1
564863,46f41b8a-966c-4e88-a0fd-2788d97da4af,401104288,64557,2025,first_quarter,2025-04-16T22:25:39-04:00,unclear,0.55,agreed,established,1
564904,8d7afb48-70df-40bd-b299-9e18ac3c359d,401104288,65433,2025,first_quarter,2025-04-17T00:43:32-04:00,unclear,0.5,agreed,established,1
564930,e8c52cd4-c02e-4529-b1a3-8c8b5e07c830,401104288,63568,2025,first_quarter,2025-04-17T05:22:53-04:00,unclear,0.55,agreed,established,1
565000,e7bb661e-ceef-41cb-a28a-ea4f0b1fb175,401104288,205374,2025,first_quarter,2025-04-17T07:15:10-04:00,mixed,0.6,opus,established,1
565303,10129d84-6a65-458f-83ba-9743cca5f530,401109135,63639,2025,first_quarter,2025-04-17T09:45:41-04:00,unclear,0.4,agreed,new2025_genuine,1
565397,2ea51e5d-04b9-44a3-a898-6b4a6541414b,4301,104670,2025,first_quarter,2025-04-17T10:00:53-04:00,unclear,0.95,agreed,new2025_incumbent,1
565473,6aac8246-1913-4a7b-9049-a7ccd8c0e2bd,29106,134653,2025,first_quarter,2025-04-17T10:15:55-04:00,unclear,0.5,agreed,new2025_genuine,1
565505,02ee7d0c-123b-41d5-80ed-0df39cd16768,401108705,61134,2025,first_quarter,2025-04-17T10:19:40-04:00,unclear,0.95,agreed,new2025_incumbent,1
566152,7033148a-9f66-4bef-8071-29fbe9107048,39941,148807,2025,first_quarter,2025-04-17T11:36:31-04:00,relief,0.95,agreed,established,1
566528,f83e088b-dbe3-4a33-b1f1-ec480f7e9901,400458236,191193,2025,first_quarter,2025-04-17T12:16:46-04:00,unclear,0.5,agreed,new2025_genuine,1
566703,b4fae50e-5003-421b-b434-220b945978f9,284950,64115,2025,first_quarter,2025-04-17T12:37:27-04:00,unclear,0.4,agreed,new2025_incumbent,1
566715,a445984a-68c0-47a9-bb2e-c981249715c3,20697,126907,2025,first_quarter,2025-04-17T12:39:34-04:00,relief,0.9,agreed,new2025_incumbent,1
566775,8e24b393-480c-410f-a566-7499959bcf80,401103276,198380,2025,first_quarter,2025-04-17T12:43:55-04:00,unclear,0.45,opus,new2025_genuine,1
567121,fdde5926-4772-4249-921c-3f3c4dadb641,401109376,65918,2025,second_quarter,2025-04-17T13:46:39-04:00,unclear,0.5,agreed,unknown,1
567158,04e0a8b5-a846-4194-8022-9a74446c1794,400320506,189250,2025,first_quarter,2025-04-17T13:52:50-04:00,unclear,0.4,agreed,established,1
567236,e3d5f974-3583-4f6c-bf20-5831774d2d86,401105814,207492,2025,first_quarter,2025-04-17T14:04:00-04:00,unclear,0.95,agreed,established,1
567284,892ee64e-3a3d-4b2c-be0a-e1068c3b30a0,53777,158495,2025,first_quarter,2025-04-17T14:09:41-04:00,unclear,0.5,agreed,new2025_incumbent,1
567314,61071c26-121e-4772-9157-faa079a9bf2e,401105127,203261,2025,first_quarter,2025-04-17T14:11:53-04:00,unclear,0.5,agreed,new2025_genuine,1
567858,1ce7fb83-4a81-4c6c-be06-db5f3a44f668,17443,65788,2025,first_quarter,2025-04-17T15:14:03-04:00,unclear,0.95,agreed,new2025_incumbent,1
568177,3cd91e2f-2e58-48e6-b046-12bfd5702c3f,13005,118723,2025,first_quarter,2025-04-17T15:37:45-04:00,unclear,0.4,agreed,established,1
568195,3e0aa3cb-a950-4159-bda2-7cadbab53b91,17443,209701,2025,first_quarter,2025-04-17T15:38:20-04:00,unclear,0.95,agreed,new2025_incumbent,1
568344,8ade7efc-b57d-425d-b4a3-ccb45862c937,17443,65515,2025,first_quarter,2025-04-17T15:50:53-04:00,unclear,0.5,agreed,new2025_incumbent,1
568426,6fe7ed65-6952-4df5-bb18-8004a4001c95,17443,65514,2025,first_quarter,2025-04-17T15:59:28-04:00,unclear,0.5,agreed,new2025_incumbent,1
568667,ae600853-3ec7-44fe-8d80-c18278f83d78,45937,153798,2025,first_quarter,2025-04-17T16:30:00-04:00,unclear,0.6,agreed,established,1
568678,fb3d9ddd-8d94-4d43-a0e3-81908d55fddb,299913,180251,2025,first_quarter,2025-04-17T16:30:19-04:00,unclear,0.5,agreed,new2025_genuine,1
568773,b87c293c-60f8-4310-8067-749c4aa99e96,5506,107350,2025,first_quarter,2025-04-17T16:43:11-04:00,relief,0.95,agreed,established,1
569132,b3ca79fd-7230-465b-a0bf-a8611d29b31d,401105040,65951,2025,first_quarter,2025-04-17T17:23:13-04:00,unclear,0.95,agreed,new2025_genuine,1
569334,b33313f3-57dd-40d3-9356-8e93675745bd,5211,106016,2025,first_quarter,2025-04-17T18:56:40-04:00,relief,0.9,agreed,established,1
569338,2bf9ea43-d727-4976-a46b-54bb88296011,7257,65955,2025,first_quarter,2025-04-17T19:03:22-04:00,unclear,0.4,agreed,established,0
569613,3021c798-c588-47bf-9d4b-2f8c66805e4b,401104288,63189,2025,first_quarter,2025-04-17T23:15:10-04:00,unclear,0.55,agreed,established,1
570040,6b9efb85-e506-4355-8897-acac7b662478,400532589,65975,2025,first_quarter,2025-04-18T09:09:16-04:00,unclear,0.95,agreed,unknown,1
570172,cb52e06b-e652-4c9e-bdc9-867413229d54,28504,134535,2025,first_quarter,2025-04-18T09:33:13-04:00,relief,0.95,agreed,established,1
570419,7cc0bbbb-fd8c-4c6f-a143-c39bddac916c,41454,64962,2025,first_quarter,2025-04-18T10:13:43-04:00,unclear,0.5,agreed,new2025_incumbent,1
570446,0ccfccf2-2906-44f3-8c9c-9abbebfa3394,401105498,203770,2025,first_quarter,2025-04-18T10:16:08-04:00,unclear,0.4,agreed,new2025_genuine,1
570644,046f733d-bad1-405d-9d57-23fd9593cee0,556,100441,2025,first_quarter,2025-04-18T10:37:12-04:00,unclear,0.95,agreed,established,1
571068,4794e4dc-aa57-494b-aae3-fa2602ac05a6,284950,44560,2025,first_quarter,2025-04-18T11:23:17-04:00,monitoring,0.95,agreed,new2025_incumbent,1
571153,aa9575db-842e-4077-9b4c-60834560b83f,27332,134279,2025,first_quarter,2025-04-18T11:38:10-04:00,unclear,0.4,agreed,new2025_genuine,1
571208,d337ab4f-0059-471e-b005-8431f9e467af,298012,179855,2025,first_quarter,2025-04-18T11:53:43-04:00,unclear,0.5,agreed,new2025_genuine,1
571294,8da8516e-fcfc-4fb4-b33b-17a2b93feb9b,298012,179856,2025,first_quarter,2025-04-18T12:04:11-04:00,unclear,0.5,agreed,new2025_genuine,1
571366,9ddcb123-aef3-4ae2-bbe2-f76779956a68,401109484,65997,2025,first_quarter,2025-04-18T12:11:53-04:00,unclear,0.95,agreed,unknown,1
571471,26d49555-c502-4aa6-ad8f-31bc25d7df85,76695,169003,2025,first_quarter,2025-04-18T12:34:16-04:00,relief,0.92,agreed,new2025_genuine,1
571942,ad3744c7-802f-4130-a180-1fb9220ac233,401103521,199280,2025,first_quarter,2025-04-18T13:28:26-04:00,unclear,0.95,agreed,established,1
572062,53fe6f1e-8a5e-4afc-baaf-7466db888785,401103945,200454,2025,first_quarter,2025-04-18T13:44:52-04:00,relief,0.88,agreed,new2025_genuine,0
572306,8947accc-c22c-42a0-b9ef-5de11c2dd865,401107067,53336,2025,first_quarter,2025-04-18T14:15:42-04:00,unclear,0.9,agreed,new2025_incumbent,1
572498,8c5e94cc-7bbf-4ac7-bf34-d39e38771f09,400976792,63907,2025,first_quarter,2025-04-18T14:44:02-04:00,unclear,0.95,agreed,new2025_incumbent,1
572537,5dde4b51-bfcb-42f7-944a-80173582b36d,24123,131484,2025,first_quarter,2025-04-18T14:49:45-04:00,unclear,0.45,opus,established,1
572586,da15cdf6-7164-4d2b-a945-200c66577ffc,19775,126395,2025,first_quarter,2025-04-18T14:56:54-04:00,relief,0.9,agreed,new2025_incumbent,1
572670,db862a28-9990-449e-b7ed-74f03ae4e64b,82330,171675,2025,first_quarter,2025-04-18T15:06:04-04:00,unclear,0.95,agreed,new2025_genuine,1
572807,47de3b9c-19c9-479c-bf0c-84545e7365c7,296236,179347,2025,first_quarter,2025-04-18T15:22:25-04:00,unclear,0.5,agreed,new2025_genuine,1
573218,453b5688-667b-4e14-a1f9-b917d1238055,35230,61725,2025,first_quarter,2025-04-18T16:15:42-04:00,unclear,0.5,agreed,established,1
573371,965d3cf7-4c45-454d-b1a9-a8342567fee5,16010,121526,2025,first_quarter,2025-04-18T16:38:46-04:00,unclear,0.55,agreed,established,1
573564,875af157-8299-4137-9ac6-f90b4197e983,7257,65955,2025,first_quarter,2025-04-18T17:06:34-04:00,unclear,0.4,agreed,established,1
573663,157b3699-0eac-4379-b261-0ab909c696bb,283696,61938,2025,first_quarter,2025-04-18T17:21:47-04:00,unclear,0.95,agreed,established,1
573857,96bfc5c8-8e45-499e-afe2-255b9e9e9b5e,7257,64335,2025,first_quarter,2025-04-18T18:08:56-04:00,unclear,0.5,agreed,established,1
574013,a70cf11e-ad45-4bda-9a35-28593af6de38,283696,65153,2025,first_quarter,2025-04-18T19:12:26-04:00,unclear,0.5,agreed,established,1
574207,333e15a8-6913-4daa-91e5-c35b5b3ef59c,401104288,63413,2025,first_quarter,2025-04-19T04:19:55-04:00,unclear,0.55,agreed,established,1
574209,3dd89897-193e-40bf-847e-a647f1d70730,401104288,63670,2025,first_quarter,2025-04-19T04:27:35-04:00,unclear,0.55,agreed,established,0
574383,e636557f-156c-40ee-a09e-4d39e0fccdd0,401104718,55076,2025,first_quarter,2025-04-19T10:33:27-04:00,unclear,0.95,agreed,established,1
575001,d7c4af7f-168c-4e07-8839-ed3dcf99e829,401104010,200631,2025,first_quarter,2025-04-19T18:10:38-04:00,monitoring,0.9,agreed,established,1
575494,46af1950-e5cd-4942-8e17-ce5a1e48ec9c,8453,57191,2025,first_quarter,2025-04-20T10:32:43-04:00,unclear,0.95,agreed,established,1
575804,cbf5db64-fdce-4d89-a5de-67dcc43cdb33,400426039,190607,2025,first_quarter,2025-04-20T13:13:08-04:00,monitoring,0.9,agreed,established,1
575890,551b93d8-77bf-4d3a-9d75-3c449aaa6c37,401109416,66035,2025,first_quarter,2025-04-20T13:39:22-04:00,unclear,0.6,agreed,new2025_genuine,0
575907,7ae1d990-cf74-4fa0-86c3-fc9246acd075,400426039,190608,2025,first_quarter,2025-04-20T13:48:50-04:00,monitoring,0.9,agreed,established,1
576187,9ece374f-38b4-4ccf-872e-c1b148bee433,400426039,56625,2025,first_quarter,2025-04-20T15:53:58-04:00,monitoring,0.9,agreed,established,1
576247,3f6452a5-5af5-47ed-8789-292d4691c616,400426039,190611,2025,first_quarter,2025-04-20T16:17:07-04:00,monitoring,0.9,agreed,established,1
576284,954fd7b3-b8b4-4b14-abe4-cfe7f680aa77,400426039,190614,2025,first_quarter,2025-04-20T16:32:27-04:00,monitoring,0.9,agreed,established,1
576366,c0d95d0c-e62d-4f44-8a90-a28446835fa7,400320502,189244,2025,first_quarter,2025-04-20T16:57:40-04:00,monitoring,0.9,agreed,new2025_genuine,1
576478,b4a77689-1883-402a-9608-d9109d0cd5c2,283696,211867,2025,first_quarter,2025-04-20T17:36:07-04:00,unclear,0.5,agreed,established,1
576842,8200a137-2710-4f52-9951-95cb9c25216d,283696,64187,2025,first_quarter,2025-04-20T19:35:59-04:00,unclear,0.4,agreed,established,1
577157,9902c573-f944-4c11-baba-d86c65a6b4df,400942717,196304,2025,first_quarter,2025-04-20T21:31:24-04:00,unclear,0.5,agreed,established,1
577686,f957717d-20c6-46f9-8e7e-5391f222729d,292094,177961,2025,first_quarter,2025-04-21T07:15:39-04:00,unclear,0.5,agreed,new2025_genuine,1
578001,4c1ae78d-a06b-4a19-9627-74702d743b86,401107297,54482,2025,first_quarter,2025-04-21T08:57:16-04:00,unclear,0.55,agreed,established,0
578030,6aee435b-e3c6-4ce7-9bad-72d25bd5f6cf,401109500,66055,2025,first_quarter,2025-04-21T09:03:31-04:00,unclear,0.95,agreed,unknown,1
578140,1009ca17-14ee-4b05-86fd-0b0a00e7501e,284050,64910,2025,first_quarter,2025-04-21T09:19:58-04:00,unclear,0.95,agreed,new2025_incumbent,1
578185,dd539cc9-c674-4bef-9b61-b17e93e82669,18103,123453,2025,first_quarter,2025-04-21T09:23:59-04:00,unclear,0.45,opus,established,1
578428,68d90e89-1323-422e-9af9-56e2d18aef54,401107297,54482,2025,first_quarter,2025-04-21T09:38:42-04:00,unclear,0.55,agreed,established,1
578448,300e82f4-ea30-4eb1-b872-dbf9e5feed65,401105943,208694,2025,first_quarter,2025-04-21T09:39:48-04:00,unclear,0.5,opus,new2025_incumbent,1
578996,75d0356e-6ccb-432f-8307-ff00d673abb6,37403,146244,2025,first_quarter,2025-04-21T10:11:13-04:00,unclear,0.5,agreed,new2025_incumbent,1
579058,1819bd6b-c662-470e-b516-66b0f962dcfd,6303,108362,2025,first_quarter,2025-04-21T10:14:29-04:00,unclear,0.5,agreed,established,1
579245,487fb1a0-2f6a-4774-968f-d09819200a78,26912,134239,2025,first_quarter,2025-04-21T10:22:59-04:00,unclear,0.8,agreed,established,1
579295,a2aea2eb-578b-4dfe-92b4-d6f570000e07,10935,114903,2025,first_quarter,2025-04-21T10:25:30-04:00,unclear,0.4,agreed,established,1
579441,2f50cfb8-6091-4a15-955d-a71bcadb6849,13370,118930,2025,first_quarter,2025-04-21T10:33:04-04:00,unclear,0.55,agreed,established,1
579576,33a360dd-f1ea-4114-bf68-a7835ab980ce,401109278,66063,2025,first_quarter,2025-04-21T10:39:04-04:00,unclear,0.9,agreed,new2025_genuine,1
580365,8dbe8ee3-4113-4e6a-9171-6940ef7aa578,32098,140427,2025,first_quarter,2025-04-21T11:11:02-04:00,unclear,0.55,agreed,new2025_incumbent,1
580443,c6a4a9dd-77db-4e66-9d85-fd8b0188b253,6303,108421,2025,first_quarter,2025-04-21T11:14:17-04:00,unclear,0.5,agreed,established,1
580534,020c04b9-5ab6-4b7b-9c57-21a9ed747a17,401108704,60974,2025,first_quarter,2025-04-21T11:18:24-04:00,unclear,0.95,agreed,new2025_incumbent,1
580781,151c4eb0-863b-465e-a334-17f3d78b4caa,296271,65523,2025,first_quarter,2025-04-21T11:30:18-04:00,unclear,0.7,agreed,new2025_incumbent,1
580849,534b382c-a933-4b2f-8fb1-d79e79082399,40021,149481,2025,first_quarter,2025-04-21T11:34:26-04:00,relief,0.9,agreed,established,1
580977,a3c9c09f-3abf-4a3f-b310-e9a068da4fcb,30495,135839,2025,first_quarter,2025-04-21T11:41:58-04:00,unclear,0.6,agreed,new2025_incumbent,1
581109,543ea270-0311-4cf8-8890-f14eca1211d6,401109167,63846,2025,first_quarter,2025-04-21T11:50:26-04:00,protection,0.95,opus,new2025_genuine,1
581249,68aa9fbf-99e8-4228-b509-894454a957d7,400421010,65786,2025,first_quarter,2025-04-21T11:56:12-04:00,unclear,0.5,agreed,new2025_genuine,1
581312,e9ca7b6d-87ae-4f8e-9013-8c3e6751d5fe,5357,65067,2025,first_quarter,2025-04-21T12:00:16-04:00,unclear,0.5,agreed,new2025_incumbent,1
581588,5eb159eb-74ac-4d87-a023-bd3ac17ea9d1,401103244,198289,2025,first_quarter,2025-04-21T12:12:00-04:00,unclear,0.95,agreed,established,1
581651,29bae0ab-69f3-4afc-b4ed-0dd02f36cb9c,401108897,61402,2025,first_quarter,2025-04-21T12:15:09-04:00,unclear,0.95,agreed,new2025_genuine,1
581715,dcf5a44b-760d-4db5-8daf-210ff29b8d46,401109039,64851,2025,first_quarter,2025-04-21T12:18:45-04:00,unclear,0.5,agreed,new2025_genuine,1
581843,45e2e354-24e4-42c8-84e1-ecf4afa51693,400794388,195349,2025,first_quarter,2025-04-21T12:23:27-04:00,unclear,0.95,agreed,established,1
582111,113515f6-6736-48af-ad2e-ec79f2ef3799,1433,102615,2025,first_quarter,2025-04-21T12:35:34-04:00,relief,0.7,opus,established,1
582183,e58f0f21-b6ca-4a69-87cc-36edf9278a60,1433,102612,2025,first_quarter,2025-04-21T12:38:48-04:00,relief,0.7,opus,established,1
582547,9c2b6f7a-a062-40e7-9f42-830c49b246c1,5357,65642,2025,first_quarter,2025-04-21T12:53:11-04:00,unclear,0.5,agreed,new2025_incumbent,1
582695,14ce3959-65fd-433b-b6ab-32213d668b7a,401105303,203521,2025,first_quarter,2025-04-21T12:59:34-04:00,unclear,0.95,agreed,established,1
582846,935ab9f6-85cb-4e2a-acd3-de867aa2393c,5357,65657,2025,first_quarter,2025-04-21T13:07:27-04:00,unclear,0.5,agreed,new2025_incumbent,1
582985,9414424f-1463-4c2f-909c-d017a270ed2b,291594,177806,2025,first_quarter,2025-04-21T13:13:55-04:00,unclear,0.5,agreed,established,1
583777,954004f5-5c6f-4aef-884b-50f6acebb68f,401103568,65815,2025,first_quarter,2025-04-21T13:55:02-04:00,unclear,0.4,agreed,new2025_genuine,1
583819,26e0eda6-c92f-4338-bd5f-e8f8a4893392,33647,141959,2025,first_quarter,2025-04-21T13:56:57-04:00,unclear,0.9,agreed,new2025_incumbent,1
583826,b04510d6-ed9b-4dbd-9391-59231f7fb71a,31417,138240,2025,first_quarter,2025-04-21T13:56:57-04:00,unclear,0.4,agreed,established,1
583899,b3edd2e5-1640-44ee-9a99-8018ebb4e536,46940,154402,2025,first_quarter,2025-04-21T14:00:08-04:00,unclear,0.55,agreed,new2025_genuine,1
584491,5074de59-cca3-4f29-9e2b-2b15d387f1e4,32021,139582,2025,first_quarter,2025-04-21T14:26:08-04:00,monitoring,0.9,agreed,new2025_incumbent,1
584649,9272a47d-0342-4d3c-8479-97a74170c2cf,6278,108001,2025,first_quarter,2025-04-21T14:34:00-04:00,unclear,0.9,agreed,new2025_incumbent,1
584739,b95379a2-f2a9-4e04-a56b-5c141aaee903,17443,209705,2025,first_quarter,2025-04-21T14:36:46-04:00,unclear,0.95,agreed,new2025_incumbent,1
584838,c6bc4440-825c-4b6d-81b3-9cbd2a2027cf,308992,183204,2025,first_quarter,2025-04-21T14:40:17-04:00,unclear,0.45,agreed,new2025_incumbent,1
584995,7295cedb-df0f-4404-89a7-82dd3d3cb4b9,401103897,200355,2025,first_quarter,2025-04-21T14:47:59-04:00,relief,0.95,agreed,established,1
585105,39f43eea-0f5b-416a-9893-61de25c15cb6,401104294,61342,2025,first_quarter,2025-04-21T14:54:08-04:00,unclear,0.5,agreed,established,1
585214,b1e0e8b4-28cf-42a5-bbfe-79708ee07908,401105259,203474,2025,first_quarter,2025-04-21T14:59:36-04:00,relief,0.6,opus,established,1
585412,870c52c6-1c38-4f36-b9b0-274225dbc558,6837,109370,2025,first_quarter,2025-04-21T15:06:08-04:00,unclear,0.5,agreed,new2025_incumbent,1
585508,7dadab96-a2e2-4d73-bf41-04abf128a58f,17443,209710,2025,first_quarter,2025-04-21T15:08:32-04:00,unclear,0.95,agreed,new2025_incumbent,1
586645,c2289978-5e88-48b5-997b-3f85908c03e3,40004026,187479,2025,first_quarter,2025-04-21T15:44:07-04:00,unclear,0.5,agreed,new2025_incumbent,1
586687,dc8f67ac-e564-4743-8369-dff092208986,400695073,194329,2025,first_quarter,2025-04-21T15:45:34-04:00,unclear,0.4,opus,established,1
586817,30ff1026-21f7-40c4-8a32-e39b930e2280,56771,159922,2025,first_quarter,2025-04-21T15:49:52-04:00,monitoring,0.6,opus,established,1
586908,387682b8-0feb-40a4-b604-8734c4320018,401103295,64817,2025,first_quarter,2025-04-21T15:53:18-04:00,unclear,0.4,agreed,new2025_incumbent,1
587133,f95e7a20-f522-4648-a62d-a25e689022f2,401107157,53729,2025,first_quarter,2025-04-21T16:01:08-04:00,unclear,0.95,agreed,established,1
587940,e4a2a3fd-a78f-4b1d-82cc-2da6277f04f8,7758,110904,2025,first_quarter,2025-04-21T16:26:54-04:00,relief,0.95,agreed,new2025_incumbent,1
587955,1e21beed-4128-4fb9-bddf-e9d93cd676fb,310973,183737,2025,first_quarter,2025-04-21T16:27:07-04:00,relief,0.8,opus,new2025_genuine,1
588134,c8836d6d-5002-4cb1-98a3-5abfc06a3b4f,28606,134545,2025,first_quarter,2025-04-21T16:32:40-04:00,unclear,0.55,agreed,new2025_genuine,1
588205,f0876888-acfb-480d-bad7-2c283226a1bf,17443,123132,2025,first_quarter,2025-04-21T16:34:20-04:00,unclear,0.95,agreed,new2025_incumbent,1
588270,fb63d219-2bae-4e45-ab35-84e0d4caa92d,401103900,200358,2025,first_quarter,2025-04-21T16:36:14-04:00,unclear,0.95,agreed,new2025_incumbent,1
588323,6dd182b6-a570-4742-ab20-756c89c867ae,401105966,208991,2025,first_quarter,2025-04-21T16:38:27-04:00,unclear,0.95,agreed,new2025_incumbent,1
588379,3d783c63-898d-48ba-9e1a-ea26025b6934,5632,107401,2025,first_quarter,2025-04-21T16:41:45-04:00,monitoring,0.85,agreed,established,1
588397,3db1e876-ea87-402e-9c9f-450251bea320,314192,184769,2025,first_quarter,2025-04-21T16:41:53-04:00,unclear,0.9,agreed,new2025_incumbent,1
588566,4ef68575-92bd-4b1e-8da4-c7aa1e1860a3,290571,177646,2025,first_quarter,2025-04-21T16:49:19-04:00,relief,0.95,agreed,established,1
588778,59923d3f-cd5d-49dc-b20d-57c3db8e1586,401106670,61494,2025,first_quarter,2025-04-21T16:55:44-04:00,unclear,0.95,agreed,new2025_genuine,1
589325,a27f9a25-970b-4fb7-bbb0-8ea51817ee4d,401103565,208110,2025,first_quarter,2025-04-21T17:13:33-04:00,unclear,0.95,agreed,established,1
589583,f6825dd7-818e-46cd-985d-1329f00d5e17,400576731,192991,2025,first_quarter,2025-04-21T17:21:03-04:00,unclear,0.9,agreed,new2025_genuine,1
589719,7139b177-ba38-49b6-a537-8fd756bc086c,7805,110917,2025,first_quarter,2025-04-21T17:25:00-04:00,monitoring,0.95,agreed,established,1
590074,2a4647ed-82f9-4621-91ef-2e36492248f5,401049958,197314,2025,first_quarter,2025-04-21T17:38:00-04:00,unclear,0.95,agreed,new2025_genuine,1
590102,23aa74bb-159b-46a6-b077-c5917671784e,58055,160433,2025,first_quarter,2025-04-21T17:39:53-04:00,unclear,0.95,agreed,established,1
590146,4d19f64e-923d-4a5f-b8ee-bc3ed1bfb766,11195,115307,2025,first_quarter,2025-04-21T17:41:50-04:00,relief,0.9,agreed,new2025_incumbent,1
590251,ae157326-5260-4042-b064-463d88734012,401104313,201390,2025,first_quarter,2025-04-21T17:45:27-04:00,unclear,0.95,agreed,established,1
590273,ad53e4be-5767-491d-8119-260a727f1577,35263,143852,2025,first_quarter,2025-04-21T17:45:55-04:00,unclear,0.4,agreed,established,1
590296,0d251c80-f863-494e-ab6c-f2686edea4a3,401003839,196734,2025,first_quarter,2025-04-21T17:46:27-04:00,unclear,0.9,agreed,new2025_genuine,1
590780,e7c82248-cfb1-43e3-90a3-178a7ecf3606,3867,103709,2025,first_quarter,2025-04-21T18:08:06-04:00,unclear,0.95,agreed,new2025_genuine,1
590824,bec5cc64-b2d2-479d-800a-4b5e2e02de36,72873,166355,2025,first_quarter,2025-04-21T18:10:06-04:00,unclear,0.5,opus,established,1
590940,5fbc46ad-977e-450b-9ee9-15757c729722,31827,139084,2025,first_quarter,2025-04-21T18:14:44-04:00,monitoring,0.9,agreed,new2025_genuine,1
590991,795c43a5-bf04-4a1b-adb6-ce411c4d2a68,7257,110079,2025,first_quarter,2025-04-21T18:17:30-04:00,unclear,0.4,agreed,established,1
591080,4dc537d8-3b7b-47e0-ac60-ac78eb471b09,22883,129738,2025,first_quarter,2025-04-21T18:21:52-04:00,unclear,0.95,agreed,established,1
591197,294be9e8-5222-4716-830b-2ed7d42662ff,401108149,58740,2025,first_quarter,2025-04-21T18:26:39-04:00,relief,0.8,opus,established,1
591240,5f15f819-0b48-44e5-846c-d3694f162a61,24566,132410,2025,first_quarter,2025-04-21T18:27:56-04:00,unclear,0.8,agreed,established,1
591380,4756f1fe-b17c-4ad1-8210-9571ad557a5c,1171,63620,2025,first_quarter,2025-04-21T18:33:41-04:00,unclear,0.95,agreed,established,1
591453,e34a754b-a1bb-4861-b56d-d52baa0f58b4,401106670,64547,2025,first_quarter,2025-04-21T18:37:28-04:00,unclear,0.95,agreed,new2025_genuine,1
591490,fd31a205-1fcf-477a-bc25-92e21e3d15ef,401106670,64541,2025,first_quarter,2025-04-21T18:39:14-04:00,unclear,0.7,agreed,new2025_genuine,1
591512,bd24ae56-d534-4305-8b3d-f3f7de8a252a,401046942,197256,2025,first_quarter,2025-04-21T18:39:59-04:00,unclear,0.95,agreed,established,1
591786,b70edbd4-3a58-44e6-8488-990063206d6b,4766,104899,2025,first_quarter,2025-04-21T18:55:05-04:00,protection,0.7,opus,established,1
591835,64c8e5f0-b79d-4d64-b012-09c6b6e775b3,401105597,65582,2025,first_quarter,2025-04-21T18:57:51-04:00,unclear,0.75,agreed,new2025_incumbent,1
592080,28bf35f3-bd6b-48e9-a718-1a8e9613579b,48678,155448,2025,first_quarter,2025-04-21T19:18:26-04:00,unclear,0.95,agreed,established,1
592131,7e25e62b-c742-49c5-9e90-2e7d9e45cef8,401108081,64635,2025,first_quarter,2025-04-21T19:24:18-04:00,unclear,0.55,agreed,new2025_genuine,1
592179,69f38332-3c42-4c3f-a349-423f5a000605,401106670,64543,2025,first_quarter,2025-04-21T19:28:58-04:00,unclear,0.95,agreed,new2025_genuine,1
592249,61bd9750-ef42-4997-9d86-c2d62ae88a94,401106670,64539,2025,first_quarter,2025-04-21T19:33:41-04:00,unclear,0.95,agreed,new2025_genuine,1
592269,7bfb6254-4235-47a3-aa5a-afe145455688,401106670,64762,2025,first_quarter,2025-04-21T19:37:13-04:00,unclear,0.95,agreed,new2025_genuine,1
592344,a5621bfa-b7ba-4f92-b8a4-52a1df756494,401105040,65336,2025,first_quarter,2025-04-21T19:47:01-04:00,unclear,0.6,agreed,new2025_genuine,1
592366,3ce0637e-2d97-4eb0-af2f-46a4149cd811,28663,134577,2025,first_quarter,2025-04-21T19:47:41-04:00,relief,0.95,agreed,established,1
592518,4640c297-0bf7-4bcb-a193-a12c1377d582,30518,135943,2025,first_quarter,2025-04-21T20:01:28-04:00,unclear,0.95,agreed,new2025_incumbent,1
592799,cbc5e1b0-e3a7-4566-b6a6-aad8f73bf429,401104172,200901,2025,first_quarter,2025-04-21T20:25:09-04:00,unclear,0.5,agreed,established,1
592893,d00e21f8-1eb0-47d3-87ae-ef71732632bd,401104313,201391,2025,first_quarter,2025-04-21T20:34:11-04:00,unclear,0.4,agreed,established,1
593174,b67c1478-d1ad-41ea-a718-a812714c0132,28812,134591,2025,first_quarter,2025-04-21T21:02:20-04:00,unclear,0.5,agreed,new2025_genuine,1
593364,959b70eb-63a6-431e-8185-5386468d56fb,24373,132005,2025,first_quarter,2025-04-21T21:23:13-04:00,unclear,0.4,agreed,new2025_genuine,1
593663,7bd98c0e-ceb5-45da-8a59-9e3205cca43a,401104313,63973,2025,first_quarter,2025-04-21T21:53:30-04:00,unclear,0.95,agreed,established,1
593669,6f3b4f42-2e07-4c03-9b4a-60bc2d45b824,401103942,200450,2025,first_quarter,2025-04-21T21:54:18-04:00,relief,0.9,agreed,new2025_genuine,1
593975,93efc8ca-50a8-4fd5-8ab9-5543f61f7def,6325,108731,2025,first_quarter,2025-04-21T22:36:35-04:00,unclear,0.9,agreed,established,1
593996,70e36452-9f3d-49be-82f0-f2e33e6c1e97,79290,170549,2025,first_quarter,2025-04-21T22:42:20-04:00,unclear,0.5,agreed,new2025_genuine,0
594143,a4490e16-c416-451a-9071-d256ba64ad89,401105417,203687,2025,first_quarter,2025-04-21T23:03:23-04:00,unclear,0.4,opus,established,1
594164,2f024a3c-274a-44d9-8d50-d7c4d61961bc,401105417,59644,2025,first_quarter,2025-04-21T23:06:00-04:00,unclear,0.8,agreed,established,1
594188,496f1132-d030-49c0-8a5a-d79e2fc04997,401105417,203681,2025,first_quarter,2025-04-21T23:13:03-04:00,unclear,0.95,agreed,established,1
594807,16803dbf-0570-4087-9abd-2a4a1516b414,28344,134513,2025,first_quarter,2025-04-22T10:57:24-04:00,unclear,0.5,agreed,new2025_incumbent,1
594926,675f6655-af62-4db2-8085-084482e2cdd8,400689052,66228,2025,second_quarter,2025-04-22T11:59:07-04:00,unclear,0.85,agreed,unknown,1
594992,d6b56b0f-41c7-4bf8-806b-0d8b863635d2,40022184,188055,2025,first_quarter,2025-04-22T12:49:07-04:00,unclear,0.5,agreed,new2025_genuine,1
595106,cd01e87e-46ea-4734-9b94-99aeea4a8bc9,58352,160522,2025,first_quarter,2025-04-22T14:47:29-04:00,relief,0.85,opus,established,1
595211,79b9ed19-22d8-4ad0-a115-9b8b766217fc,36366,145446,2025,first_quarter,2025-04-22T15:35:51-04:00,unclear,0.5,agreed,established,1
595297,5976654b-97cb-4266-8b13-684078f468d6,401105589,205749,2025,first_quarter,2025-04-22T16:21:35-04:00,mixed,0.85,opus,established,1
595375,1a46dc1f-45a2-4905-bd64-99a70e12996e,79290,170549,2025,first_quarter,2025-04-22T18:12:31-04:00,unclear,0.5,agreed,new2025_genuine,1
595525,fa824f15-ff89-4105-ba51-4e8d0ff60cf1,284050,66250,2025,second_quarter,2025-04-23T10:02:31-04:00,unclear,0.55,agreed,new2025_incumbent,0
595610,269aa10c-11c4-46c5-ad66-748d27640a87,401109416,66035,2025,first_quarter,2025-04-23T12:22:56-04:00,unclear,0.6,agreed,new2025_genuine,1
595637,0b9bc854-8023-434a-b6c1-a551ba8b7035,401105139,203282,2025,first_quarter,2025-04-23T13:42:26-04:00,unclear,0.95,agreed,new2025_incumbent,1
595661,889c1f50-c22e-482e-a969-548fd9374656,7257,66255,2025,first_quarter,2025-04-23T14:21:42-04:00,unclear,0.95,agreed,established,1
595708,8525ab1f-3b94-4afa-8f70-5b25b98fdd7c,37538,146406,2025,first_quarter,2025-04-23T15:59:54-04:00,unclear,0.5,agreed,established,1
595734,50dff46c-71bc-4be8-8378-aba5ea36de16,401023888,197070,2025,first_quarter,2025-04-23T17:58:07-04:00,unclear,0.5,agreed,established,1
595949,86ed1183-fefe-4180-9c59-e129108716f9,401103237,198275,2025,first_quarter,2025-04-24T15:16:36-04:00,unclear,0.4,opus,established,1
596391,f6296d08-ca89-41ec-812a-dab214834efe,401105190,60844,2025,first_quarter,2025-04-28T13:18:31-04:00,unclear,0.5,agreed,established,1
596419,e5f75a72-1e54-4ea1-84d2-7178bc9758c9,401104876,202865,2025,first_quarter,2025-04-28T13:56:09-04:00,unclear,0.4,agreed,new2025_incumbent,1
596763,90ff390d-6a2e-4fa9-a7d4-b82d20f1c867,401109474,66368,2025,first_quarter,2025-05-01T09:29:34-04:00,unclear,0.8,agreed,new2025_genuine,0
596892,4567e44e-60c3-405a-94d9-1b3a013711b9,401109433,65472,2025,second_quarter,2025-05-02T10:24:53-04:00,unclear,0.5,agreed,new2025_genuine,1
596901,c0cd763b-1384-4fcb-892b-62ac9d9cd7cf,57338,159975,2025,first_quarter,2025-05-02T11:29:41-04:00,relief,0.95,agreed,established,1
597370,93b0f31f-8af2-48b2-8c0c-e0ab62431f6d,81054,171061,2025,first_quarter,2025-05-05T17:05:55-04:00,protection,0.95,opus,established,1
597572,c0cc5dc8-ed11-4a8e-80cb-c114cd73740f,401103945,200454,2025,first_quarter,2025-05-06T10:32:54-04:00,relief,0.88,agreed,new2025_genuine,1
598024,da120740-8900-4480-b5e5-833a7e8f834d,27833,134460,2025,first_quarter,2025-05-06T12:44:03-04:00,relief,0.7,opus,established,1
598290,54e55f28-7f05-4c46-b9fb-2b3775dfe88d,401105533,205669,2025,first_quarter,2025-05-06T15:40:10-04:00,unclear,0.4,agreed,new2025_incumbent,1
598388,2ca0489a-caa9-4bc4-9f44-9739545f9ca6,401109474,66368,2025,first_quarter,2025-05-06T17:25:59-04:00,unclear,0.8,agreed,new2025_genuine,1
598554,e64dccdc-24c1-447a-9e00-4bd1af218d2b,401104531,60001,2025,first_quarter,2025-05-07T12:26:32-04:00,unclear,0.95,agreed,new2025_incumbent,1
598562,a00390d6-7009-4692-977c-7dcf5235f72b,401106285,66455,2025,second_quarter,2025-05-07T12:45:38-04:00,unclear,0.5,agreed,established,0
598576,fa6447c2-eac1-4786-abbd-68365af84a82,401108704,66457,2025,second_quarter,2025-05-07T13:14:46-04:00,unclear,0.5,agreed,new2025_incumbent,0
598849,b54f8c24-e08f-44e0-963d-cc8c2dfc4293,305635,66479,2025,second_quarter,2025-05-08T14:26:50-04:00,unclear,0.4,agreed,unknown,1
598867,9ef3c3d5-be9a-4492-bd1c-41763a8f32f3,401108679,63168,2025,first_quarter,2025-05-08T16:34:39-04:00,unclear,0.45,opus,established,1
598973,23ddc02d-a8bb-48ff-9a90-9344b11ad32b,89873,174240,2025,second_quarter,2025-05-09T13:32:15-04:00,unclear,0.55,agreed,unknown,1
599013,7a23a9d9-dad6-45ce-81bd-5d4f16fcb8b5,401104188,200912,2025,first_quarter,2025-05-09T16:04:41-04:00,unclear,0.4,agreed,new2025_genuine,1
599034,8a739e48-1709-47fa-8400-ad20e37262b3,401104209,58640,2025,first_quarter,2025-05-10T11:15:18-04:00,unclear,0.5,agreed,established,1
599086,84101b37-e28d-4162-b507-6cc74199f6e9,400487397,57259,2025,first_quarter,2025-05-12T00:19:10-04:00,unclear,0.95,agreed,established,1
599140,43e7da11-345a-4757-845b-c32c8497a7ae,1171,66515,2025,second_quarter,2025-05-12T11:48:21-04:00,unclear,0.5,agreed,established,0
599163,12381424-5782-42c4-ad31-9f16e1d03cc4,401109039,66519,2025,second_quarter,2025-05-12T13:17:05-04:00,unclear,0.5,agreed,new2025_genuine,0
599189,3a995089-ce6b-4f62-bfae-038f50b532ad,401109039,66529,2025,second_quarter,2025-05-12T15:36:24-04:00,unclear,0.85,agreed,new2025_genuine,0
599273,06943758-df74-482f-b6b9-ed075a2e7059,401105040,66547,2025,second_quarter,2025-05-13T10:55:05-04:00,unclear,0.4,agreed,new2025_genuine,0
599274,53e89b09-58eb-4ac2-91c7-35ccb362162b,401105040,66548,2025,second_quarter,2025-05-13T11:01:43-04:00,unclear,0.95,agreed,new2025_genuine,0
599312,c991cf38-821f-4c9c-ab1b-b4b314df8eec,400421010,66564,2025,second_quarter,2025-05-13T14:53:11-04:00,unclear,0.95,agreed,new2025_genuine,1
599317,530b51c2-f29b-4329-83b8-f4028bb373ba,400421010,66565,2025,second_quarter,2025-05-13T15:04:21-04:00,unclear,0.95,agreed,new2025_genuine,1
599326,065503ef-d9ff-4f51-9273-48ab96700be6,400421010,66567,2025,second_quarter,2025-05-13T15:22:05-04:00,unclear,0.95,agreed,new2025_genuine,1
599494,6ab44be5-11df-437f-aa22-5e108839b2ba,401109586,66610,2025,second_quarter,2025-05-15T09:12:50-04:00,unclear,0.95,agreed,unknown,1
599844,bebe9681-3da6-4035-a26f-6bb37147198f,401109147,66676,2025,second_quarter,2025-05-19T11:52:05-04:00,unclear,0.95,agreed,unknown,1
599880,148ff6cf-d163-4a33-b33d-dfed26cd79e2,401105417,66139,2025,first_quarter,2025-05-19T17:03:33-04:00,unclear,0.95,agreed,established,1
599894,9eb2f314-9454-4c50-b838-9b2450645801,401105417,66694,2025,first_quarter,2025-05-19T17:12:47-04:00,unclear,0.85,agreed,established,0
599946,8cf9103b-9a8a-416d-972a-47d9bb61aadf,401104288,66709,2025,second_quarter,2025-05-20T08:59:17-04:00,unclear,0.5,agreed,established,0
599957,2975eec1-c976-4ac3-9c92-4825b539bb62,401105417,65566,2025,first_quarter,2025-05-20T10:27:04-04:00,unclear,0.95,agreed,established,1
600260,7898af19-32f8-401b-b7c6-9781500c6c73,401106670,64762,2025,second_quarter,2025-05-22T15:47:17-04:00,unclear,0.95,agreed,new2025_genuine,1
600353,a36c6842-0ec7-445e-9378-9765d1aab5bf,40013096,187767,2025,first_quarter,2025-05-23T17:45:56-04:00,unclear,0.95,agreed,new2025_incumbent,0
600414,b9cfe803-05f6-44a9-815a-1e430944a838,401109282,66780,2025,second_quarter,2025-05-27T12:58:56-04:00,unclear,0.95,agreed,new2025_genuine,0
600434,2d2a30c1-256f-43a2-a944-0bd22a9e589f,401105417,66694,2025,first_quarter,2025-05-27T14:23:19-04:00,unclear,0.85,agreed,established,1
600451,f9fecc87-8e47-4af6-8cf9-32f6fd286aca,401105417,66785,2025,second_quarter,2025-05-27T14:59:35-04:00,unclear,0.9,agreed,established,1
600487,b4c346da-6d28-4824-b26d-4b2abfb3f380,400944725,66606,2025,first_quarter,2025-05-27T20:17:04-04:00,unclear,0.95,agreed,new2025_genuine,0
600494,63513d2f-372e-48c5-ab6d-8b7ab3c9d3c4,400944725,66606,2025,first_quarter,2025-05-27T20:27:38-04:00,unclear,0.95,agreed,new2025_genuine,1
600626,38f325f0-dab5-47ac-8ea3-82f7c13a2bc0,401104288,66825,2025,second_quarter,2025-05-30T10:55:53-04:00,unclear,0.5,agreed,established,0
600648,a405dacd-3c33-4207-9673-de10ada695b4,401109292,66836,2025,second_quarter,2025-05-30T13:33:18-04:00,unclear,0.9,agreed,new2025_genuine,0
600653,8a4c3ced-2cf3-4275-87e4-8fa70ade0d92,7257,66837,2025,second_quarter,2025-05-30T13:44:43-04:00,unclear,0.95,agreed,established,0
600656,21a77748-6d1f-4f17-ae97-f792852f6755,40013096,187767,2025,first_quarter,2025-05-30T13:56:54-04:00,unclear,0.95,agreed,new2025_incumbent,1
600718,efcac91c-5420-407b-8d53-7a46f5e8d1f4,401103221,198221,2025,second_quarter,2025-06-02T10:48:09-04:00,monitoring,0.95,agreed,new2025_genuine,0
600729,85f55d3e-f71c-4b0c-9631-fbc013225fc1,55291,55863,2025,second_quarter,2025-06-02T12:01:39-04:00,unclear,0.9,agreed,new2025_incumbent,0
600763,b8b41019-0e8e-49ea-a7ed-bacb90abe63e,401109009,66875,2025,second_quarter,2025-06-02T15:54:58-04:00,unclear,0.85,agreed,new2025_genuine,1
601271,17f4ce73-8c9c-465b-9722-6319635b184c,401109039,67024,2025,second_quarter,2025-06-09T14:20:54-04:00,unclear,0.5,agreed,new2025_genuine,0
601272,1ad29d57-9924-415f-a38a-1f32c1b368f2,401109039,67025,2025,second_quarter,2025-06-09T14:29:34-04:00,unclear,0.5,agreed,new2025_genuine,0
601496,f18bf850-2dac-477d-a1ed-016e94fb4be0,296271,67102,2025,second_quarter,2025-06-13T13:39:41-04:00,unclear,0.95,agreed,new2025_incumbent,1
601548,b481a24e-121e-4181-8951-29c303d72616,7257,67130,2025,second_quarter,2025-06-16T09:55:59-04:00,unclear,0.5,agreed,established,0
601595,1ab23f4e-d3e4-49be-8d5c-9be1e1e66284,401106954,67143,2025,second_quarter,2025-06-16T13:58:26-04:00,unclear,0.9,agreed,new2025_genuine,0
601691,bdbd84b7-ef89-409a-b875-a1be0c164f45,401109659,67171,2025,second_quarter,2025-06-17T14:28:44-04:00,unclear,0.3,agreed,unknown,1
601701,d1433b73-c0c9-485c-8f7f-df757de2fb6c,401108944,67173,2025,second_quarter,2025-06-17T15:51:50-04:00,unclear,0.4,opus,new2025_incumbent,0
601768,55c5d6bb-ea9b-41d7-a20d-91342c2b154f,400976792,63907,2025,second_quarter,2025-06-18T14:57:47-04:00,unclear,0.95,agreed,new2025_incumbent,1
601792,884f36f9-4c35-4354-9ee6-6c10e46ece08,401104288,67212,2025,second_quarter,2025-06-19T08:00:36-04:00,unclear,0.5,agreed,established,0
601795,021e6af7-78cd-438b-850a-4abfd4407c0c,401105907,67215,2025,second_quarter,2025-06-19T10:40:37-04:00,unclear,0.5,agreed,unknown,1
601986,d6e5d949-12c2-4cff-b088-e44f204da53d,401109167,63846,2025,second_quarter,2025-06-24T12:00:27-04:00,mixed,0.9,opus,new2025_genuine,0
602366,e1ef0b32-144d-45f1-8c16-4f3418665c35,401106405,213706,2025,second_quarter,2025-06-30T12:47:10-04:00,relief,0.9,opus,established,1
603210,d76450a7-757a-4c4c-a322-0266c61a398e,401104861,67442,2025,second_quarter,2025-07-02T15:16:43-04:00,unclear,0.6,agreed,unknown,1
603235,1183663f-2464-4b72-925f-e01f02bb123f,307034,182219,2025,second_quarter,2025-07-02T15:48:36-04:00,unclear,0.5,agreed,new2025_genuine,1
603306,2619360e-1caa-4262-9ead-3b619c071754,401109665,67465,2025,second_quarter,2025-07-02T17:34:27-04:00,unclear,0.95,agreed,unknown,1
603349,b0080d7b-b0bf-4464-b912-aea8b902af26,401104209,205334,2025,second_quarter,2025-07-03T09:52:25-04:00,unclear,0.5,agreed,established,1
603401,77d2b789-a6b0-4df7-ab9a-810a8dc9c9fb,401106954,67143,2025,second_quarter,2025-07-03T11:42:27-04:00,monitoring,0.75,agreed,new2025_genuine,1
603508,b5d3160c-8aab-4c38-8aa9-682eea0b03d5,298012,179855,2025,second_quarter,2025-07-03T14:02:57-04:00,unclear,0.5,agreed,new2025_genuine,1
603517,e019d5b5-7efe-4c1a-b8fe-41da503c7e68,298012,179856,2025,second_quarter,2025-07-03T14:07:21-04:00,unclear,0.5,agreed,new2025_genuine,1
604139,9f9b7748-e09a-47cf-8c70-488e76b30908,401108145,58311,2025,second_quarter,2025-07-07T10:21:59-04:00,unclear,0.9,agreed,new2025_genuine,1
604196,1b028d0f-538f-4894-aecf-6bb80277779b,400661993,210126,2025,second_quarter,2025-07-07T11:27:18-04:00,unclear,0.4,agreed,established,1
604236,113f87df-1530-435d-a44e-e400693dad0d,400320506,189250,2025,second_quarter,2025-07-07T12:00:53-04:00,unclear,0.4,agreed,established,1
604415,a5e0a84b-bc3a-445d-afb9-cab4ddb8203e,401108962,67536,2025,second_quarter,2025-07-07T16:30:30-04:00,unclear,0.5,agreed,new2025_genuine,0
604433,6f87ae9b-3483-448c-a471-38164971c9fb,401108704,67537,2025,second_quarter,2025-07-07T17:16:43-04:00,unclear,0.95,agreed,new2025_incumbent,0
604580,4fa7d1e8-065b-408a-8203-e3dfe529ce20,400408933,190355,2025,second_quarter,2025-07-08T09:40:55-04:00,relief,0.8,agreed,established,1
604673,7801054c-fef6-46d6-b5a1-45ec173313fd,401105150,65033,2025,second_quarter,2025-07-08T11:08:27-04:00,unclear,0.5,agreed,new2025_genuine,1
604818,1bc0be9f-cd81-417e-9d43-d6a7a399c14d,31827,139084,2025,second_quarter,2025-07-08T13:28:51-04:00,monitoring,0.9,agreed,new2025_genuine,1
604826,76ad09e7-08a8-442e-afeb-9ec4f22978c9,401109739,67555,2025,third_quarter,2025-07-08T13:31:58-04:00,unclear,0.5,agreed,unknown,1
604968,d5636fb6-846d-42c1-9026-a6e4df88f2c3,401103524,199384,2025,second_quarter,2025-07-08T15:53:31-04:00,unclear,0.9,agreed,established,1
604986,97287987-807d-4f00-b23f-0e5f76d1780e,401103605,199773,2025,second_quarter,2025-07-08T15:59:22-04:00,unclear,0.85,agreed,new2025_genuine,1
605383,b46978d2-4d88-482e-ac26-56238000b53c,401104898,202907,2025,second_quarter,2025-07-09T11:53:45-04:00,relief,0.9,agreed,new2025_genuine,1
605520,c0a18f41-6da2-4ea2-ab65-53e336a813ec,34295,67579,2025,second_quarter,2025-07-09T13:42:54-04:00,unclear,0.4,opus,unknown,1
605673,8d3f02cb-7262-4e44-8d14-90969fe97620,75557,59656,2025,second_quarter,2025-07-09T15:39:43-04:00,unclear,0.95,agreed,established,1
605737,2a154258-9eb8-4a64-bbf1-16c7e925f42f,157,67584,2025,second_quarter,2025-07-09T16:47:17-04:00,unclear,0.5,agreed,new2025_incumbent,0
605849,20f12be6-8306-43b1-88c3-5ac353aaf8a0,400918672,196197,2025,second_quarter,2025-07-09T21:57:42-04:00,monitoring,0.95,agreed,new2025_incumbent,1
606141,d2813669-0077-4cb5-bf95-889f1558480f,7975,111010,2025,second_quarter,2025-07-10T12:19:50-04:00,unclear,0.4,agreed,established,1
606331,4d89fd59-5151-4192-ad2d-c9b4007ad676,28504,134535,2025,second_quarter,2025-07-10T14:14:15-04:00,relief,0.95,agreed,established,1
606487,656139cf-6984-49ed-8940-9044655d8c08,36105,61429,2025,second_quarter,2025-07-10T15:14:57-04:00,unclear,0.9,agreed,established,1
606748,e8307a9e-b293-40c0-83f0-311c259606d9,401103221,198221,2025,second_quarter,2025-07-10T16:50:00-04:00,monitoring,0.95,agreed,new2025_genuine,0
606776,fc799d5f-a193-4946-8982-ebab62280412,401103221,198221,2025,second_quarter,2025-07-10T17:30:58-04:00,monitoring,0.95,agreed,new2025_genuine,0
606793,e6a71db8-d4b6-4a02-8d68-11b0991e66af,400978796,196659,2025,second_quarter,2025-07-10T21:07:02-04:00,unclear,0.95,agreed,established,1
606937,bc397806-62e2-4cac-9d36-d499674d9155,19263,126317,2025,second_quarter,2025-07-11T10:05:25-04:00,unclear,0.95,agreed,new2025_incumbent,1
607117,870169af-bc29-4994-8772-f595a8b904ac,401107802,56904,2025,second_quarter,2025-07-11T11:39:20-04:00,unclear,0.4,agreed,new2025_incumbent,1
607206,6f806c07-56ed-48ed-9209-2c872d4c49d1,400320502,189244,2025,second_quarter,2025-07-11T12:56:50-04:00,monitoring,0.9,agreed,new2025_genuine,1
607415,6c0565c7-8cc1-433b-b364-aa3d2e1f9ba3,401105551,67671,2025,third_quarter,2025-07-11T16:13:49-04:00,unclear,0.95,agreed,new2025_genuine,0
607458,b2c87a05-ea26-4923-a4d1-67564c9fcaad,401103221,198221,2025,second_quarter,2025-07-11T17:13:34-04:00,monitoring,0.9,agreed,new2025_genuine,1
607696,baf7323e-e8b1-4ddc-8832-41dbd5336469,401105415,203651,2025,second_quarter,2025-07-13T09:29:46-04:00,unclear,0.55,agreed,new2025_genuine,1
607715,806c6439-ae0a-4419-9905-728b85da0221,30495,135839,2025,second_quarter,2025-07-13T11:03:27-04:00,unclear,0.6,agreed,new2025_incumbent,1
607732,a41999f5-bca6-447e-8bef-01313433b24b,30495,67682,2025,third_quarter,2025-07-13T11:33:58-04:00,unclear,0.5,agreed,new2025_incumbent,1
608008,4be82ee2-434e-4c54-8f56-feb733767ada,401107289,55139,2025,second_quarter,2025-07-14T09:31:06-04:00,unclear,0.5,agreed,new2025_genuine,1
608323,6da4f248-e0ae-44e2-ab8c-77f88113e6cb,39941,148807,2025,second_quarter,2025-07-14T11:42:58-04:00,relief,0.95,agreed,established,1
608494,82f81b7c-871e-4f3b-93c3-a2ea14b14f77,28732,134585,2025,second_quarter,2025-07-14T13:02:59-04:00,unclear,0.6,agreed,new2025_incumbent,1
608793,b2f4cac4-a11b-4f72-b537-05411ccf3a76,400337565,189411,2025,second_quarter,2025-07-14T14:31:27-04:00,relief,0.95,agreed,new2025_incumbent,1
608918,8efe18dd-e44c-44d0-bf30-91b0fde5bafc,40011087,187711,2025,second_quarter,2025-07-14T15:10:03-04:00,relief,0.9,agreed,established,1
608995,b4e1bc66-3604-4a67-8e7a-3f143e2611bf,401109416,66035,2025,second_quarter,2025-07-14T15:29:23-04:00,unclear,0.6,agreed,new2025_genuine,1
609164,728f1786-c824-4026-a6a5-e2951c592c1f,400290378,188958,2025,second_quarter,2025-07-14T16:31:33-04:00,unclear,0.95,agreed,new2025_genuine,0
609210,9a2baefd-9d15-4e33-81bc-02cae3d39170,82330,171675,2025,second_quarter,2025-07-14T16:46:25-04:00,unclear,0.95,agreed,new2025_genuine,1
609231,e10b0af9-129d-4469-ae9b-94b955a4e478,36366,145446,2025,second_quarter,2025-07-14T16:59:52-04:00,unclear,0.5,agreed,established,1
609396,b29f53d0-4732-49e6-8fa1-473765434b85,401104288,65087,2025,second_quarter,2025-07-14T19:22:35-04:00,unclear,0.5,agreed,established,1
609415,c7a4e522-7852-4d78-b06b-a338c6843e21,401109292,66836,2025,second_quarter,2025-07-14T19:55:54-04:00,unclear,0.9,agreed,new2025_genuine,1
609436,734d889d-ef73-41e1-99c6-5563109d3bb6,401104288,64266,2025,second_quarter,2025-07-14T20:54:41-04:00,unclear,0.5,agreed,established,1
609713,ddee134a-8e17-4d0b-9e13-58ca788e9921,401104288,66825,2025,second_quarter,2025-07-15T10:23:32-04:00,unclear,0.5,agreed,established,1
609759,871ba408-b2ed-4fe3-9819-e6da9f0e8e49,13005,118723,2025,second_quarter,2025-07-15T10:41:13-04:00,unclear,0.4,agreed,established,1
609777,4f9234ef-a41f-49c1-ae03-1f46e8a9efd9,401104288,64813,2025,second_quarter,2025-07-15T10:50:15-04:00,monitoring,0.95,agreed,established,1
610001,88ca611e-2ec9-4282-a790-34410198e396,401104288,65277,2025,second_quarter,2025-07-15T12:03:51-04:00,unclear,0.5,agreed,established,1
610035,178b3d89-eef0-4a1a-8fb0-755c84d01622,401104288,64646,2025,second_quarter,2025-07-15T12:12:56-04:00,unclear,0.5,agreed,established,1
610325,99cf7bdd-360d-46ce-96f3-fd13ba0dde7a,401107007,64042,2025,second_quarter,2025-07-15T14:28:28-04:00,unclear,0.95,agreed,new2025_genuine,1
610364,7de814e5-3232-4714-95f1-b0f151cad538,283696,61938,2025,second_quarter,2025-07-15T14:37:10-04:00,unclear,0.95,agreed,established,1
610395,9734cc1a-b881-4c11-830c-a0f71cd20fa2,401104288,63892,2025,second_quarter,2025-07-15T14:43:48-04:00,unclear,0.5,agreed,established,1
610553,5759f087-aed5-42e1-bb4d-e41e57e977c2,401104288,66709,2025,second_quarter,2025-07-15T15:56:43-04:00,unclear,0.5,agreed,established,1
610705,c6e821d9-4ea7-4673-add2-b0eee26bbe82,401104288,64889,2025,second_quarter,2025-07-15T16:37:17-04:00,monitoring,0.9,agreed,established,1
610734,9946a2be-f24e-4836-bfe1-2707261285bd,401023888,197070,2025,second_quarter,2025-07-15T16:47:47-04:00,unclear,0.5,agreed,established,1
611021,de378580-cbb4-450b-8a1a-ba0eaccbdc7f,401104288,67212,2025,second_quarter,2025-07-15T20:57:34-04:00,unclear,0.5,agreed,established,1
611079,81ecb3f8-a9a2-4265-bf8c-e948d6633503,400287370,188909,2025,second_quarter,2025-07-15T21:56:16-04:00,unclear,0.45,opus,established,1
611306,37966cc3-e454-4494-b72c-eb014a4d2442,401108944,67173,2025,second_quarter,2025-07-16T09:33:38-04:00,unclear,0.4,opus,new2025_incumbent,1
611409,f39c3882-60ad-46c0-a18c-94c55a9fef31,7257,65955,2025,second_quarter,2025-07-16T09:57:08-04:00,unclear,0.4,agreed,established,1
611489,d32f5a8a-81fa-40e7-86de-25cbdd290c21,401104288,63988,2025,second_quarter,2025-07-16T10:15:09-04:00,unclear,0.5,agreed,established,1
611841,9e6c6745-b9df-44f1-99e8-be8901d99163,284790,175443,2025,second_quarter,2025-07-16T11:50:55-04:00,unclear,0.95,agreed,new2025_genuine,1
611876,2b064cca-92d5-4a3e-9b21-2de92fb20b63,401104288,60648,2025,second_quarter,2025-07-16T12:00:27-04:00,relief,0.95,agreed,established,1
612049,b740ddc6-3a69-47e0-8c0f-e793095462b5,401104288,64557,2025,second_quarter,2025-07-16T12:39:31-04:00,unclear,0.55,agreed,established,1
612261,823d6daa-0e50-4767-a324-b9fbea8f229a,40011085,187707,2025,second_quarter,2025-07-16T13:12:26-04:00,unclear,0.95,agreed,new2025_genuine,1
613611,199fd553-6670-49a8-a111-0402f1765f05,7257,65567,2025,second_quarter,2025-07-16T16:50:42-04:00,unclear,0.5,agreed,established,1
613782,e19cb717-642b-4036-9178-0eabb9c845a3,401104288,65433,2025,second_quarter,2025-07-16T17:15:24-04:00,unclear,0.5,agreed,established,1
613970,d855892b-9fce-41df-8714-5d6f35efef96,81511,171312,2025,second_quarter,2025-07-16T18:50:25-04:00,unclear,0.35,agreed,established,1
614122,be2b736f-bfd2-4912-8b94-94b27d231c65,400290378,188958,2025,second_quarter,2025-07-16T20:50:22-04:00,unclear,0.5,agreed,new2025_genuine,1
614321,c2346648-a042-438c-8c06-d5c36fe97c4f,5506,107350,2025,second_quarter,2025-07-16T23:03:10-04:00,relief,0.9,agreed,established,1
614530,05be0e66-e226-4d97-9fde-0685038c8da5,400458236,191193,2025,second_quarter,2025-07-17T08:41:29-04:00,unclear,0.5,agreed,new2025_genuine,1
614551,6417a3eb-e472-432b-8c1e-b50e555968ba,157,67584,2025,second_quarter,2025-07-17T08:55:38-04:00,unclear,0.5,agreed,new2025_incumbent,1
614977,a7155516-2b98-4656-810b-a8e77292fbb2,37403,146244,2025,second_quarter,2025-07-17T10:58:24-04:00,unclear,0.5,agreed,new2025_incumbent,1
615198,b7c77c23-404f-4fa2-819b-6fb35edec7ba,55792,159864,2025,second_quarter,2025-07-17T11:36:58-04:00,unclear,0.95,agreed,established,1
615245,ee0fc5f3-394e-413e-8406-fa085f4a217b,320918,59608,2025,second_quarter,2025-07-17T11:46:18-04:00,unclear,0.95,agreed,new2025_incumbent,1
615449,7f3c7b91-7f0d-4618-a844-8aac4b2e723f,401107260,54171,2025,second_quarter,2025-07-17T12:16:22-04:00,unclear,0.5,agreed,new2025_genuine,1
615556,656dd802-5562-41ab-87db-1a952ea84540,296271,65523,2025,second_quarter,2025-07-17T12:35:54-04:00,unclear,0.7,agreed,new2025_incumbent,1
615629,ae9ed214-11e4-4c84-8eb2-2162a4968387,7257,67130,2025,second_quarter,2025-07-17T12:54:09-04:00,unclear,0.5,agreed,established,1
615751,74014963-d8f2-4aa0-ad9f-3cfc2ea07d7e,401108896,61399,2025,second_quarter,2025-07-17T13:16:51-04:00,unclear,0.95,agreed,new2025_genuine,1
615851,718aa23e-b7eb-49b3-9116-398934566ff4,4301,104670,2025,second_quarter,2025-07-17T13:32:28-04:00,unclear,0.95,agreed,new2025_incumbent,1
615887,4bc02af9-49bc-4e04-9658-15bbf3ebc93d,298455,180023,2025,second_quarter,2025-07-17T13:41:44-04:00,unclear,0.6,agreed,new2025_genuine,1
616144,2326b2fb-636c-45f8-9196-acf91c91f0c6,401108962,67536,2025,second_quarter,2025-07-17T14:27:29-04:00,unclear,0.5,agreed,new2025_genuine,1
616186,d55dc1b3-288e-4e07-8653-5099e470c930,401105303,203521,2025,second_quarter,2025-07-17T14:33:32-04:00,unclear,0.95,agreed,established,1
616533,45aafee7-3739-4ed9-8728-7ba3ce582133,401104288,63568,2025,second_quarter,2025-07-17T15:14:10-04:00,unclear,0.55,agreed,established,1
616541,c1d45956-7a4d-4952-9749-c077943331e3,1672,102642,2025,second_quarter,2025-07-17T15:15:11-04:00,relief,0.95,agreed,new2025_genuine,1
616655,ad8e2dd1-1f3f-468d-a0d1-64d69c5b6bc2,15942,121521,2025,second_quarter,2025-07-17T15:31:50-04:00,unclear,0.5,agreed,new2025_genuine,1
616720,b700f192-6113-4a23-a148-909de8dc8399,401105966,208991,2025,second_quarter,2025-07-17T15:36:20-04:00,unclear,0.95,agreed,new2025_incumbent,1
616791,ebce3569-3ada-49f6-8d13-631efb3254e2,400976792,57164,2025,second_quarter,2025-07-17T15:40:50-04:00,unclear,0.95,agreed,new2025_incumbent,1
616860,e0eb3c84-9865-4af6-aaa7-877beaa374f1,400976792,57162,2025,second_quarter,2025-07-17T15:50:48-04:00,unclear,0.95,agreed,new2025_incumbent,1
616943,d5758fad-5fef-4ade-8a78-583ec615d451,400976792,56192,2025,second_quarter,2025-07-17T16:06:16-04:00,unclear,0.95,agreed,new2025_incumbent,1
617014,1153b8e3-c4e4-4fb4-bf5a-c17debc36a1c,30906,65632,2025,second_quarter,2025-07-17T16:19:34-04:00,unclear,0.6,agreed,established,1
617121,a90a29cc-5b39-4011-a1bf-2aaec99faca1,87654,173616,2025,second_quarter,2025-07-17T16:31:51-04:00,unclear,0.5,agreed,new2025_genuine,1
617187,8e124804-69f1-4a13-9e2a-74047caa5876,400976792,196566,2025,second_quarter,2025-07-17T16:43:00-04:00,unclear,0.95,agreed,new2025_incumbent,1
617288,70328c76-e7eb-4094-9519-8b4ee0c2f181,7257,64335,2025,second_quarter,2025-07-17T16:59:23-04:00,unclear,0.5,agreed,established,1
617340,0c3a05f4-07cc-4287-b4ff-23177d3aec8c,401109474,66368,2025,second_quarter,2025-07-17T17:11:02-04:00,unclear,0.8,agreed,new2025_genuine,1
617347,16786fdc-dff3-4efa-90dc-afe25d83fdf5,76695,169003,2025,second_quarter,2025-07-17T17:11:24-04:00,relief,0.92,agreed,new2025_genuine,0
617396,042d7eb6-9e48-4a22-bb7d-a4e204ae658d,401104288,205374,2025,second_quarter,2025-07-17T17:23:32-04:00,mixed,0.6,opus,established,1
617745,19effbde-5de5-4b8c-ab58-0028c5e04619,401104294,61342,2025,second_quarter,2025-07-17T19:12:14-04:00,unclear,0.5,agreed,established,1
617864,fa697b5e-0414-44aa-9f0a-57b06e91cde7,401104288,67110,2025,second_quarter,2025-07-17T19:45:57-04:00,unclear,0.4,agreed,established,0
617866,afbf87b6-1a26-438b-bd74-b8f490f03039,401104288,67110,2025,second_quarter,2025-07-17T19:46:02-04:00,unclear,0.4,agreed,established,1
618073,2f1b1a4b-b629-4c1a-826b-30c68aa07567,401105127,203261,2025,second_quarter,2025-07-18T06:41:09-04:00,unclear,0.55,opus,new2025_genuine,1
618129,90beac2b-bd49-4bd8-9f07-fc63d4fb73c4,81511,65441,2025,second_quarter,2025-07-18T07:54:11-04:00,unclear,0.95,agreed,established,1
618479,28df51da-abaf-4835-8e7f-662d852ed665,39837,147922,2025,second_quarter,2025-07-18T09:09:02-04:00,unclear,0.6,agreed,established,1
618512,2496cdfa-dac3-42f3-b797-8a261e9e3b7f,24123,131484,2025,second_quarter,2025-07-18T09:16:22-04:00,unclear,0.45,opus,established,1
618645,90423094-7bc3-4971-b8f7-59708e420983,16010,121526,2025,second_quarter,2025-07-18T09:36:09-04:00,unclear,0.95,agreed,established,1
618977,f767eb17-865c-4cb0-b22f-3789c348c50a,53777,158495,2025,second_quarter,2025-07-18T10:08:16-04:00,unclear,0.5,agreed,new2025_incumbent,1
619288,29549a9f-f80a-49e3-b493-cfde0fc04872,41454,64962,2025,second_quarter,2025-07-18T10:31:44-04:00,unclear,0.5,agreed,new2025_incumbent,1
619425,5b479c81-8ce1-4528-995e-74651344e002,401104288,63670,2025,second_quarter,2025-07-18T10:46:38-04:00,unclear,0.55,agreed,established,0
619592,2f2fae83-422c-4f68-b76d-521bf5c497c3,6325,108731,2025,second_quarter,2025-07-18T10:52:16-04:00,relief,0.85,agreed,established,1
619872,2d9e18ae-4124-40ad-9e0a-87e92276fdd7,401104288,63189,2025,second_quarter,2025-07-18T11:11:21-04:00,unclear,0.55,agreed,established,1
619985,0cd93aa4-bf2c-4660-882c-d968a36ded69,55291,55863,2025,second_quarter,2025-07-18T11:20:36-04:00,unclear,0.9,agreed,new2025_incumbent,1
620012,5ffefda8-10e8-440c-807e-48bbbd3a6983,401108705,61134,2025,second_quarter,2025-07-18T11:23:29-04:00,protection,0.6,opus,new2025_incumbent,1
620064,5318b45c-4a4b-4b2a-9008-36c78fd50d53,7257,109885,2025,second_quarter,2025-07-18T11:27:03-04:00,unclear,0.5,agreed,established,1
620271,3d951d04-69ed-4632-9b8c-c1102e91fd05,26912,134239,2025,second_quarter,2025-07-18T11:39:34-04:00,unclear,0.8,agreed,established,1
620407,a20c2af4-5925-4ecc-ae2c-bbca074809be,400976792,53532,2025,second_quarter,2025-07-18T11:47:39-04:00,relief,0.55,opus,new2025_incumbent,1
620580,4e725ba4-2991-4245-b0de-efe543064005,2194,67937,2025,second_quarter,2025-07-18T11:59:50-04:00,unclear,0.95,agreed,unknown,1
620851,d18349eb-18a9-4934-9315-05b6febfac58,67854,57968,2025,second_quarter,2025-07-18T12:23:05-04:00,unclear,0.95,agreed,established,1
620961,5dfcb8ae-6b86-4236-8928-538382bc0305,7257,110107,2025,second_quarter,2025-07-18T12:31:04-04:00,unclear,0.5,agreed,established,1
621016,905fee4a-cc34-446c-be79-157760a8cbbf,67854,63864,2025,second_quarter,2025-07-18T12:37:18-04:00,unclear,0.55,agreed,established,1
621049,f96bd3af-aa34-4656-8d0e-5e3fb05ce5d2,401093052,197760,2025,second_quarter,2025-07-18T12:42:18-04:00,unclear,0.95,agreed,new2025_genuine,1
621187,dd2afeaa-1a6c-4edc-af19-0bd2f2877d5b,401104010,200631,2025,second_quarter,2025-07-18T13:02:54-04:00,monitoring,0.9,agreed,established,1
621284,0ec9c34b-35d2-49b6-8a95-ede3b4141601,11195,115307,2025,second_quarter,2025-07-18T13:11:18-04:00,relief,0.9,agreed,new2025_incumbent,1
621638,eede427f-8aed-4a29-a01b-2051c5b98b50,400458235,191188,2025,second_quarter,2025-07-18T13:50:32-04:00,unclear,0.95,agreed,new2025_genuine,1
621659,c630425b-e30e-46e2-8c12-8f3f9712f7f8,5211,106016,2025,second_quarter,2025-07-18T13:52:17-04:00,relief,0.9,agreed,established,1
621760,f5e2874d-8eb1-4be7-9ddf-dba791b74145,7257,66837,2025,second_quarter,2025-07-18T14:01:23-04:00,unclear,0.5,agreed,established,1
621873,278e40cb-7e07-4e0d-9ac9-1468c2b3f311,13370,118930,2025,second_quarter,2025-07-18T14:12:40-04:00,unclear,0.55,agreed,established,1
622003,104571cb-64e1-42b0-b9c6-13ba00c184be,58352,160522,2025,second_quarter,2025-07-18T14:21:45-04:00,relief,0.85,opus,established,1
622057,385db69e-20a5-4b0a-a369-492ff39df0c5,284950,64115,2025,second_quarter,2025-07-18T14:24:44-04:00,unclear,0.4,agreed,new2025_incumbent,1
622098,4eb45311-ef5d-4f94-8f0f-c7b16899a7d2,401105498,203770,2025,second_quarter,2025-07-18T14:27:46-04:00,unclear,0.4,agreed,new2025_genuine,1
622122,cdbf2b57-2302-41be-8ff7-d8879e33b8a6,310973,183737,2025,second_quarter,2025-07-18T14:28:59-04:00,relief,0.95,agreed,new2025_genuine,1
622298,edf1541b-9286-4fdd-bcf7-8a35cee21d72,38687,146957,2025,second_quarter,2025-07-18T14:38:39-04:00,unclear,0.4,agreed,established,1
622660,aa267062-e69f-4132-8ec2-5af2955d74d3,305852,181712,2025,second_quarter,2025-07-18T15:02:11-04:00,unclear,0.5,agreed,new2025_genuine,1
622970,c771e76c-9e67-4ad2-b68f-502e76d6ee43,7257,57290,2025,second_quarter,2025-07-18T15:23:47-04:00,unclear,0.9,agreed,established,1
623141,3a9105d3-e8e8-4fde-89ad-88ff333154b2,31417,138240,2025,second_quarter,2025-07-18T15:43:07-04:00,unclear,0.4,agreed,established,1
623277,f5b6db4e-80f4-49e1-ab38-bfacd0fecbe4,45937,153798,2025,second_quarter,2025-07-18T15:55:17-04:00,unclear,0.6,agreed,established,1
623297,aae127bd-8e0d-48a3-b38a-11a39fb42ac4,401106285,66455,2025,second_quarter,2025-07-18T15:57:17-04:00,unclear,0.5,agreed,established,1
623342,b40782d6-3b8a-4091-8134-8c99fd62e275,401105040,66547,2025,second_quarter,2025-07-18T16:01:22-04:00,unclear,0.4,agreed,new2025_genuine,1
623394,09307be9-21e4-409b-979a-37d3536b9c17,46940,154402,2025,second_quarter,2025-07-18T16:05:57-04:00,unclear,0.5,agreed,new2025_genuine,1
623410,e8f1ad28-5385-4207-b9ec-a2878b3e6f18,401105040,66548,2025,second_quarter,2025-07-18T16:07:33-04:00,unclear,0.95,agreed,new2025_genuine,1
623560,77be4ff6-5eed-4045-80a0-5689292267ef,401105040,65336,2025,second_quarter,2025-07-18T16:19:16-04:00,unclear,0.6,agreed,new2025_genuine,1
623677,14fe8ee5-bff7-46bd-9621-22ae90811532,401105972,209111,2025,second_quarter,2025-07-18T16:31:13-04:00,unclear,0.95,agreed,new2025_genuine,1
624470,728fcbfd-b757-4184-97aa-8b95101a9d75,401106044,209987,2025,second_quarter,2025-07-18T18:18:53-04:00,unclear,0.95,agreed,new2025_genuine,1
624480,919e65f9-4518-4384-bd72-44d8a2aaa1eb,401108897,61402,2025,second_quarter,2025-07-18T18:22:49-04:00,unclear,0.95,agreed,new2025_genuine,1
625143,e0192b35-dcd9-467e-80a6-53145e3bad8a,40024191,64735,2025,second_quarter,2025-07-19T09:11:55-04:00,unclear,0.6,agreed,new2025_genuine,1
625306,6d3ce944-db23-4843-8698-e8b1ab4ea6ec,79175,64005,2025,second_quarter,2025-07-19T10:54:32-04:00,unclear,0.95,agreed,new2025_incumbent,1
625494,3fa8eb41-2e03-4bbe-bd6c-7e3be0b04342,400426039,190608,2025,second_quarter,2025-07-19T13:00:20-04:00,monitoring,0.9,agreed,established,1
625527,a752e1f3-414b-4132-ae37-aeec3c6a3914,400426039,190614,2025,second_quarter,2025-07-19T13:23:10-04:00,monitoring,0.9,agreed,established,1
625545,17d8431a-472f-4f31-8a1d-cd3e3aae6950,400426039,190611,2025,second_quarter,2025-07-19T13:32:03-04:00,monitoring,0.9,agreed,established,1
625553,6582c60c-5f21-475d-a401-bab28fa7fd20,400426039,56625,2025,second_quarter,2025-07-19T13:38:35-04:00,monitoring,0.9,agreed,established,1
625563,b6555cfd-5cda-4e1f-ba2a-d1254aa3ae33,303597,68001,2025,second_quarter,2025-07-19T13:55:14-04:00,unclear,0.95,agreed,unknown,1
626684,a74ab09f-39d4-4f1b-9ebb-bd14144f675b,401104718,55076,2025,second_quarter,2025-07-20T11:51:48-04:00,unclear,0.55,agreed,established,1
626833,d09d59b4-7532-4f76-b68d-1a6e0bb55ec2,35068,143439,2025,second_quarter,2025-07-20T12:34:17-04:00,relief,0.95,agreed,new2025_incumbent,1
627116,8d3e7b82-e777-47f2-9628-fa7000a08a19,401109039,64851,2025,second_quarter,2025-07-20T14:28:06-04:00,unclear,0.5,agreed,new2025_genuine,1
627156,dffdf7aa-bfbc-4e2d-8e4c-c73de30edfd2,401103321,205225,2025,second_quarter,2025-07-20T14:41:21-04:00,unclear,0.5,agreed,new2025_genuine,1
627464,b32a127d-b15a-47fd-983e-b410df6516ea,401104188,200912,2025,second_quarter,2025-07-20T16:29:27-04:00,unclear,0.4,agreed,new2025_genuine,1
627518,967621f9-4c22-43c1-8fec-0448cef37c1d,401104683,210344,2025,second_quarter,2025-07-20T16:48:41-04:00,relief,0.95,agreed,new2025_incumbent,1
627650,6d1cc6a0-9d7c-4b26-a780-e52cb8c26afe,401104683,61403,2025,second_quarter,2025-07-20T17:09:40-04:00,unclear,0.85,agreed,new2025_incumbent,1
627879,a8aff993-f7f4-46c5-92f5-a60c239cf8da,401103521,199280,2025,second_quarter,2025-07-20T18:09:57-04:00,unclear,0.95,agreed,established,1
628064,940b0623-eaab-4d11-8af3-48e1d1793e2e,40013096,187767,2025,second_quarter,2025-07-20T19:04:02-04:00,unclear,0.95,agreed,new2025_incumbent,1
628162,c066b9d4-973e-4185-85bf-af1dd621873b,40013096,65821,2025,second_quarter,2025-07-20T19:23:00-04:00,unclear,0.95,agreed,new2025_incumbent,1
628232,112ac9cf-e49c-430d-a7a3-2f45213ce762,556,100441,2025,second_quarter,2025-07-20T20:09:19-04:00,unclear,0.95,agreed,established,1
628479,192e68ac-5749-419e-9a29-3d28e8614dfe,400942717,196304,2025,second_quarter,2025-07-20T21:33:50-04:00,unclear,0.95,agreed,established,1
628695,c0993a95-b873-420d-91b8-9c8f712f3053,76992,204675,2025,second_quarter,2025-07-20T23:08:33-04:00,unclear,0.95,agreed,new2025_incumbent,1
628985,d63a678a-6325-4ff2-be15-ff4912a84a25,39837,52713,2025,second_quarter,2025-07-21T07:43:57-04:00,relief,0.9,agreed,established,1
629939,44431810-c915-4128-b8f0-aa20ee3db5a9,308992,183204,2025,second_quarter,2025-07-21T09:38:32-04:00,unclear,0.45,agreed,new2025_incumbent,1
630051,a96a7139-4b2f-4cc7-9b4f-45272c991210,401107067,53336,2025,second_quarter,2025-07-21T09:42:25-04:00,unclear,0.5,opus,new2025_incumbent,0
630308,a5685e2a-4508-450c-94a9-41882a417ed5,25603,206900,2025,second_quarter,2025-07-21T09:55:48-04:00,unclear,0.95,agreed,established,1
630480,9069e5b0-f2ff-477f-bd64-87876e108f15,400426039,190607,2025,second_quarter,2025-07-21T10:04:24-04:00,monitoring,0.9,agreed,established,1
630921,77199c94-3264-4bd5-8271-3e56b47d801e,47850,154892,2025,second_quarter,2025-07-21T10:25:08-04:00,unclear,0.5,agreed,new2025_incumbent,1
630952,1ae18bb2-e175-4586-8fe3-e86b1e86695e,5357,106269,2025,second_quarter,2025-07-21T10:27:16-04:00,unclear,0.5,agreed,new2025_incumbent,1
631042,fe7206f0-f85a-4abb-9634-d5ae31ea9530,401103942,200450,2025,second_quarter,2025-07-21T10:31:34-04:00,relief,0.9,agreed,new2025_genuine,1
631277,9c87b507-b476-48b8-a986-9f46b24b39b2,1171,66515,2025,second_quarter,2025-07-21T10:40:15-04:00,unclear,0.5,agreed,established,1
631351,2a4d32ab-2c06-4402-8271-62c6b2b0db9c,58055,160433,2025,second_quarter,2025-07-21T10:43:53-04:00,unclear,0.95,agreed,established,0
631456,05edc7d0-d713-49e2-b3f2-7372aecce64d,1171,63620,2025,second_quarter,2025-07-21T10:47:30-04:00,unclear,0.95,agreed,established,1
631476,2c48a276-f784-482e-92ba-858728352162,400576731,192991,2025,second_quarter,2025-07-21T10:47:42-04:00,unclear,0.9,agreed,new2025_genuine,1
631665,945a8e6a-7719-418d-b154-458b77557b45,35707,144325,2025,second_quarter,2025-07-21T10:55:18-04:00,unclear,0.4,agreed,new2025_incumbent,0
631724,ea847f93-9b20-4656-9601-9f01bdf718d4,284050,64910,2025,second_quarter,2025-07-21T10:57:30-04:00,unclear,0.95,agreed,new2025_incumbent,1
631764,f91050d4-268e-436e-b76f-a764a66195b5,284950,44560,2025,second_quarter,2025-07-21T10:59:18-04:00,monitoring,0.95,agreed,new2025_incumbent,1
631856,44165d79-b60f-4728-8edd-816932019f78,4766,104899,2025,second_quarter,2025-07-21T11:03:17-04:00,protection,0.7,opus,established,1
631905,95fc970f-9f62-45ca-b5c2-8120abb41383,28606,134545,2025,second_quarter,2025-07-21T11:05:24-04:00,unclear,0.55,agreed,new2025_genuine,1
632148,a405408b-114c-4306-a85f-223cef7e2a84,27332,134279,2025,second_quarter,2025-07-21T11:17:22-04:00,unclear,0.4,agreed,new2025_genuine,1
632252,96d04c04-f9a8-46aa-9d85-4d59f5382f80,28242,134503,2025,second_quarter,2025-07-21T11:21:10-04:00,monitoring,0.8,agreed,new2025_genuine,1
632377,73c07e86-98c6-48ae-ae6d-241ad4aa7501,283696,65153,2025,second_quarter,2025-07-21T11:28:32-04:00,unclear,0.5,agreed,established,1
632378,f87a14e8-bca1-47a2-8963-1afe255da93f,284050,66250,2025,second_quarter,2025-07-21T11:28:34-04:00,unclear,0.55,agreed,new2025_incumbent,1
632423,fcc9544b-25ca-4b68-bbd0-41337c486a5e,10935,114903,2025,second_quarter,2025-07-21T11:32:22-04:00,unclear,0.4,agreed,established,1
632658,04fd518a-6cb4-4a82-82e0-52a75a09dc41,283696,211867,2025,second_quarter,2025-07-21T11:40:55-04:00,unclear,0.5,agreed,established,1
632669,375cbf5d-3e18-4ab5-8f90-ea936f829a84,20697,126907,2025,second_quarter,2025-07-21T11:41:07-04:00,relief,0.9,agreed,new2025_incumbent,1
632884,2644333f-c1ea-457d-9a2d-8a5d9819ebd1,40004026,187479,2025,second_quarter,2025-07-21T11:50:59-04:00,unclear,0.5,agreed,new2025_incumbent,1
632970,c2e8e236-ed06-4ec8-8cfa-238a7676db66,401104288,63413,2025,second_quarter,2025-07-21T11:54:04-04:00,unclear,0.55,agreed,established,1
633056,f85e2e06-0241-4058-a9fb-7de6c7b519de,283696,64187,2025,second_quarter,2025-07-21T11:58:05-04:00,unclear,0.4,agreed,established,1
633619,9cc62aba-f4f4-42ce-80e1-5e45e7acec0e,400794388,195349,2025,second_quarter,2025-07-21T12:20:14-04:00,unclear,0.95,agreed,established,1
633870,9c0a83ef-85cd-4418-a833-fd6bc7052357,401108704,66457,2025,second_quarter,2025-07-21T12:29:39-04:00,unclear,0.4,agreed,new2025_incumbent,1
634159,236ccc4d-faea-4c35-b8af-87766ff67791,401109039,66519,2025,second_quarter,2025-07-21T12:41:33-04:00,unclear,0.5,agreed,new2025_genuine,1
634457,5599af25-8ec6-40bd-b095-eb1813f743f4,17443,209701,2025,second_quarter,2025-07-21T12:56:52-04:00,unclear,0.95,agreed,new2025_incumbent,1
634502,6d3de32d-e111-4547-98a4-35fd419782b6,401109039,67025,2025,second_quarter,2025-07-21T12:59:00-04:00,unclear,0.5,agreed,new2025_genuine,1
634615,77ac2727-8a84-4c77-8c5f-3cc86fe1ed4d,401108704,60974,2025,second_quarter,2025-07-21T13:05:22-04:00,unclear,0.95,agreed,new2025_incumbent,1
634837,445508b9-39fc-4326-a256-f34fcb42ecb3,298774,180065,2025,second_quarter,2025-07-21T13:14:33-04:00,unclear,0.5,agreed,new2025_genuine,1
634954,cbadfddc-192b-4e1a-973a-f5a2b4404f4d,17443,65514,2025,second_quarter,2025-07-21T13:20:00-04:00,unclear,0.5,agreed,new2025_incumbent,1
634990,e2667ca9-69be-488d-a257-155937aed7b7,401104313,205407,2025,second_quarter,2025-07-21T13:21:36-04:00,unclear,0.95,agreed,established,1
634997,4c903e91-e6ee-4d3a-a727-d79b3816b8d7,1433,102615,2025,second_quarter,2025-07-21T13:22:02-04:00,relief,0.7,opus,established,1
635104,636555cd-d327-433f-ac5a-0e0260857f93,1433,102612,2025,second_quarter,2025-07-21T13:28:45-04:00,relief,0.7,opus,established,1
635225,5bcb4b73-05f7-4287-bfcf-7bc00fc437ab,5357,65067,2025,second_quarter,2025-07-21T13:34:19-04:00,unclear,0.5,agreed,new2025_incumbent,1
635255,7d1fda5f-3bc4-4843-929a-1922489087a2,401106670,61494,2025,second_quarter,2025-07-21T13:35:50-04:00,unclear,0.95,agreed,new2025_genuine,1
635314,c593cdd1-0777-4992-a015-0aba248e31f4,401109794,68054,2025,second_quarter,2025-07-21T13:38:02-04:00,unclear,0.95,agreed,new2025_genuine,0
635476,930ec8da-6e2e-4775-805d-205d179389b3,58476,160605,2025,second_quarter,2025-07-21T13:44:15-04:00,unclear,0.5,agreed,new2025_genuine,1
635954,cbdd7c39-cf73-4336-b513-647ff607ac80,5357,65642,2025,second_quarter,2025-07-21T13:59:17-04:00,unclear,0.5,agreed,new2025_incumbent,1
636175,3457f441-1592-4f88-b319-3c79c0670bca,17443,209700,2025,second_quarter,2025-07-21T14:07:29-04:00,unclear,0.5,agreed,new2025_incumbent,1
636287,e0f1410b-9523-4a05-9fd7-de6cd0328dc7,401105533,205669,2025,second_quarter,2025-07-21T14:12:22-04:00,unclear,0.4,agreed,new2025_incumbent,1
636290,8522fd5d-140b-4dea-b6f5-c55e05d6ad77,17443,65788,2025,second_quarter,2025-07-21T14:12:26-04:00,unclear,0.55,agreed,new2025_incumbent,1
636369,e2b833d5-22cc-4b12-94c1-bcb74ebf299a,30393,135816,2025,second_quarter,2025-07-21T14:16:12-04:00,relief,0.95,agreed,established,1
636381,b6c4a134-5a80-4ac1-b73e-b927ba76d334,290571,177646,2025,second_quarter,2025-07-21T14:16:33-04:00,relief,0.95,agreed,established,1
636504,b3ecc83e-aa2f-42e0-9b56-f40de304fc18,5357,65657,2025,second_quarter,2025-07-21T14:23:56-04:00,unclear,0.5,agreed,new2025_incumbent,1
636738,89039f16-18bd-4528-aa93-db495ec40c13,401109278,66063,2025,second_quarter,2025-07-21T14:34:58-04:00,relief,0.95,agreed,new2025_genuine,1
636895,745db2dc-bd1c-4c87-b4ce-390ee0ae9e38,17443,123132,2025,second_quarter,2025-07-21T14:41:26-04:00,unclear,0.95,agreed,new2025_incumbent,1
636947,d1fb8584-83ef-4815-96f5-f453bfd73481,17443,209705,2025,second_quarter,2025-07-21T14:44:15-04:00,unclear,0.95,agreed,new2025_incumbent,1
636981,36005e77-add7-4d0f-9cd6-fc96efcd6bd7,17443,209710,2025,second_quarter,2025-07-21T14:45:38-04:00,unclear,0.95,agreed,new2025_incumbent,1
636993,1b2f67c2-16ca-48af-b0ca-57b4d5deaebd,401109238,65298,2025,second_quarter,2025-07-21T14:45:45-04:00,monitoring,0.9,agreed,new2025_genuine,1
637022,445a5b9d-3c79-4fce-87a7-8956443caafc,401106670,64547,2025,second_quarter,2025-07-21T14:46:57-04:00,unclear,0.95,agreed,new2025_genuine,1
637104,5c7581bd-897e-4b3b-90c7-1b0a416642c0,401106670,64541,2025,second_quarter,2025-07-21T14:49:25-04:00,unclear,0.7,agreed,new2025_genuine,1
637232,34ac4ca9-e361-499a-878b-7ea81ee4a440,401106670,64543,2025,second_quarter,2025-07-21T14:53:50-04:00,unclear,0.95,agreed,new2025_genuine,1
637263,fc048de0-a80b-4584-b976-3d6eaa038ae3,401106670,64539,2025,second_quarter,2025-07-21T14:55:14-04:00,unclear,0.95,agreed,new2025_genuine,1
637465,37b644cb-90e5-4bba-8c59-468b65f360d3,401104313,201390,2025,second_quarter,2025-07-21T15:03:20-04:00,unclear,0.95,agreed,established,1
637496,8f02798e-951d-448c-86b6-e509f2c0d686,5357,68070,2025,third_quarter,2025-07-21T15:05:08-04:00,unclear,0.5,agreed,new2025_incumbent,0
637658,006123db-5bc4-4a8c-8918-8240887de67a,6303,108362,2025,second_quarter,2025-07-21T15:12:00-04:00,unclear,0.5,agreed,established,1
637679,23f9f4a3-48ed-4047-9593-26318815e0cf,401103568,65815,2025,second_quarter,2025-07-21T15:12:50-04:00,unclear,0.4,agreed,new2025_genuine,1
637890,2bcd57d0-42ac-4a7f-ae18-c153c1f6e73b,401105814,207492,2025,second_quarter,2025-07-21T15:21:22-04:00,unclear,0.95,agreed,established,1
638048,372a0928-b885-4b3c-b98a-d98386f037fc,401104313,201391,2025,second_quarter,2025-07-21T15:27:58-04:00,unclear,0.4,agreed,established,1
638073,7b0ca10f-bb70-469b-8c05-526d7792b7b9,6303,108421,2025,second_quarter,2025-07-21T15:28:53-04:00,unclear,0.5,agreed,established,1
638786,0496f5fa-f65e-47b4-9413-448a89f5dfd2,401105589,205749,2025,second_quarter,2025-07-21T16:00:35-04:00,mixed,0.85,opus,established,1
638866,e1bcf478-7626-43a6-92e0-6309233aa99d,292094,177961,2025,second_quarter,2025-07-21T16:02:46-04:00,unclear,0.5,agreed,new2025_genuine,1
639008,a0f47744-ff76-484e-a19a-fb50e7eccaa3,400670004,193977,2025,second_quarter,2025-07-21T16:07:12-04:00,unclear,0.95,agreed,new2025_incumbent,1
639133,be2ddf4f-1a4a-41d7-9c43-4eb8b7e90079,40021,149481,2025,second_quarter,2025-07-21T16:11:00-04:00,relief,0.85,agreed,established,1
639150,72b9c207-a870-4992-a2db-4cccd7860b03,72111,64018,2025,second_quarter,2025-07-21T16:11:18-04:00,unclear,0.4,opus,new2025_incumbent,1
639306,9a4a7727-1de0-4af7-a9f7-9fb4b4162432,401109039,66529,2025,second_quarter,2025-07-21T16:14:49-04:00,unclear,0.85,agreed,new2025_genuine,1
639351,286c31f8-8acf-453f-a54f-f0c0db78f78c,54073,158571,2025,second_quarter,2025-07-21T16:16:04-04:00,unclear,0.5,agreed,new2025_incumbent,1
639411,fb59ea57-e143-4ea2-817c-f751efff9849,72873,166355,2025,second_quarter,2025-07-21T16:18:16-04:00,unclear,0.5,opus,established,1
639474,c1664e4e-c380-4fd1-ac94-935e63831843,401103295,64817,2025,second_quarter,2025-07-21T16:20:02-04:00,unclear,0.4,agreed,new2025_incumbent,1
639669,17b47c90-7d2d-4e08-84bb-af0abffc32f0,401109039,67024,2025,second_quarter,2025-07-21T16:26:00-04:00,unclear,0.55,agreed,new2025_genuine,0
640207,173aa36a-0972-46cf-9502-cd55fc8cf647,5632,107401,2025,second_quarter,2025-07-21T16:39:30-04:00,monitoring,0.85,agreed,established,1
640380,75c22ef1-a724-463b-a8e6-74bdcff90ef1,400695073,194329,2025,second_quarter,2025-07-21T16:44:27-04:00,unclear,0.5,agreed,established,1
640422,0606c13c-c964-410b-95be-c2d9be3fc695,401105597,65582,2025,second_quarter,2025-07-21T16:45:47-04:00,unclear,0.75,agreed,new2025_incumbent,1
640802,4fd17171-3bd4-401a-9267-745f31e7cd3f,314192,184769,2025,second_quarter,2025-07-21T16:57:35-04:00,unclear,0.9,agreed,new2025_incumbent,1
640934,60d021e8-8883-4848-9236-468d22611d31,3867,103709,2025,second_quarter,2025-07-21T17:01:08-04:00,unclear,0.95,agreed,new2025_genuine,0
641032,a2d92072-fb15-4830-86dc-3e91e399b0f1,7805,110917,2025,second_quarter,2025-07-21T17:03:56-04:00,monitoring,0.95,agreed,established,1
641097,1fef8609-6104-4a05-a77f-b4f0cd8b3e4e,35263,143852,2025,second_quarter,2025-07-21T17:06:01-04:00,unclear,0.4,agreed,established,1
641294,35280ad6-b3ab-4a4b-a5f1-8f9641125c4a,401104446,201855,2025,second_quarter,2025-07-21T17:11:51-04:00,unclear,0.7,agreed,new2025_incumbent,1
641334,905f6cd5-407d-4318-97a2-2fb5b395d1de,35707,144325,2025,second_quarter,2025-07-21T17:13:31-04:00,unclear,0.4,agreed,new2025_incumbent,1
641361,65f8b4f6-a0fc-4081-84c4-5c28261575a3,39267,147139,2025,second_quarter,2025-07-21T17:14:53-04:00,unclear,0.95,agreed,new2025_incumbent,1
641389,84b71c11-6cf9-4cb2-95fe-a3ef31351569,401103237,198275,2025,second_quarter,2025-07-21T17:15:25-04:00,unclear,0.45,agreed,established,1
641488,cb648f26-59fa-44cc-93af-39d71a5f5b5a,7257,110079,2025,second_quarter,2025-07-21T17:18:30-04:00,unclear,0.4,agreed,established,1
641603,3febdf53-f378-4e82-97b7-842abdf37343,401107157,53729,2025,second_quarter,2025-07-21T17:23:24-04:00,unclear,0.95,agreed,established,1
641692,b6d8b9bc-3034-4ad1-99ee-79b0fb6704e2,401104313,63973,2025,second_quarter,2025-07-21T17:27:02-04:00,unclear,0.95,agreed,established,1
641779,50c44559-3548-4b42-8c0d-694a3d3e4470,401105068,57089,2025,second_quarter,2025-07-21T17:29:25-04:00,unclear,0.6,agreed,new2025_incumbent,1
641784,308f5359-984d-41f4-8d0b-6c152650ba14,401109794,68054,2025,second_quarter,2025-07-21T17:29:38-04:00,unclear,0.5,agreed,new2025_genuine,1
641810,fdf50a5f-628d-4aae-b36b-a5a3d853b5c1,286074,176428,2025,second_quarter,2025-07-21T17:30:43-04:00,unclear,0.4,agreed,new2025_genuine,1
641929,6f67611d-b072-486d-b384-ccde87175a83,14187,119522,2025,second_quarter,2025-07-21T17:35:24-04:00,unclear,0.4,opus,new2025_incumbent,1
642444,1698ba22-7f16-4a6a-b6cc-7cfdaf0467fb,48678,155448,2025,second_quarter,2025-07-21T17:53:29-04:00,unclear,0.95,agreed,established,1
642488,eb64568e-0282-481d-9d04-7f6801503232,6837,109370,2025,second_quarter,2025-07-21T17:55:39-04:00,unclear,0.5,agreed,new2025_incumbent,1
642495,31b7ef58-7183-4d75-90fc-68f1cd98805c,401109282,66780,2025,second_quarter,2025-07-21T17:56:09-04:00,unclear,0.4,opus,new2025_genuine,1
642880,c8536344-fcbc-4781-8fb4-6e16f2bae694,401049958,197314,2025,second_quarter,2025-07-21T18:14:36-04:00,unclear,0.95,agreed,new2025_genuine,1
642925,202f1ed6-3b00-48f1-8f6e-7f9c52bfe7f8,79290,170549,2025,second_quarter,2025-07-21T18:17:01-04:00,unclear,0.5,agreed,new2025_genuine,1
642950,942fee52-be27-4c36-b0fe-db1e27343ef4,33647,141959,2025,second_quarter,2025-07-21T18:17:39-04:00,unclear,0.8,agreed,new2025_incumbent,1
642990,a7afdce7-7ca6-4f71-9864-1adc10c62061,28663,134577,2025,second_quarter,2025-07-21T18:19:53-04:00,relief,0.95,agreed,established,1
643096,3aec851a-a6c3-41e9-9181-f24f5e1130ae,401103897,200355,2025,second_quarter,2025-07-21T18:24:09-04:00,relief,0.9,agreed,established,1
643199,417907bb-ae7e-4cb3-9a1a-2fe66c7e8a68,401108081,64635,2025,second_quarter,2025-07-21T18:31:27-04:00,unclear,0.55,agreed,new2025_genuine,1
643239,273d0da6-4006-4be8-857b-b9b192f02508,32098,140427,2025,second_quarter,2025-07-21T18:37:49-04:00,unclear,0.55,agreed,new2025_incumbent,1
643556,1b31844d-5f57-4c25-8a29-74dbf188ab2f,57338,159975,2025,second_quarter,2025-07-21T19:00:38-04:00,relief,0.95,agreed,established,1
643568,0f78f6c5-0768-43b6-b950-5d02a496b78c,401109792,68122,2025,second_quarter,2025-07-21T19:01:24-04:00,relief,0.7,opus,new2025_genuine,0
643609,17229ee0-052b-4399-ab51-bb1bb3c57706,401108149,58740,2025,second_quarter,2025-07-21T19:06:01-04:00,relief,0.8,opus,established,1
643722,d3408344-bda9-4b3b-bb0e-426496369d9a,401109039,67024,2025,second_quarter,2025-07-21T19:14:43-04:00,unclear,0.55,agreed,new2025_genuine,1
643769,8dbd8c7a-74b7-4f39-9585-2a4906213b3f,24373,132005,2025,second_quarter,2025-07-21T19:17:46-04:00,unclear,0.4,agreed,new2025_genuine,1
643985,f999cb57-f148-40ff-bdf3-d0d732acba87,30518,135943,2025,second_quarter,2025-07-21T19:38:37-04:00,unclear,0.95,agreed,new2025_incumbent,1
644080,c010985e-c252-48f7-ab2f-dad2657d8833,32021,139582,2025,second_quarter,2025-07-21T19:46:28-04:00,monitoring,0.9,agreed,new2025_incumbent,1
644133,bcac2b7e-1f4c-41cb-bc14-76251f19de61,7758,110904,2025,second_quarter,2025-07-21T19:53:25-04:00,relief,0.95,agreed,new2025_incumbent,1
644349,45cc7694-2688-47f2-9e25-7ea2b2a5c354,401109135,63639,2025,second_quarter,2025-07-21T20:10:59-04:00,unclear,0.4,agreed,new2025_genuine,1
644850,7c10740c-e945-48d3-9a10-8c63cf3523ff,401103295,205220,2025,second_quarter,2025-07-21T20:54:28-04:00,unclear,0.4,agreed,new2025_incumbent,1
644865,12b63308-0676-41da-8849-e3cb07047a3d,401103295,198477,2025,second_quarter,2025-07-21T20:55:56-04:00,unclear,0.4,agreed,new2025_incumbent,1
644923,78a42dc4-a2e3-4034-a597-b6513bd139ba,401107297,54482,2025,second_quarter,2025-07-21T21:00:11-04:00,unclear,0.55,agreed,established,1
644940,f137e264-0e22-49cc-8f6a-f57bea90fe92,401105417,66694,2025,second_quarter,2025-07-21T21:01:58-04:00,unclear,0.85,agreed,established,1
645016,39d81ba7-a3cf-49a3-85f8-4e99dd5c2395,401103900,200358,2025,second_quarter,2025-07-21T21:11:27-04:00,unclear,0.95,agreed,new2025_incumbent,0
645024,faa12768-b090-4a2a-ba26-1664f5de6f26,401105417,65566,2025,second_quarter,2025-07-21T21:13:17-04:00,unclear,0.95,agreed,established,1
645029,acbaa4c9-ad8c-4ed7-8323-70dd464d862f,401046942,197256,2025,second_quarter,2025-07-21T21:13:39-04:00,unclear,0.95,agreed,established,0
645198,88977541-7bc0-4ef8-b62e-274cc1e967ff,401105417,205637,2025,second_quarter,2025-07-21T21:28:44-04:00,unclear,0.8,agreed,established,1
645397,08fab3ec-79a7-4254-a4eb-16a6ecd8aae2,299913,180251,2025,second_quarter,2025-07-21T21:57:16-04:00,unclear,0.5,agreed,new2025_genuine,1
645416,d17090f3-8a70-4b50-92d1-ca3086eb38ac,401046942,197256,2025,second_quarter,2025-07-21T22:00:13-04:00,unclear,0.95,agreed,established,1
645513,742609c5-a5b4-4194-b5d7-4356054f0b7d,401105417,203681,2025,second_quarter,2025-07-21T22:13:21-04:00,unclear,0.95,agreed,established,1
645531,3e5b80de-4190-4b28-bbb3-56c153a00fcd,401105417,213730,2025,second_quarter,2025-07-21T22:15:24-04:00,unclear,0.95,agreed,established,1
645539,53a82e58-f490-41bf-a223-54c2b43ad738,401105417,59644,2025,second_quarter,2025-07-21T22:16:25-04:00,unclear,0.8,agreed,established,1
645598,78026909-063c-4bbf-924d-6ee9137adc5f,401105417,203687,2025,second_quarter,2025-07-21T22:29:21-04:00,unclear,0.4,opus,established,1
645628,a8b9d591-d62b-4e32-ae4a-730e64b188cc,401105943,208694,2025,second_quarter,2025-07-21T22:35:46-04:00,unclear,0.5,opus,new2025_incumbent,1
645772,db5f8c8c-f387-4244-a1d0-49c09d1e580d,401105417,203654,2025,second_quarter,2025-07-21T23:06:49-04:00,unclear,0.9,agreed,established,1
645866,64170df4-60f5-4670-b580-1d030bbe944c,401105417,55335,2025,second_quarter,2025-07-21T23:29:39-04:00,unclear,0.95,agreed,established,1
646088,bb0342a5-da91-4e60-81b1-35ca889322bd,19981,126455,2025,second_quarter,2025-07-22T08:15:37-04:00,unclear,0.6,agreed,new2025_genuine,1
646258,f1ad4851-bb59-4fea-b572-d450f9d29e63,401104288,63670,2025,second_quarter,2025-07-22T10:27:57-04:00,unclear,0.55,agreed,established,1
646262,5ee3ea0b-282b-4d2f-871f-165c65aca821,401104288,63670,2025,first_quarter,2025-07-22T10:30:16-04:00,unclear,0.55,agreed,established,1
646374,fe2260fe-9762-4195-925a-b622b7cafac3,401103276,198380,2025,second_quarter,2025-07-22T12:07:34-04:00,unclear,0.45,opus,new2025_genuine,1
646478,93ba2b9c-47f6-480e-9fc3-a9d2071f4235,56771,159922,2025,second_quarter,2025-07-22T12:55:42-04:00,monitoring,0.6,opus,established,1
646487,b01bf769-928d-42fb-afd7-51141958197c,401105259,203474,2025,second_quarter,2025-07-22T13:07:01-04:00,relief,0.6,opus,established,1
646533,9f7e2670-7b77-4f50-ae93-0bebf8a6be0a,17443,68144,2025,second_quarter,2025-07-22T13:33:07-04:00,unclear,0.5,agreed,new2025_incumbent,0
646582,e8bf24c0-4604-4f95-bac5-8658a2d374ba,291594,177806,2025,second_quarter,2025-07-22T14:03:34-04:00,unclear,0.5,agreed,established,1
646586,b799d6a5-045b-4915-84eb-b7288e93354e,22883,129738,2025,second_quarter,2025-07-22T14:04:01-04:00,unclear,0.95,agreed,established,1
646771,bfc01257-0130-46a9-88ce-6e707dbffe4d,401107434,58220,2025,second_quarter,2025-07-22T16:02:56-04:00,unclear,0.5,agreed,new2025_genuine,1
646798,b954ced1-ff00-45a4-afda-ab194abc2328,401103218,198214,2025,second_quarter,2025-07-22T16:14:17-04:00,unclear,0.5,agreed,established,1
646849,f52a3fa1-4b50-4d56-a865-7a7d23b0ed32,401109792,68122,2025,second_quarter,2025-07-22T17:28:11-04:00,unclear,0.95,agreed,new2025_genuine,1
647078,23ac9f11-9bdf-4dc0-ace7-42c267aa4b03,17443,68144,2025,second_quarter,2025-07-23T09:52:48-04:00,unclear,0.5,agreed,new2025_incumbent,1
647174,dc5d532f-b851-4542-b5d4-a274fabc10ba,401105346,203568,2025,second_quarter,2025-07-23T12:04:18-04:00,relief,0.95,agreed,new2025_genuine,1
647298,d470c446-b263-4085-b13d-fa3236f784e8,401105139,203282,2025,second_quarter,2025-07-23T13:32:34-04:00,unclear,0.95,agreed,new2025_incumbent,1
647380,e657eebd-6c51-43f0-a68b-3a19396474b2,28344,134513,2025,second_quarter,2025-07-23T15:37:08-04:00,unclear,0.5,agreed,new2025_incumbent,1
647387,382315c4-382b-45cd-b2f7-57b66f8c4519,19775,126395,2025,second_quarter,2025-07-23T16:02:15-04:00,mixed,0.85,opus,new2025_incumbent,1
647857,587b2e8b-b44a-4c3d-be47-89e250a40cdc,401104876,202865,2025,second_quarter,2025-07-24T22:00:53-04:00,unclear,0.4,agreed,new2025_incumbent,1
647937,6d7a17cd-3579-4289-bc1c-052d707065bc,55291,68201,2025,third_quarter,2025-07-25T11:56:04-04:00,unclear,0.95,agreed,new2025_incumbent,1
647978,17c75eb4-9075-4d71-9aa6-65cc5abfd6dd,401104172,200901,2025,second_quarter,2025-07-25T13:58:28-04:00,unclear,0.5,agreed,established,1
648005,7b89378e-0dca-4f6b-8897-bee2bad5ac64,401103565,208110,2025,second_quarter,2025-07-25T15:13:57-04:00,unclear,0.95,agreed,established,1
648389,d990750c-88ef-4f13-9220-428cc1137e9f,401105190,60844,2025,second_quarter,2025-07-29T09:39:25-04:00,unclear,0.5,agreed,established,1
648748,659e8925-d1fa-4b7a-8574-704346d0e542,401107067,53336,2025,second_quarter,2025-07-30T20:17:35-04:00,unclear,0.5,opus,new2025_incumbent,1
648811,eaa5da5a-6b1d-4da6-a7c3-aee1775c7d76,70175,64495,2025,second_quarter,2025-07-31T11:15:22-04:00,unclear,0.95,agreed,new2025_incumbent,1
648849,bbaaf396-9146-4c74-aff6-0e8af5539a93,27833,134460,2025,second_quarter,2025-07-31T14:53:39-04:00,relief,0.7,opus,established,1
649011,73902ca1-24c2-4131-88a5-18144d28998c,401104531,60001,2025,second_quarter,2025-08-01T16:14:55-04:00,unclear,0.95,agreed,new2025_incumbent,1
649215,91827f1f-b4f3-4a6d-bfd8-3c1e7f03dafe,401104830,202799,2025,second_quarter,2025-08-05T10:12:45-04:00,unclear,0.95,agreed,established,1
649318,7c1069b0-802a-4447-9270-54600b68e2c0,400520538,192062,2025,second_quarter,2025-08-05T10:32:31-04:00,relief,0.85,agreed,new2025_incumbent,0
649349,f46b24df-df77-491b-a554-e5f75b431ee8,37538,146406,2025,second_quarter,2025-08-05T10:41:31-04:00,unclear,0.5,agreed,established,1
649500,af7d2220-c520-4830-8d5e-d4b75da84575,401108704,67537,2025,second_quarter,2025-08-05T11:25:18-04:00,unclear,0.4,agreed,new2025_incumbent,1
649895,dbbfeb31-815d-412e-8aed-95848c9bf997,401108679,63168,2025,second_quarter,2025-08-05T22:46:32-04:00,unclear,0.45,opus,established,1
649991,be301295-c59a-412f-86af-bb69de36519a,17966,65787,2025,second_quarter,2025-08-06T11:20:45-04:00,unclear,0.4,agreed,new2025_genuine,1
650139,c6fffe3f-01b9-4627-9127-bb376da206ca,401106132,211336,2025,third_quarter,2025-08-06T15:59:31-04:00,unclear,0.5,agreed,established,0
650530,df9a5a51-6e67-49b1-8923-12a0cd36fdbb,400359656,189550,2025,second_quarter,2025-08-08T18:19:35-04:00,relief,0.9,agreed,established,1
650652,c5ba8eec-55f5-4135-9f95-eea845a32ac7,81054,171061,2025,second_quarter,2025-08-11T19:15:54-04:00,protection,0.95,opus,established,1
650814,5a6237b6-5d48-45c9-9a83-296963a25d8e,401108875,61451,2025,second_quarter,2025-08-13T12:50:29-04:00,unclear,0.4,agreed,new2025_genuine,1
650912,e685c706-83d3-4581-8193-a89f2a7e8033,287394,68390,2025,third_quarter,2025-08-14T15:37:46-04:00,unclear,0.9,agreed,established,1
650914,bd3f31aa-487d-4ce9-b165-6d86d6cef37a,287394,58726,2025,third_quarter,2025-08-14T15:39:47-04:00,unclear,0.9,agreed,established,1
650919,55f1646b-bf44-4bc8-bbcc-0ecdec7f2122,401104210,68391,2025,third_quarter,2025-08-14T16:00:49-04:00,unclear,0.9,agreed,new2025_incumbent,1
650924,06977f2e-310c-4085-8a26-2aac28b480f9,401104210,68393,2025,third_quarter,2025-08-14T16:23:59-04:00,unclear,0.9,agreed,new2025_incumbent,1
650988,a42dd0d7-c093-4b4e-a6c4-c8fec10bf214,401105655,68404,2025,third_quarter,2025-08-15T14:08:57-04:00,unclear,0.5,agreed,new2025_genuine,0
651272,adab6ea3-448e-4ecd-93e6-02b88548f6bc,307034,68449,2025,third_quarter,2025-08-20T15:16:02-04:00,unclear,0.95,agreed,new2025_genuine,0
651372,5a174cfd-ca19-4128-a134-4e9a543e8b98,401104641,68463,2025,third_quarter,2025-08-21T16:30:50-04:00,unclear,0.5,agreed,new2025_incumbent,0
651379,5c7bf4e6-cc1c-463a-9815-ad831b676caf,401106132,68466,2025,third_quarter,2025-08-21T16:58:49-04:00,unclear,0.5,agreed,established,0
651387,fedac04f-f80b-41cb-adab-c32c934afc32,307034,68468,2025,third_quarter,2025-08-22T09:16:47-04:00,unclear,0.95,agreed,new2025_genuine,0
651425,2801baba-b710-4d06-8d8b-3d83c69f653c,401106938,68478,2025,third_quarter,2025-08-22T14:54:06-04:00,unclear,0.95,agreed,unknown,1
651442,fc83142e-1cf4-4b3b-9130-6118af745898,28812,134591,2025,second_quarter,2025-08-22T15:47:31-04:00,unclear,0.5,agreed,new2025_genuine,1
651544,daaa58c3-cb9e-408b-9933-1593adad8fd0,400520538,192062,2025,third_quarter,2025-08-26T15:17:58-04:00,relief,0.85,agreed,new2025_incumbent,0
651603,7937293b-04a1-4fd5-b3ba-537e83f0a768,400487397,57259,2025,second_quarter,2025-08-27T11:44:53-04:00,unclear,0.95,agreed,established,1
651772,e52e5e1d-3869-4c42-8fb9-af1f8ca9112e,401104288,68537,2025,third_quarter,2025-09-02T09:02:11-04:00,unclear,0.55,agreed,established,0
651804,671980bd-577f-43a8-8606-90384df909b1,401109865,68542,2025,third_quarter,2025-09-02T16:36:34-04:00,unclear,0.95,agreed,unknown,1
651875,f086c98e-3f94-480d-9001-84427c04780f,76695,169003,2025,second_quarter,2025-09-04T10:17:14-04:00,relief,0.92,agreed,new2025_genuine,1
651908,a58ab9a0-731e-4724-9a31-46d106f56967,76992,68558,2025,third_quarter,2025-09-04T12:26:51-04:00,unclear,0.4,agreed,new2025_incumbent,0
651974,30859d80-87e3-43b0-89be-8a69254b30ae,401106285,68573,2025,third_quarter,2025-09-05T11:55:05-04:00,unclear,0.95,agreed,established,0
652017,c84b927c-ac4a-4f99-a5f7-70d170351c8f,401105514,68586,2025,third_quarter,2025-09-07T16:09:10-04:00,unclear,0.95,agreed,new2025_incumbent,0
652054,7054d343-96ea-4e85-8dee-946059f317c6,401104288,68596,2025,third_quarter,2025-09-08T15:09:46-04:00,unclear,0.55,agreed,established,0
652116,134f2b1c-6a06-4c1d-98d3-cb207b25820c,401109870,68603,2025,third_quarter,2025-09-09T02:11:42-04:00,unclear,0.5,agreed,unknown,1
652182,e9bade7f-b5ec-4670-b78f-3911fe55f5c3,401104288,68621,2025,third_quarter,2025-09-10T10:54:42-04:00,relief,0.9,agreed,established,0
652191,c543b788-e6fc-4655-aeb4-885df483d4d4,401106670,68623,2025,third_quarter,2025-09-10T12:58:56-04:00,unclear,0.95,agreed,new2025_genuine,0
652213,8194e227-faf4-4332-b862-58796b36c0ab,401109909,68625,2025,third_quarter,2025-09-10T23:00:35-04:00,unclear,0.5,agreed,new2025_genuine,0
652336,c494456b-096a-4e21-bb8d-3bdcf3a557bc,401109911,68659,2025,third_quarter,2025-09-11T15:34:03-04:00,unclear,0.95,agreed,unknown,1
652397,c0938bca-9eae-4bcc-b967-fb0a9af86a24,401104288,68666,2025,third_quarter,2025-09-12T10:54:16-04:00,unclear,0.6,agreed,established,0
652437,c74c1c8f-c190-4b80-8a72-c734c9e97b49,7257,68674,2025,third_quarter,2025-09-14T23:27:52-04:00,unclear,0.5,agreed,established,1
652441,ab2848bd-1f4c-4e03-8cc2-3050c7925caf,7257,68676,2025,third_quarter,2025-09-14T23:48:21-04:00,unclear,0.95,agreed,established,0
652581,e028b231-affb-4885-aafa-3dd131ff6291,401107356,68718,2025,third_quarter,2025-09-16T09:58:57-04:00,unclear,0.95,agreed,new2025_genuine,0
653040,bb8285cc-0bb8-4233-a457-45b8f9893b58,401109928,68807,2025,third_quarter,2025-09-19T19:38:30-04:00,unclear,0.5,agreed,new2025_genuine,1
653043,49b7f858-8b0d-4290-8f4e-84df6066e317,401109928,68808,2025,third_quarter,2025-09-19T19:50:12-04:00,monitoring,0.85,agreed,new2025_genuine,1
653102,02854cdd-b24a-4f1f-adac-dbeb8d6603e2,400520538,192062,2025,first_quarter,2025-09-22T13:07:44-04:00,relief,0.85,agreed,new2025_incumbent,1
653105,3c153e07-a6f2-4289-8e1e-c768c5924690,400520538,192062,2025,second_quarter,2025-09-22T13:24:05-04:00,relief,0.85,agreed,new2025_incumbent,1
653120,d02f99bd-a3af-4597-99f8-86dbd4606277,400520538,192062,2025,third_quarter,2025-09-22T14:19:06-04:00,relief,0.85,agreed,new2025_incumbent,1
653477,2c029e20-2f4a-4545-9d3a-da8c37a0eb0c,400487397,57259,2025,third_quarter,2025-09-25T18:17:55-04:00,unclear,0.95,agreed,established,1
653505,52949041-3d0d-4f86-9fa4-e5c3d6571d4b,35800,68879,2025,third_quarter,2025-09-26T10:20:52-04:00,relief,0.75,opus,new2025_incumbent,0
653606,f4e532fd-dd5e-4abe-9d8f-5793e9220df2,18466,68900,2025,third_quarter,2025-09-29T12:58:09-04:00,unclear,0.4,agreed,new2025_incumbent,0
653635,b323bd48-6dcc-4927-bf25-1da0baef1fe5,313715,68905,2025,third_quarter,2025-09-29T14:53:01-04:00,unclear,0.6,agreed,new2025_incumbent,0
653809,b365b98c-b7b5-4dd8-8b73-a5e7c637721c,36366,145446,2025,third_quarter,2025-10-01T09:26:18-04:00,unclear,0.5,agreed,established,1
653820,705042af-4b1e-427a-83d1-ad7057c2900a,401103605,199773,2025,third_quarter,2025-10-01T09:31:32-04:00,unclear,0.85,agreed,new2025_genuine,0
653854,7d6eb167-0413-418d-82f1-b2ba84bc9dd9,401103605,199773,2025,third_quarter,2025-10-01T10:54:16-04:00,unclear,0.85,agreed,new2025_genuine,1
653863,d9382593-87d7-4add-94f8-2872a5c68efa,401106954,67143,2025,third_quarter,2025-10-01T11:20:52-04:00,monitoring,0.75,agreed,new2025_genuine,1
654748,a4d86436-1ed8-4d94-81b9-3b512558b1d1,401109009,68976,2025,fourth_quarter,2025-10-03T14:22:41-04:00,unclear,0.95,agreed,new2025_genuine,1
654888,924f5e57-c2c2-4ffd-8e2d-491f4fc418e5,400918672,196197,2025,third_quarter,2025-10-03T18:50:06-04:00,monitoring,0.95,agreed,new2025_incumbent,0
655238,f1546975-89c3-4534-9883-dd8d4e25a868,401104288,69018,2025,third_quarter,2025-10-06T11:37:20-04:00,unclear,0.5,agreed,established,0
655322,a1b777f8-1ccf-48f5-acce-1382e505d12b,401105150,65033,2025,third_quarter,2025-10-06T12:53:17-04:00,unclear,0.5,agreed,new2025_genuine,0
655387,21d52a64-4d93-428e-885a-f0b5ce06176c,401104454,201870,2025,third_quarter,2025-10-06T13:39:42-04:00,unclear,0.5,agreed,new2025_genuine,1
655607,76b59255-7ae9-4977-813a-52afc96b05a5,401104313,69033,2025,third_quarter,2025-10-06T16:27:48-04:00,unclear,0.95,agreed,established,0
655937,2a1e9c7c-22ce-4764-a3a4-13e27cc583f4,285871,69050,2025,third_quarter,2025-10-07T12:35:42-04:00,unclear,0.95,agreed,established,1
656126,4085ba16-2bc5-4594-9f54-2563a5bcf711,401109961,69058,2025,third_quarter,2025-10-07T16:16:06-04:00,unclear,0.95,agreed,unknown,1
656194,6de00983-7765-4443-b28b-371e3ec0bfb3,400408933,190355,2025,third_quarter,2025-10-07T17:33:25-04:00,relief,0.8,agreed,established,1
656320,65aa62b0-899d-4224-9de9-8ad9eaa581f9,401107078,53623,2025,third_quarter,2025-10-08T10:20:37-04:00,unclear,0.95,agreed,new2025_genuine,1
656354,01b024f7-4775-4b27-8366-1937863dad09,34477,69073,2025,fourth_quarter,2025-10-08T10:57:00-04:00,unclear,0.4,opus,unknown,1
656477,7cc36d23-f4b0-45fe-b96b-3791b19da384,401109741,68554,2025,third_quarter,2025-10-08T12:20:22-04:00,unclear,0.5,agreed,new2025_genuine,1
656560,5678a17a-0211-4bc4-ade3-7120433d292f,75557,59656,2025,third_quarter,2025-10-08T14:04:52-04:00,unclear,0.95,agreed,established,1
656835,a05f3173-1bf2-4e53-8809-12fbc4f16d02,401103524,199384,2025,third_quarter,2025-10-08T16:44:01-04:00,unclear,0.9,agreed,established,1
656852,2b134053-1707-43e2-9217-0452c0194e11,401107434,58220,2025,third_quarter,2025-10-08T17:08:14-04:00,unclear,0.5,agreed,new2025_genuine,1
656973,aead0697-8f1b-4da2-b242-44b9df15f908,401106405,213706,2025,third_quarter,2025-10-09T10:22:07-04:00,relief,0.92,agreed,established,1
657120,77fc312c-10f7-4560-861e-613e05a99829,401025893,69104,2025,fourth_quarter,2025-10-09T12:26:42-04:00,unclear,0.5,agreed,new2025_genuine,0
657196,7fc44fe9-53ab-41b5-bb56-394bcf133647,320918,59608,2025,third_quarter,2025-10-09T14:30:26-04:00,unclear,0.95,agreed,new2025_incumbent,1
657493,95090583-610b-41e5-9634-058e46dbe42f,401104288,69132,2025,third_quarter,2025-10-10T13:04:48-04:00,unclear,0.5,agreed,established,0
657632,115d7320-93b9-44b3-9c56-144b4cc10b9b,401105415,203651,2025,third_quarter,2025-10-10T15:57:30-04:00,unclear,0.55,agreed,new2025_genuine,1
657672,1c53b0c9-0a23-4611-b53b-8000e57ace73,22883,129738,2025,third_quarter,2025-10-10T18:08:42-04:00,unclear,0.95,agreed,established,1
657717,44710ccc-b219-47f3-890f-d5af246722ca,401109416,66035,2025,third_quarter,2025-10-10T22:02:41-04:00,unclear,0.6,agreed,new2025_genuine,1
658183,65e96b76-ce22-48d3-99d8-4c604016698f,30393,135816,2025,third_quarter,2025-10-13T09:48:04-04:00,relief,0.95,agreed,established,1
658189,aec381b1-455c-48aa-a47c-7692e2a63c05,401109474,66368,2025,third_quarter,2025-10-13T09:51:08-04:00,unclear,0.7,agreed,new2025_genuine,1
658202,92d4fb4f-0374-4f97-9868-79b21a4a8ad6,400458236,191193,2025,third_quarter,2025-10-13T09:56:35-04:00,unclear,0.5,agreed,new2025_genuine,1
658436,0c118d2d-b6f0-45fc-a302-fea5892c4b29,70175,64495,2025,third_quarter,2025-10-13T13:06:47-04:00,unclear,0.95,agreed,new2025_incumbent,1
658476,67a2a908-9ccd-4815-9771-9717e845b7fd,298012,179855,2025,third_quarter,2025-10-13T13:51:00-04:00,unclear,0.5,agreed,new2025_genuine,1
658516,c0dc4459-389a-4bcb-b6d8-ad7de84588fc,298012,179856,2025,third_quarter,2025-10-13T14:07:01-04:00,unclear,0.5,agreed,new2025_genuine,1
658545,0fdf6f4c-e24b-441c-aeac-3c71b15089cb,299913,180251,2025,third_quarter,2025-10-13T14:27:18-04:00,unclear,0.5,agreed,new2025_genuine,1
659181,79b376f6-8cdd-4e16-adf8-59ceb4897e0b,401104288,69173,2025,third_quarter,2025-10-14T11:38:35-04:00,unclear,0.5,agreed,established,0
659321,106d34e2-d1a2-4550-b073-85001ed8e297,400978796,196659,2025,third_quarter,2025-10-14T12:43:41-04:00,unclear,0.95,agreed,established,1
659582,73ff2af5-dd84-40cb-8b8c-e9d61b576270,30906,65632,2025,third_quarter,2025-10-14T14:33:51-04:00,unclear,0.6,agreed,established,1
660282,d720d737-ef1e-4283-8e16-aa0e064a375c,401104288,65087,2025,third_quarter,2025-10-14T21:28:36-04:00,unclear,0.5,agreed,established,1
660341,611721d5-62d6-4e86-871e-ac9dafaa8f8c,400661993,210126,2025,third_quarter,2025-10-14T23:40:58-04:00,unclear,0.4,agreed,established,1
660465,1eec728f-ea2d-4d4e-b41e-6ffdb57629f2,401104288,69132,2025,third_quarter,2025-10-15T08:59:57-04:00,unclear,0.5,agreed,established,1
660478,812e5b11-47b3-4d3d-ba1e-bab37144655c,55792,159864,2025,third_quarter,2025-10-15T09:08:12-04:00,unclear,0.95,agreed,established,1
660562,bb69b22b-6eba-4664-a6b4-cd44e2210514,16010,121526,2025,third_quarter,2025-10-15T09:34:35-04:00,unclear,0.95,agreed,established,1
660802,b83cb2c9-bd49-452f-a26e-859dbff4a25a,401109292,66836,2025,third_quarter,2025-10-15T10:37:11-04:00,unclear,0.9,agreed,new2025_genuine,1
660846,13f8cf84-97ee-4981-b7b6-b54a835b2a2d,401104288,64266,2025,third_quarter,2025-10-15T10:50:30-04:00,unclear,0.5,agreed,established,1
660874,086ea8f2-efa1-4e71-81e4-754f0fa47717,401104288,68596,2025,third_quarter,2025-10-15T10:56:40-04:00,unclear,0.55,agreed,established,1
660923,3cbcc160-e9c5-4ecf-b12b-8f4c2ae5afe3,55291,55863,2025,third_quarter,2025-10-15T11:09:42-04:00,unclear,0.9,agreed,new2025_incumbent,1
661091,9e46e3ca-43cb-4676-954e-775e6a7f412b,30906,57907,2025,third_quarter,2025-10-15T11:55:22-04:00,unclear,0.5,agreed,established,1
661256,31f505cf-fb73-4a88-9228-707c039b5453,401104288,66825,2025,third_quarter,2025-10-15T12:35:26-04:00,unclear,0.5,agreed,established,1
661602,48ab3798-3356-43e0-a69a-701a9b3f3252,401104288,69173,2025,third_quarter,2025-10-15T13:56:17-04:00,unclear,0.5,agreed,established,1
661685,957a5532-93ac-4ca4-bb2f-0003650b979a,401107007,64042,2025,third_quarter,2025-10-15T14:21:07-04:00,unclear,0.95,agreed,new2025_genuine,1
661813,c0d76713-b21e-4b81-93fe-650d1655c880,401104288,64813,2025,third_quarter,2025-10-15T15:10:09-04:00,monitoring,0.95,agreed,established,1
661824,b62be308-d3ba-4111-bcf3-bda8fe12a560,401104288,64646,2025,third_quarter,2025-10-15T15:13:12-04:00,unclear,0.5,agreed,established,1
661869,6776999c-dc49-485e-8885-34e0c0565f39,401104288,65277,2025,third_quarter,2025-10-15T15:24:21-04:00,unclear,0.5,agreed,established,1
662097,fce32e05-83a4-4609-8e69-7d7a4275b157,36105,61429,2025,third_quarter,2025-10-15T16:24:14-04:00,unclear,0.9,agreed,established,1
662158,31b4f721-79fa-4973-95b7-98c8a44cea59,401104288,63892,2025,third_quarter,2025-10-15T16:44:36-04:00,unclear,0.5,agreed,established,1
662242,13b6d99f-7b1a-486f-b4b2-57e95e319555,401104288,68621,2025,third_quarter,2025-10-15T17:13:29-04:00,relief,0.92,agreed,established,1
662505,4d946ac9-44e6-4092-9ad5-2decf2f57400,401104288,66709,2025,third_quarter,2025-10-15T19:32:56-04:00,unclear,0.5,agreed,established,1
662530,71a8ecf1-8983-4139-916b-79110135734e,401104288,64889,2025,third_quarter,2025-10-15T20:29:06-04:00,monitoring,0.9,agreed,established,1
662815,9b96e251-dc45-4745-968c-400960af9dec,40024191,64735,2025,third_quarter,2025-10-16T09:23:06-04:00,unclear,0.6,agreed,new2025_genuine,1
662828,57a6bc40-0c58-47ce-a5fc-003301288d78,7257,110107,2025,third_quarter,2025-10-16T09:26:08-04:00,unclear,0.5,agreed,established,1
662931,6c4049a6-16de-4565-8b85-f1c960a73774,400426039,68442,2025,third_quarter,2025-10-16T09:56:58-04:00,monitoring,0.9,agreed,established,1
663271,f4678c5d-d69e-402b-89a1-13282be4feae,400426039,190608,2025,third_quarter,2025-10-16T10:52:35-04:00,monitoring,0.9,agreed,established,1
663458,15b37df3-82ac-47d6-9e9a-f2daf02f5200,298455,180023,2025,third_quarter,2025-10-16T11:24:37-04:00,unclear,0.6,agreed,new2025_genuine,1
663651,b75b08df-b840-4543-9f64-53841bc97706,53777,158495,2025,third_quarter,2025-10-16T11:55:05-04:00,unclear,0.5,agreed,new2025_incumbent,1
663678,47bf8ddf-7054-4ef9-b811-d870f56587e6,400426039,190614,2025,third_quarter,2025-10-16T11:59:51-04:00,monitoring,0.9,agreed,established,1
663911,30f44ff7-e1f0-4aac-a11a-1e2fdd0d7dc5,400426039,56625,2025,third_quarter,2025-10-16T13:08:36-04:00,monitoring,0.9,agreed,established,1
663997,7f0449c3-d9b7-4f83-b288-4565aa8e97ec,401104288,67212,2025,third_quarter,2025-10-16T13:23:29-04:00,unclear,0.5,agreed,established,1
664003,ff05cfff-e9ac-460b-ba67-d6bd53018325,401104288,63988,2025,third_quarter,2025-10-16T13:24:42-04:00,unclear,0.5,agreed,established,1
664021,0ba37462-a498-4c94-9a5e-b1f4b202bbdf,400426039,190611,2025,third_quarter,2025-10-16T13:27:46-04:00,monitoring,0.9,agreed,established,1
664026,a1cb8935-709e-4e79-8e9c-1e82abc52fe3,401104288,68537,2025,third_quarter,2025-10-16T13:29:15-04:00,unclear,0.55,agreed,established,0
664032,e966f484-de76-4935-8d1a-7c435a3d5ad7,401093052,197760,2025,third_quarter,2025-10-16T13:29:44-04:00,unclear,0.95,agreed,new2025_genuine,1
664077,5434fba2-7e65-4cc4-93ad-1e2226cc26c6,19775,126395,2025,third_quarter,2025-10-16T13:36:21-04:00,relief,0.95,agreed,new2025_incumbent,1
664354,72bd7677-4aa5-435f-86e5-2ccc44503dea,4301,104670,2025,third_quarter,2025-10-16T14:22:02-04:00,unclear,0.95,agreed,new2025_incumbent,1
664378,874f721c-117f-4bce-96ba-6cff99dff469,283696,65153,2025,third_quarter,2025-10-16T14:27:22-04:00,unclear,0.5,agreed,established,1
664408,e18bf14b-f35d-4c88-b440-ea40d59104d0,24123,131484,2025,third_quarter,2025-10-16T14:32:22-04:00,unclear,0.45,opus,established,1
664625,3fad85ec-b0be-43ab-8d16-00323bc72faf,401104288,63413,2025,third_quarter,2025-10-16T14:57:35-04:00,unclear,0.55,agreed,established,1
664728,fa2fbf5f-5ef8-4f6d-a7c4-d62f3f400d7f,401104288,64557,2025,third_quarter,2025-10-16T15:11:48-04:00,unclear,0.55,agreed,established,1
664777,ea072cd9-408b-4db5-969f-ac70228040a4,401107802,56904,2025,third_quarter,2025-10-16T15:18:33-04:00,unclear,0.4,agreed,new2025_incumbent,1
664880,b7baf6b7-07e7-4bef-b9b3-d131b57eb0e2,401104288,60648,2025,third_quarter,2025-10-16T15:35:48-04:00,relief,0.95,agreed,established,1
665158,9d5b3907-40c5-4922-a397-23e208cdb36f,17443,209701,2025,third_quarter,2025-10-16T16:21:47-04:00,unclear,0.95,agreed,new2025_incumbent,1
665205,6266ab81-6b53-4a8b-960b-47d944633a74,313715,68905,2025,third_quarter,2025-10-16T16:29:53-04:00,unclear,0.6,agreed,new2025_incumbent,1
665330,e57bd730-0760-4e3d-8dbf-6611e2e086d3,81511,65441,2025,third_quarter,2025-10-16T16:56:30-04:00,unclear,0.95,agreed,established,1
665409,d1338540-63a7-428d-82d1-8f40744ea77c,401104288,69018,2025,third_quarter,2025-10-16T17:12:14-04:00,unclear,0.5,agreed,established,0
665417,2e1c15a9-ce01-4016-bf9a-e741907d3ad6,79175,64005,2025,third_quarter,2025-10-16T17:12:54-04:00,unclear,0.95,agreed,new2025_incumbent,1
665758,26927523-fb45-4ceb-9852-8091ef8d51e2,7257,67130,2025,third_quarter,2025-10-16T19:32:22-04:00,unclear,0.5,agreed,established,1
666204,b03810ac-2999-4c61-baeb-8a67f6441e1e,400426039,190607,2025,third_quarter,2025-10-17T08:48:21-04:00,monitoring,0.9,agreed,established,1
666528,a4aa4c2c-6718-4396-b0a6-1ca35164cfe9,310973,183737,2025,third_quarter,2025-10-17T09:56:54-04:00,relief,0.95,agreed,new2025_genuine,1
666789,4cfd82be-3a85-4838-ab1c-23a6bdc09e6d,41454,64962,2025,third_quarter,2025-10-17T10:35:51-04:00,unclear,0.5,agreed,new2025_incumbent,1
667038,f0f47ae5-8127-4e45-9f3f-06e3ae79ccb4,17443,209700,2025,third_quarter,2025-10-17T10:58:48-04:00,unclear,0.5,agreed,new2025_incumbent,1
667049,46448174-99e4-4e57-bede-32755c1e6da0,401105589,205749,2025,third_quarter,2025-10-17T10:59:05-04:00,mixed,0.85,opus,established,1
667169,a64d4200-7125-4622-8506-b77ea4dd83b5,17966,65787,2025,third_quarter,2025-10-17T11:08:38-04:00,unclear,0.4,agreed,new2025_genuine,1
667190,4330f46a-5884-49f2-986b-e6fad520dcde,76695,169003,2025,third_quarter,2025-10-17T11:10:30-04:00,relief,0.92,agreed,new2025_genuine,1
667466,b70d603d-5f69-46f4-bd74-bd5d7a3a17eb,17443,65514,2025,third_quarter,2025-10-17T11:34:45-04:00,unclear,0.5,agreed,new2025_incumbent,1
667474,88c94d90-3184-4913-8d49-e5cb0f63ee32,401104288,68537,2025,third_quarter,2025-10-17T11:35:17-04:00,unclear,0.55,agreed,established,1
667601,002d33da-f458-4647-bd7d-33b077754e05,401104718,55076,2025,third_quarter,2025-10-17T11:46:30-04:00,unclear,0.55,agreed,established,1
667619,069a0e64-c6c3-48f8-a31e-faaa513b49d0,17443,65788,2025,third_quarter,2025-10-17T11:48:26-04:00,unclear,0.55,agreed,new2025_incumbent,1
667626,c87453cc-d1f4-4d16-bc81-5ceee4c6a65f,35800,68879,2025,third_quarter,2025-10-17T11:49:11-04:00,relief,0.6,opus,new2025_incumbent,1
667811,29194fdc-a906-499c-ae14-245aecb26e44,17443,123132,2025,third_quarter,2025-10-17T12:03:20-04:00,unclear,0.95,agreed,new2025_incumbent,1
667829,fb527113-e255-4963-88ce-532b7f8f1ece,17443,68144,2025,third_quarter,2025-10-17T12:06:43-04:00,unclear,0.5,agreed,new2025_incumbent,1
667860,409bf746-914f-4e34-ae7a-ae2c9a8df934,401108705,61134,2025,third_quarter,2025-10-17T12:09:50-04:00,protection,0.6,opus,new2025_incumbent,1
667925,2132d9cc-7623-403a-9953-62b04137c004,17443,209705,2025,third_quarter,2025-10-17T12:16:34-04:00,unclear,0.95,agreed,new2025_incumbent,1
667938,4e93252c-89f8-4eba-a288-a6bde049c94b,17443,209710,2025,third_quarter,2025-10-17T12:17:29-04:00,unclear,0.95,agreed,new2025_incumbent,1
668348,6fc738f1-4b8a-4cfd-aff6-c5a3dca4a25c,7257,109885,2025,third_quarter,2025-10-17T13:11:58-04:00,unclear,0.5,agreed,established,1
668358,a22846bf-7b05-4a84-8ec6-c184e538a9ca,400646949,193834,2025,third_quarter,2025-10-17T13:12:22-04:00,unclear,0.4,agreed,new2025_genuine,1
668455,3182c2f7-92cf-4186-8d87-65e2eec3d3d1,400646949,69313,2025,third_quarter,2025-10-17T13:25:16-04:00,unclear,0.4,opus,new2025_genuine,0
668675,c1ead592-dc93-45d5-bc10-1371941a481b,15942,121521,2025,third_quarter,2025-10-17T13:58:17-04:00,unclear,0.5,agreed,new2025_genuine,1
668746,fb29b404-ba95-4fff-aa5d-9e4356919062,401107067,53336,2025,third_quarter,2025-10-17T14:02:38-04:00,unclear,0.5,opus,new2025_incumbent,1
668776,b5fda981-dca3-4d5c-a855-c256f6c1583e,401104718,61818,2025,third_quarter,2025-10-17T14:04:19-04:00,unclear,0.5,agreed,established,1
668999,63071563-f75e-4ca0-bb14-a5ae551d1ee4,401109009,63600,2025,third_quarter,2025-10-17T14:26:10-04:00,unclear,0.6,agreed,new2025_genuine,1
669102,1020d70e-14ea-4e06-8d17-bddfa11a2517,317311,186004,2025,third_quarter,2025-10-17T14:35:01-04:00,unclear,0.45,opus,established,1
669191,00c2d80b-13e4-44bf-86a7-4da176615fcf,401104288,65433,2025,third_quarter,2025-10-17T14:41:49-04:00,unclear,0.5,agreed,established,1
669302,016dfcef-ff92-447c-af60-da643f3487ab,401105943,208694,2025,third_quarter,2025-10-17T14:49:16-04:00,unclear,0.5,opus,new2025_incumbent,1
669429,62a9a7f0-6923-4326-b825-d4d89f8888e9,401104010,200631,2025,third_quarter,2025-10-17T14:58:20-04:00,monitoring,0.9,agreed,established,1
669587,c409d98a-9d8d-4c4b-83af-22620fba9ca4,54073,158571,2025,third_quarter,2025-10-17T15:06:14-04:00,unclear,0.5,agreed,new2025_incumbent,1
669637,484457e4-1f40-4584-95d3-7530e6a9fccb,45937,153798,2025,third_quarter,2025-10-17T15:09:04-04:00,unclear,0.6,agreed,established,1
669841,1ca67e59-8e87-4a33-8fce-abce02f022f3,58476,160605,2025,third_quarter,2025-10-17T15:23:12-04:00,unclear,0.5,agreed,new2025_genuine,1
669946,3924fac7-5802-4bb4-aae6-1df92fe4f44f,39941,148807,2025,third_quarter,2025-10-17T15:33:20-04:00,relief,0.95,agreed,established,1
669964,d6a610e1-ea85-4da6-8435-b793795a43d5,28504,134535,2025,third_quarter,2025-10-17T15:34:17-04:00,relief,0.95,agreed,established,1
669971,67371b1b-dac1-4638-9233-d10280a9cd45,284950,64115,2025,third_quarter,2025-10-17T15:34:25-04:00,unclear,0.4,agreed,new2025_incumbent,1
670002,1891c385-1693-4e15-97a6-9ce60b5dff42,401104288,69018,2025,third_quarter,2025-10-17T15:36:51-04:00,unclear,0.5,agreed,established,1
670176,f748aed1-0ba2-4357-9832-ad65ec4db010,82330,171675,2025,third_quarter,2025-10-17T15:51:02-04:00,unclear,0.95,agreed,new2025_genuine,1
670239,a818e4ea-e423-4423-a0d0-6001f0aa7836,81511,171312,2025,third_quarter,2025-10-17T15:56:41-04:00,unclear,0.35,agreed,established,1
670268,3e7f5cf1-51bb-41e1-acc5-cf9323b61957,40011085,187707,2025,third_quarter,2025-10-17T16:00:19-04:00,unclear,0.95,agreed,new2025_genuine,1
670432,1ecdbf80-53e1-4e77-a075-3ee27ace0df2,283696,64187,2025,third_quarter,2025-10-17T16:23:45-04:00,unclear,0.4,agreed,established,1
670499,cf4248a3-88ed-47a5-bd9e-d323d95cd939,17226,122806,2025,third_quarter,2025-10-17T16:34:43-04:00,relief,0.95,agreed,new2025_incumbent,1
670655,e1d95a88-bdb1-4a4d-b8a2-95a8ca32b66e,37403,146244,2025,third_quarter,2025-10-17T16:59:20-04:00,unclear,0.5,agreed,new2025_incumbent,0
670678,23d03cda-383b-4559-92a1-7bb86ef9e156,401105303,203521,2025,third_quarter,2025-10-17T17:05:18-04:00,unclear,0.95,agreed,established,1
670699,5a4ae77f-fa7d-4df4-8632-1bf691be5ebb,401106319,69334,2025,third_quarter,2025-10-17T17:11:38-04:00,unclear,0.5,agreed,new2025_incumbent,0
670781,a55b5ae1-04f9-4f13-a4ca-289982416cda,401104288,63568,2025,third_quarter,2025-10-17T17:31:11-04:00,unclear,0.55,agreed,established,1
670877,352befc6-6c37-43d3-bb21-6659115cf6f1,7257,68676,2025,third_quarter,2025-10-17T17:49:30-04:00,unclear,0.95,agreed,established,1
670944,e11ae078-9f1b-462b-8c6d-9656106b4ff6,305852,181712,2025,third_quarter,2025-10-17T18:07:53-04:00,unclear,0.5,agreed,new2025_genuine,1
670998,53328bee-59fc-45d1-8600-d566b140e84d,58055,160433,2025,third_quarter,2025-10-17T18:44:38-04:00,unclear,0.95,agreed,established,1
671147,75054e36-9b4d-44c9-9809-dff13cee3650,7257,65567,2025,third_quarter,2025-10-17T20:00:37-04:00,unclear,0.5,agreed,established,1
671207,04233d29-20e5-425f-900a-9c6b8103cb3e,401104288,205374,2025,third_quarter,2025-10-17T21:10:05-04:00,mixed,0.6,opus,established,1
671497,54fb64ee-b400-40fb-99fb-9c08f723e403,401104876,202865,2025,third_quarter,2025-10-18T10:28:03-04:00,unclear,0.4,agreed,new2025_incumbent,1
671928,63974d51-93b4-44a9-a78d-307503208d35,400976792,56192,2025,third_quarter,2025-10-18T14:10:40-04:00,unclear,0.95,agreed,new2025_incumbent,1
671933,506bca6e-f2b7-49e3-bef7-d71713e07a97,400976792,57164,2025,third_quarter,2025-10-18T14:13:32-04:00,unclear,0.95,agreed,new2025_incumbent,1
671937,555ea374-2c20-41d8-b9a0-dd9a63281e97,400976792,196566,2025,third_quarter,2025-10-18T14:15:46-04:00,unclear,0.95,agreed,new2025_incumbent,1
671940,e10192d9-4398-4aa0-9ccb-30d23e076b77,400976792,53532,2025,third_quarter,2025-10-18T14:18:13-04:00,relief,0.55,opus,new2025_incumbent,1
671950,13b4c53d-f912-41d3-bf88-f628c8c47f97,400976792,63788,2025,third_quarter,2025-10-18T14:23:52-04:00,unclear,0.95,agreed,new2025_incumbent,1
672010,7c1ba359-7de1-4920-bcb3-7388f608aeb6,400290378,188958,2025,third_quarter,2025-10-18T15:42:18-04:00,unclear,0.5,agreed,new2025_genuine,1
672235,b742aacb-5549-4fd9-9fb8-3efe04f06efc,46940,154402,2025,third_quarter,2025-10-18T18:09:03-04:00,unclear,0.5,agreed,new2025_genuine,1
672279,85f8166f-93f5-44bc-bd5b-6566b51fc459,401104288,67110,2025,third_quarter,2025-10-18T19:18:55-04:00,unclear,0.4,agreed,established,1
672716,95d1b6fd-f5ba-456d-85b9-e75ea3192287,401104288,63189,2025,third_quarter,2025-10-19T09:39:44-04:00,unclear,0.55,agreed,established,1
672718,c51abfd3-2fe0-4ef0-af7a-328f9e96c4d9,401104288,68666,2025,third_quarter,2025-10-19T09:44:07-04:00,unclear,0.6,agreed,established,1
673343,91047aee-1680-4b02-b717-dd2bcc186bcc,401105498,203770,2025,third_quarter,2025-10-19T15:20:21-04:00,unclear,0.4,agreed,new2025_genuine,1
673815,9c9adfcb-68a3-4e9d-8710-b96ce1a71e57,38687,146957,2025,third_quarter,2025-10-19T16:33:26-04:00,unclear,0.4,agreed,established,1
673840,a20ac12e-f0c0-41bf-8f7b-cf4fe7a43f16,400320502,189244,2025,third_quarter,2025-10-19T16:37:49-04:00,monitoring,0.9,agreed,new2025_genuine,1
673893,438cea45-e187-4f7b-a21f-326412d67ff8,10935,114903,2025,third_quarter,2025-10-19T16:50:04-04:00,unclear,0.4,agreed,established,1
674250,18b5f328-73bd-40fe-ad86-19eed0e9300e,32098,140427,2025,third_quarter,2025-10-19T19:54:23-04:00,unclear,0.55,agreed,new2025_incumbent,1
674544,7c39bf7f-ade5-4eba-84db-037f8f0abbfd,27332,134279,2025,third_quarter,2025-10-19T22:00:45-04:00,unclear,0.4,agreed,new2025_genuine,1
675001,142fc81f-6f6f-4d45-9ef9-921e6712e819,5211,106016,2025,third_quarter,2025-10-20T07:07:39-04:00,relief,0.9,agreed,established,1
675244,5f0356e6-8f90-4001-ba73-6206ea70acf5,401108962,67536,2025,third_quarter,2025-10-20T08:43:43-04:00,unclear,0.5,agreed,new2025_genuine,1
675301,1e9788fa-b46c-44c2-ac73-3a8936c1f924,39837,147922,2025,third_quarter,2025-10-20T08:53:32-04:00,unclear,0.6,agreed,established,1
675625,34e8a836-9c05-4bba-a833-555b7a2ba046,303575,68453,2025,third_quarter,2025-10-20T09:23:40-04:00,unclear,0.5,agreed,new2025_incumbent,1
675705,5fefbe15-1e21-4453-81f4-89c85bc42b0f,400458235,191188,2025,third_quarter,2025-10-20T09:28:54-04:00,unclear,0.95,agreed,new2025_genuine,1
676020,d0aa4790-48bf-4500-8086-8f0b6d9fb6d9,401109135,63639,2025,third_quarter,2025-10-20T09:42:42-04:00,unclear,0.4,agreed,new2025_genuine,1
676088,04f07df9-bc62-46a4-adc9-6406ea777d16,401109039,66519,2025,third_quarter,2025-10-20T09:45:31-04:00,unclear,0.5,agreed,new2025_genuine,1
676399,65ec7947-64b2-45af-b5ef-bef3eb78ad13,401108704,66457,2025,third_quarter,2025-10-20T09:58:32-04:00,unclear,0.4,agreed,new2025_incumbent,1
676437,e7fa6b85-f2eb-4ccf-a616-6cca42b219ad,308992,183204,2025,third_quarter,2025-10-20T10:00:19-04:00,unclear,0.45,agreed,new2025_incumbent,1
676442,53c86ff4-ad36-43ea-9049-41302241ad68,1422,102619,2025,third_quarter,2025-10-20T10:00:28-04:00,unclear,0.9,agreed,new2025_genuine,1
676984,9fae9448-fbb8-48c5-8b0e-8dff9f6bd7a2,5506,107350,2025,third_quarter,2025-10-20T10:16:49-04:00,relief,0.9,agreed,established,1
677138,af3744d1-19d9-4580-83f1-a0ce6c59c140,401108704,67537,2025,third_quarter,2025-10-20T10:21:14-04:00,unclear,0.4,agreed,new2025_incumbent,1
677250,2c404827-fd07-434d-bdfe-4c98ed69649a,14187,119522,2025,third_quarter,2025-10-20T10:25:11-04:00,unclear,0.4,opus,new2025_incumbent,1
677304,20e5d2d6-9f2f-4f12-88bb-5807b3697817,40021,149481,2025,third_quarter,2025-10-20T10:26:49-04:00,monitoring,0.55,opus,established,1
677379,efbf25e8-4f08-4919-b93f-bdf3efaacf52,401106818,69152,2025,third_quarter,2025-10-20T10:28:19-04:00,protection,0.9,opus,new2025_genuine,0
677384,77d34efa-8814-47f2-9c81-1df4825ddfe7,31827,139084,2025,third_quarter,2025-10-20T10:28:19-04:00,monitoring,0.9,agreed,new2025_genuine,1
677394,e3ca9169-0eaf-4fde-9cd2-cbb0b2cf7b6c,401108704,60974,2025,third_quarter,2025-10-20T10:28:30-04:00,unclear,0.95,agreed,new2025_incumbent,1
677402,814f8203-8a1d-44b7-938b-e94c8a34a00e,296271,65523,2025,third_quarter,2025-10-20T10:28:47-04:00,unclear,0.7,agreed,new2025_incumbent,1
677644,3572e5d5-5794-4426-b25a-65f6290c6004,283696,211867,2025,third_quarter,2025-10-20T10:40:22-04:00,unclear,0.5,agreed,established,1
677740,8f120ce8-d76f-47b9-b7b1-d65ab906b1f7,284050,64910,2025,third_quarter,2025-10-20T10:44:29-04:00,unclear,0.95,agreed,new2025_incumbent,1
677966,e4829cd5-cb7a-4de1-9382-0b1754f461be,401109167,63846,2025,third_quarter,2025-10-20T10:51:15-04:00,mixed,0.9,opus,new2025_genuine,0
678327,5fb2ed74-bb82-4ba2-a5c1-edd11b513bf4,5357,106269,2025,third_quarter,2025-10-20T11:03:06-04:00,unclear,0.5,agreed,new2025_incumbent,1
678469,dff82175-71d1-43e9-87a4-1b4ac369f2af,401107297,54482,2025,third_quarter,2025-10-20T11:07:21-04:00,unclear,0.55,agreed,established,1
678539,3fa4037c-f3bd-43d5-8eb6-26b2d4ce2b25,26912,134239,2025,third_quarter,2025-10-20T11:08:55-04:00,unclear,0.8,agreed,established,1
678579,d8779261-13f3-45e7-bad0-36c6f0b850df,682,210944,2025,third_quarter,2025-10-20T11:10:17-04:00,unclear,0.95,agreed,new2025_incumbent,1
678638,adabc09f-14ad-4229-922c-48d229e51ba6,284050,66250,2025,third_quarter,2025-10-20T11:12:22-04:00,unclear,0.55,agreed,new2025_incumbent,1
678802,3592cb09-226b-4764-a099-2dab164b65a2,20697,126907,2025,third_quarter,2025-10-20T11:17:48-04:00,relief,0.9,agreed,new2025_incumbent,1
678899,4b99609a-5730-4c3e-99b1-56714efcefe7,35707,144325,2025,third_quarter,2025-10-20T11:21:35-04:00,unclear,0.4,agreed,new2025_incumbent,1
679150,1d7d2f39-711c-4d5e-9d4d-d314ef334d15,1171,63620,2025,third_quarter,2025-10-20T11:28:33-04:00,unclear,0.95,agreed,established,1
679204,ab62e3a4-67fc-421e-b4aa-aeb9a19c2173,67854,63864,2025,third_quarter,2025-10-20T11:29:45-04:00,unclear,0.55,agreed,established,1
679208,d4ce403c-f051-4c13-b0b8-fc0a0a5b0416,401107390,67036,2025,third_quarter,2025-10-20T11:29:52-04:00,monitoring,0.55,opus,new2025_genuine,1
679245,2e8a8df9-2a78-4fca-b385-e90b98db68d0,5357,68070,2025,third_quarter,2025-10-20T11:30:34-04:00,unclear,0.5,agreed,new2025_incumbent,1
679363,787a57c6-6997-4d2e-bece-5158024893cd,401105514,68586,2025,third_quarter,2025-10-20T11:34:09-04:00,unclear,0.95,agreed,new2025_incumbent,1
679538,8fe06ac9-e5ab-4f9c-b8bf-6486ccdf6760,401106818,69152,2025,third_quarter,2025-10-20T11:38:25-04:00,protection,0.9,opus,new2025_genuine,1
679980,e9c6eb3f-9728-433c-866f-6fdd234130e9,401104313,205407,2025,third_quarter,2025-10-20T11:50:33-04:00,unclear,0.95,agreed,established,1
680070,ad95242a-a722-4942-9593-c0dee15319e0,401025893,69104,2025,third_quarter,2025-10-20T11:53:43-04:00,unclear,0.95,agreed,new2025_genuine,1
680403,0517d85f-b3d3-473c-b62f-e5a33baf5588,401107356,68718,2025,third_quarter,2025-10-20T12:03:02-04:00,unclear,0.95,agreed,new2025_genuine,1
680471,fc35426b-0677-4da8-963c-9164884889fb,401105511,203773,2025,third_quarter,2025-10-20T12:04:42-04:00,unclear,0.9,agreed,new2025_genuine,1
680509,f239dcd1-df06-46da-a134-e33fbcb2c3ff,400646949,69313,2025,third_quarter,2025-10-20T12:06:05-04:00,unclear,0.4,agreed,new2025_genuine,1
680845,c654b240-81df-47e3-9e23-4478caf6f488,401108081,64635,2025,third_quarter,2025-10-20T12:16:55-04:00,unclear,0.55,agreed,new2025_genuine,1
680869,32bf88e0-dd3b-4a3f-9248-b956443f86f4,5357,65657,2025,third_quarter,2025-10-20T12:17:56-04:00,unclear,0.5,agreed,new2025_incumbent,1
680899,924e63f8-5e09-487e-871e-c06859876fac,28606,134545,2025,third_quarter,2025-10-20T12:19:42-04:00,unclear,0.55,agreed,new2025_genuine,1
680925,73992e52-98c4-45ed-97b1-0f15490f2d87,401104313,63973,2025,third_quarter,2025-10-20T12:20:10-04:00,unclear,0.95,agreed,established,1
681290,bcb73eea-35a8-4a92-a09f-9ca3a8f686ba,401109039,66529,2025,third_quarter,2025-10-20T12:33:10-04:00,unclear,0.85,agreed,new2025_genuine,1
681303,2c78ba7e-506a-40d6-93fb-4bd530b6af0e,314192,184769,2025,third_quarter,2025-10-20T12:33:28-04:00,unclear,0.9,agreed,new2025_incumbent,0
681501,82cafb40-65ae-4555-ba33-b2e6807827d3,401106285,66455,2025,third_quarter,2025-10-20T12:40:27-04:00,unclear,0.5,agreed,established,1
681945,8b99be8f-3ddb-4e52-80fd-9655e670d295,3003,103617,2025,third_quarter,2025-10-20T12:55:16-04:00,relief,0.95,agreed,new2025_genuine,1
681954,981ee968-8b73-42f2-ba97-fcfd64d1cff1,32021,139582,2025,third_quarter,2025-10-20T12:55:49-04:00,monitoring,0.9,agreed,new2025_incumbent,1
682074,7d38f521-5d0e-423a-b086-7bd744f855a5,13370,118930,2025,third_quarter,2025-10-20T12:59:24-04:00,unclear,0.55,agreed,established,1
682220,a01e175b-d09d-4e3d-b042-c7eff4fbd73a,5357,65642,2025,third_quarter,2025-10-20T13:06:39-04:00,unclear,0.5,agreed,new2025_incumbent,1
682334,c38d12ad-94a7-4921-a525-88c86eaee718,401105346,203568,2025,third_quarter,2025-10-20T13:10:51-04:00,relief,0.95,agreed,new2025_genuine,1
682432,bceb777b-5f02-4fc0-8fa1-fd5e71b92fef,401109282,66780,2025,third_quarter,2025-10-20T13:14:32-04:00,unclear,0.4,opus,new2025_genuine,1
682652,27c882de-b4ec-47c1-b4b3-643ebebee800,157,67584,2025,third_quarter,2025-10-20T13:23:33-04:00,unclear,0.5,agreed,new2025_incumbent,1
682704,76303c3d-b7ad-40d2-98fe-a4da87541076,291594,177806,2025,third_quarter,2025-10-20T13:25:12-04:00,unclear,0.5,agreed,established,1
682800,bef9bb19-1d21-421a-95db-fa7183f75e52,40011087,187711,2025,third_quarter,2025-10-20T13:26:32-04:00,relief,0.9,agreed,established,1
682818,586c8e9f-1f28-487d-adab-2b33e57c7d45,401109039,67025,2025,third_quarter,2025-10-20T13:27:06-04:00,unclear,0.5,agreed,new2025_genuine,1
683160,291f70c1-827d-4508-a6be-a5422e4c76dc,401103568,65815,2025,third_quarter,2025-10-20T13:38:01-04:00,unclear,0.4,agreed,new2025_genuine,1
683200,f33d642e-3eeb-45af-ac19-5939fbe77c15,401109039,67024,2025,third_quarter,2025-10-20T13:40:30-04:00,unclear,0.55,agreed,new2025_genuine,1
683287,ebe7803c-974e-4401-984c-b1fd930610fa,4766,104899,2025,third_quarter,2025-10-20T13:44:21-04:00,protection,0.7,opus,established,1
683494,43111893-2d65-49e0-8cde-49818d7cfcd1,39267,147139,2025,third_quarter,2025-10-20T13:50:33-04:00,unclear,0.95,agreed,new2025_incumbent,1
683771,b9f75a73-72fd-476b-97ab-816e3faa5e5b,401106285,68573,2025,third_quarter,2025-10-20T13:58:27-04:00,unclear,0.9,agreed,established,1
683880,9a3495f6-7ca0-4f90-981d-702b643e0707,5357,65067,2025,third_quarter,2025-10-20T14:01:43-04:00,unclear,0.5,agreed,new2025_incumbent,1
684005,d8e0f9d4-97bd-4bcc-be31-d7c9857abd67,284790,175443,2025,third_quarter,2025-10-20T14:05:47-04:00,unclear,0.95,agreed,new2025_genuine,1
684488,eab5e79a-1b5c-4758-805a-18560abe0127,87654,173616,2025,third_quarter,2025-10-20T14:23:23-04:00,unclear,0.5,agreed,new2025_genuine,1
684740,523dcbff-4906-4a9d-8651-01346aac66db,401103521,199280,2025,third_quarter,2025-10-20T14:31:56-04:00,unclear,0.95,agreed,established,1
684812,e6edb830-645a-41e7-9198-0e68cf2b6dba,401104313,201391,2025,third_quarter,2025-10-20T14:34:59-04:00,unclear,0.4,agreed,established,1
684869,07972ede-7814-43f9-aa03-a94f9d690bfe,72873,166355,2025,third_quarter,2025-10-20T14:37:06-04:00,unclear,0.5,opus,established,1
684939,3f908f81-c9c7-4a89-a4de-7e6f8f87d5f4,283696,61938,2025,third_quarter,2025-10-20T14:39:23-04:00,unclear,0.95,agreed,established,1
684953,505b08c2-399b-43b0-9cbc-61b06fbfbb4b,401110011,69401,2025,third_quarter,2025-10-20T14:39:45-04:00,unclear,0.6,agreed,new2025_genuine,0
685105,1b00912e-232f-4fb1-a62f-f1f5e0e52e28,284950,44560,2025,third_quarter,2025-10-20T14:42:33-04:00,monitoring,0.95,agreed,new2025_incumbent,1
685249,b9d3e2cc-6dbd-426c-92fe-668bf1528734,25603,206900,2025,third_quarter,2025-10-20T14:45:53-04:00,unclear,0.95,agreed,established,1
685503,1b2d82c5-2feb-409d-a9bb-950ec354c12e,400695073,194329,2025,third_quarter,2025-10-20T14:51:56-04:00,unclear,0.5,agreed,established,1
685529,8f0fad72-6aee-4cc8-bc61-28ec28240446,401104172,200901,2025,third_quarter,2025-10-20T14:52:18-04:00,unclear,0.5,agreed,established,1
686007,f4458a05-670c-483d-a903-7945adc507f1,401105966,208991,2025,third_quarter,2025-10-20T15:06:32-04:00,unclear,0.95,agreed,new2025_incumbent,1
686127,051c867a-e26f-4742-b240-156342b0927f,401110011,69401,2025,third_quarter,2025-10-20T15:10:24-04:00,monitoring,0.9,agreed,new2025_genuine,1
686129,3fbcf719-a1c6-484a-9d76-df3c25a558e2,401103092,69412,2025,third_quarter,2025-10-20T15:10:27-04:00,unclear,0.5,agreed,new2025_incumbent,1
686240,25a936dd-1f93-4e7d-bc10-0cdbea36e66d,37403,146244,2025,third_quarter,2025-10-20T15:13:46-04:00,unclear,0.5,agreed,new2025_incumbent,1
686456,32979e05-206b-43a7-9ec6-db27dfbbda57,556,100441,2025,third_quarter,2025-10-20T15:19:32-04:00,unclear,0.95,agreed,established,1
686505,9c9503e8-e969-42fd-a465-f483aab89970,292094,177961,2025,third_quarter,2025-10-20T15:20:27-04:00,unclear,0.5,agreed,new2025_genuine,1
686788,537b1a53-9257-4a7d-84e5-faa2ed279589,401105259,203474,2025,third_quarter,2025-10-20T15:29:28-04:00,relief,0.6,opus,established,1
686794,e9294a7f-853f-497f-bdae-d8d60f9c4757,401104313,201390,2025,third_quarter,2025-10-20T15:29:35-04:00,unclear,0.95,agreed,established,1
686933,c1bf8c2a-12e2-46ed-a283-b2546bc681fb,13005,118723,2025,third_quarter,2025-10-20T15:34:51-04:00,unclear,0.5,agreed,established,1
686957,fb3249d8-10d7-4537-a03e-7e025300285f,401106670,61494,2025,third_quarter,2025-10-20T15:35:30-04:00,unclear,0.95,agreed,new2025_genuine,1
686970,c0647eff-56a5-4e0e-849a-c05bd688fb8e,5632,107401,2025,third_quarter,2025-10-20T15:36:13-04:00,monitoring,0.85,agreed,established,0
687096,3a417aa4-ef70-417f-8746-8167d5778d67,6325,108731,2025,third_quarter,2025-10-20T15:38:33-04:00,relief,0.85,agreed,established,1
687332,e53abc3d-c743-48e0-b340-a09b06fcac95,401106670,64541,2025,third_quarter,2025-10-20T15:43:37-04:00,unclear,0.7,agreed,new2025_genuine,1
687434,78ab13fd-253c-4456-9f5b-970036c1fd6a,401106670,64547,2025,third_quarter,2025-10-20T15:46:58-04:00,unclear,0.95,agreed,new2025_genuine,1
687584,0804ddfa-11e7-45c0-879e-ddff964d7f13,401106670,64543,2025,third_quarter,2025-10-20T15:51:17-04:00,unclear,0.95,agreed,new2025_genuine,1
687627,118a044d-6198-4b33-a7f6-c3602c1150d2,401106670,64539,2025,third_quarter,2025-10-20T15:52:30-04:00,unclear,0.95,agreed,new2025_genuine,1
687759,f0298661-f774-45e3-9ae2-9e97dffdadaf,7257,57290,2025,third_quarter,2025-10-20T15:55:43-04:00,unclear,0.9,agreed,established,1
687882,4a9b1870-8e37-4c76-b96d-f90ddf6e37e4,401105655,68404,2025,third_quarter,2025-10-20T15:59:36-04:00,unclear,0.4,agreed,new2025_genuine,1
687929,757f16f9-c4c3-499e-9ef8-a361d5ff9cff,400320506,189250,2025,third_quarter,2025-10-20T16:01:02-04:00,unclear,0.4,agreed,established,1
688120,8f832e71-cf12-48c3-8c2c-c8ac7d23dec1,401104313,69033,2025,third_quarter,2025-10-20T16:07:04-04:00,unclear,0.95,agreed,established,1
688208,5bd5b689-90a0-4a61-b154-f2d495c0bbf8,3867,103709,2025,third_quarter,2025-10-20T16:10:24-04:00,unclear,0.95,agreed,new2025_genuine,1
688258,ba9dc268-bf56-4fa1-a204-325c63bd0106,3867,103709,2025,second_quarter,2025-10-20T16:12:07-04:00,unclear,0.95,agreed,new2025_genuine,1
688391,abab711d-b344-4e45-8613-82d755713d55,31417,138240,2025,third_quarter,2025-10-20T16:15:26-04:00,unclear,0.4,agreed,established,1
688408,3d290c0a-c0df-46df-809e-623d90cb3e8d,40004026,187479,2025,third_quarter,2025-10-20T16:15:41-04:00,unclear,0.5,agreed,new2025_incumbent,1
688421,b06b8e45-33e0-4345-9a2b-712a6e37c731,401103276,198380,2025,third_quarter,2025-10-20T16:16:11-04:00,unclear,0.45,opus,new2025_genuine,1
688692,6a133c75-631b-42aa-ad2e-07eff88fcf6d,6597,108802,2025,third_quarter,2025-10-20T16:22:22-04:00,unclear,0.5,agreed,new2025_incumbent,1
688697,c3cadc55-9ae4-43b7-88cf-bd058b6ccc9d,290571,177646,2025,third_quarter,2025-10-20T16:22:28-04:00,relief,0.95,agreed,established,1
688734,0fbb8bbb-ebe3-412b-888c-1ced32b3a8c1,400794388,195349,2025,third_quarter,2025-10-20T16:23:12-04:00,unclear,0.95,agreed,established,1
688875,fe581c38-3942-4144-8787-d2fb4ce985aa,76992,204675,2025,third_quarter,2025-10-20T16:26:37-04:00,unclear,0.95,agreed,new2025_incumbent,1
688997,b8b762c1-111f-4a9c-a9fe-98eaaf63a5d4,66,100021,2025,third_quarter,2025-10-20T16:30:22-04:00,unclear,0.5,agreed,new2025_incumbent,1
689081,aaecae5b-03f2-4eeb-80e1-c1188e17a044,400576731,192991,2025,third_quarter,2025-10-20T16:31:34-04:00,unclear,0.9,agreed,new2025_genuine,1
689215,00866305-ac7f-44f2-b16b-c0b56cc2e7b7,401103295,205220,2025,third_quarter,2025-10-20T16:34:03-04:00,unclear,0.4,agreed,new2025_incumbent,1
689240,da74316e-f4c3-4dd8-b80c-9011d3a5efc9,401103295,198477,2025,third_quarter,2025-10-20T16:35:11-04:00,unclear,0.4,agreed,new2025_incumbent,1
689345,28a32f5f-b80c-4b48-ada8-de699ef8daa4,6303,108421,2025,third_quarter,2025-10-20T16:37:23-04:00,unclear,0.5,agreed,established,1
689529,e0a74e02-f6d2-4da2-a887-60cc030ab36e,35068,143439,2025,third_quarter,2025-10-20T16:42:26-04:00,relief,0.95,agreed,new2025_incumbent,1
690245,748e1e36-1b2d-4106-8c87-a9e661f183f7,401109238,65298,2025,third_quarter,2025-10-20T16:59:38-04:00,monitoring,0.9,agreed,new2025_genuine,1
690431,11a6a692-675b-4a5d-ab2c-4af0f101c24f,401105551,67671,2025,third_quarter,2025-10-20T17:03:55-04:00,unclear,0.95,agreed,new2025_genuine,1
690499,02a32640-cc22-42d8-9df4-c6e66f9ddb54,79290,170549,2025,third_quarter,2025-10-20T17:07:11-04:00,unclear,0.5,agreed,new2025_genuine,1
690515,2f7b9c62-d330-4e80-8177-002cf848865d,72111,64018,2025,third_quarter,2025-10-20T17:08:07-04:00,unclear,0.4,opus,new2025_incumbent,1
691459,1ce75ffa-1708-4de4-9ecb-757cc827fabf,401105972,209111,2025,third_quarter,2025-10-20T17:39:02-04:00,unclear,0.95,agreed,new2025_genuine,1
691523,544184d4-e201-4527-b7ce-ee01cd2d9c9f,7257,110079,2025,third_quarter,2025-10-20T17:41:09-04:00,unclear,0.4,agreed,established,1
691554,55eb0851-f2bc-410d-a61c-5393a196fec9,401103237,198275,2025,third_quarter,2025-10-20T17:42:23-04:00,unclear,0.55,agreed,established,1
691817,596edec6-5dd4-476a-9f91-80ff6c294e8b,35263,143852,2025,third_quarter,2025-10-20T17:50:54-04:00,unclear,0.4,agreed,established,1
692122,d7bf3860-efdb-445f-89a1-0a3865aa4a5e,6837,109370,2025,third_quarter,2025-10-20T18:03:59-04:00,unclear,0.5,agreed,new2025_incumbent,1
692214,1434ca80-2b20-4604-ba84-3d2bb6757c99,401108897,61402,2025,third_quarter,2025-10-20T18:09:19-04:00,unclear,0.95,agreed,new2025_genuine,1
692221,d1049395-1952-4aad-b547-1f3d43f68202,401103900,200358,2025,second_quarter,2025-10-20T18:09:45-04:00,unclear,0.95,agreed,new2025_incumbent,1
692250,49982e0c-43f8-4595-9789-3f0e1fae34e1,401103900,200358,2025,third_quarter,2025-10-20T18:10:52-04:00,unclear,0.95,agreed,new2025_incumbent,1
692336,4a1e5d1b-cd3f-4b3f-a4aa-97bc8e2a65b2,5632,107401,2025,third_quarter,2025-10-20T18:13:58-04:00,monitoring,0.85,agreed,established,1
692589,07ac545c-0023-45b6-ba9e-c8f7d6ccc394,401049958,197314,2025,third_quarter,2025-10-20T18:24:32-04:00,unclear,0.95,agreed,new2025_genuine,1
692770,f8c44371-21ec-479a-9c43-b209d215d2e8,401106319,69334,2025,third_quarter,2025-10-20T18:30:17-04:00,unclear,0.9,agreed,new2025_incumbent,1
692856,98907466-e85b-4809-a75b-ea5fc24e74b4,401106670,68623,2025,third_quarter,2025-10-20T18:32:27-04:00,unclear,0.7,agreed,new2025_genuine,1
692944,1e36abe8-a0a0-4e11-96b5-fefb9a725f15,48678,155448,2025,third_quarter,2025-10-20T18:35:01-04:00,unclear,0.95,agreed,established,1
693198,39e1fbd5-fb6f-4b89-8acb-bea19bfa0c0f,401103565,208110,2025,third_quarter,2025-10-20T18:45:45-04:00,unclear,0.95,agreed,established,1
693292,a5a43e93-3bde-4427-8000-134d6d60526c,401046942,197256,2025,third_quarter,2025-10-20T18:49:35-04:00,unclear,0.95,agreed,established,1
693323,1a7b0fff-ad89-4a8d-9377-c187cbc26e80,20744,207651,2025,third_quarter,2025-10-20T18:51:09-04:00,unclear,0.95,agreed,new2025_incumbent,1
693412,0963f2e0-d25d-438d-b522-0b24458dd7f7,401103897,200355,2025,third_quarter,2025-10-20T18:54:24-04:00,relief,0.88,agreed,established,1
693477,a6c230f6-4f45-4434-8190-d1b9b5293195,401105417,203687,2025,third_quarter,2025-10-20T18:57:13-04:00,unclear,0.4,opus,established,1
693492,8d8d68b7-4b4e-4531-bae2-e67a87760fa2,401105417,59644,2025,third_quarter,2025-10-20T18:58:00-04:00,unclear,0.8,agreed,established,1
693602,c0fb2702-260f-492b-985c-e5ad68ce6a6b,401107157,53729,2025,third_quarter,2025-10-20T19:02:48-04:00,unclear,0.95,agreed,established,1
693622,267af67f-579a-4aaf-b7ad-b83b5ff66e07,401105417,213730,2025,third_quarter,2025-10-20T19:04:47-04:00,unclear,0.95,agreed,established,1
693722,aebe6c9a-5486-421e-8334-41f906fc49d2,401105417,203681,2025,third_quarter,2025-10-20T19:09:58-04:00,unclear,0.95,agreed,established,1
693737,3bc7d8ca-3d69-4174-86a6-f84e7426b678,401105417,65566,2025,third_quarter,2025-10-20T19:10:37-04:00,unclear,0.95,agreed,established,1
693881,ad768e9c-75b8-4b1e-923c-d5f0a9da8db3,7758,110904,2025,third_quarter,2025-10-20T19:18:05-04:00,relief,0.95,agreed,new2025_incumbent,1
693942,ea88dc42-8e0f-4a10-9410-dba15f66a74f,401105417,55335,2025,third_quarter,2025-10-20T19:25:22-04:00,unclear,0.95,agreed,established,1
693979,1df933c8-f47d-4750-8860-7041f8d5ca3a,401105417,203674,2025,third_quarter,2025-10-20T19:27:52-04:00,unclear,0.95,agreed,established,1
694017,60518782-d1e7-4ef8-b516-f5ff8de3db40,56771,159922,2025,third_quarter,2025-10-20T19:29:20-04:00,monitoring,0.6,opus,established,1
694045,46656cd7-4d83-4c17-af8f-1039da857d3e,401105597,65582,2025,third_quarter,2025-10-20T19:30:35-04:00,unclear,0.75,agreed,new2025_incumbent,1
694201,708d66d8-5b97-42b6-a850-01e595e9afe6,30518,135943,2025,third_quarter,2025-10-20T19:39:08-04:00,unclear,0.95,agreed,new2025_incumbent,1
694275,3b0e081b-e4f3-4727-a2d2-bab89f32512a,33647,141959,2025,third_quarter,2025-10-20T19:43:14-04:00,unclear,0.8,agreed,new2025_incumbent,1
694404,71c56a2b-027b-48af-86f0-a06294ae34e1,401103942,200450,2025,third_quarter,2025-10-20T19:53:15-04:00,relief,0.9,agreed,new2025_genuine,1
694530,ed0041ba-b1ea-4485-ac24-3d57e4bfc484,24373,132005,2025,third_quarter,2025-10-20T20:01:19-04:00,unclear,0.4,agreed,new2025_genuine,1
694534,26f1e441-4ebd-4688-b8d4-d78d96c6261b,40013096,187767,2025,third_quarter,2025-10-20T20:01:30-04:00,unclear,0.95,agreed,new2025_incumbent,1
694549,1e8a06cb-ef54-448a-bc19-b234e5a4c078,401103295,64817,2025,third_quarter,2025-10-20T20:02:34-04:00,unclear,0.4,agreed,new2025_incumbent,0
694724,338a6f4b-39dd-446f-8411-ab34ff2e9d6b,401105417,66694,2025,third_quarter,2025-10-20T20:13:21-04:00,unclear,0.85,agreed,established,1
694862,d9b94ba0-daca-44b5-9f1e-9aa9af4fca77,401108944,67173,2025,third_quarter,2025-10-20T20:22:20-04:00,unclear,0.4,opus,new2025_incumbent,1
694892,a5675831-e951-41e4-8159-a88784e6ce86,19981,126455,2025,third_quarter,2025-10-20T20:24:29-04:00,unclear,0.6,agreed,new2025_genuine,1
694926,61505e22-53fe-4587-8849-86c5a49fa8d1,1171,66515,2025,third_quarter,2025-10-20T20:26:16-04:00,unclear,0.5,agreed,established,1
694947,87f8f969-2c77-4549-b9da-a00358fba33d,40013096,65821,2025,third_quarter,2025-10-20T20:27:21-04:00,unclear,0.95,agreed,new2025_incumbent,1
695088,9f250a2d-7edb-4035-b3f4-adcd64fdc728,401105417,205637,2025,third_quarter,2025-10-20T20:36:40-04:00,unclear,0.8,agreed,established,1
695107,caca5545-b2ef-46cc-a2d6-b28601d1d86a,401105814,207492,2025,third_quarter,2025-10-20T20:37:27-04:00,unclear,0.95,agreed,established,1
695241,9ac1f4ad-d621-4bd4-af42-1a7e71845436,18466,68900,2025,third_quarter,2025-10-20T20:46:52-04:00,unclear,0.4,agreed,new2025_incumbent,1
695252,036c69ac-f429-4679-b42c-3b066ebc620c,401105417,203654,2025,third_quarter,2025-10-20T20:47:15-04:00,unclear,0.9,agreed,established,1
695558,305b4d6b-f9cf-456e-9d13-1985e21a20df,76992,68558,2025,third_quarter,2025-10-20T21:11:22-04:00,unclear,0.4,agreed,new2025_incumbent,1
695567,e90538d7-cf82-4f3e-8389-8d8282d8ffad,400838477,195599,2025,third_quarter,2025-10-20T21:11:49-04:00,unclear,0.5,agreed,new2025_incumbent,1
695851,05722b08-8953-48ad-93fc-566f0447b22c,401108896,61399,2025,third_quarter,2025-10-20T21:35:23-04:00,unclear,0.95,agreed,new2025_genuine,1
695859,468abbbd-2e4f-4236-b52b-f7ad61dc25ee,401104683,210344,2025,third_quarter,2025-10-20T21:36:07-04:00,relief,0.95,agreed,new2025_incumbent,1
696460,224e987c-a191-46a5-b749-e394d9071998,400670004,193977,2025,third_quarter,2025-10-20T22:43:04-04:00,unclear,0.95,agreed,new2025_incumbent,0
696506,dbeb95e6-6680-4a0a-836a-e7f51b30f55d,401108149,58740,2025,third_quarter,2025-10-20T22:50:55-04:00,relief,0.8,opus,established,1
696582,75681793-c422-450f-9a2a-1b0543f11ade,27833,134460,2025,third_quarter,2025-10-20T23:01:37-04:00,relief,0.7,opus,established,1
697137,1c30684c-c731-4402-9cac-1546d40bbbda,7805,110917,2025,third_quarter,2025-10-21T10:46:06-04:00,monitoring,0.95,agreed,established,1
697467,08606524-df58-4f6d-b896-faac0cfd4b5d,401106132,211336,2025,third_quarter,2025-10-21T14:45:20-04:00,unclear,0.5,agreed,established,1
697483,f1698590-30dc-4770-89f1-745256c29d19,401106132,68466,2025,third_quarter,2025-10-21T14:53:09-04:00,unclear,0.5,agreed,established,1
697586,5e4c26f1-6673-416a-981f-8ea986c40c6a,401103295,64817,2025,third_quarter,2025-10-21T16:27:36-04:00,unclear,0.4,agreed,new2025_incumbent,1
697777,8b0367ad-5be1-4a21-8121-588edc0a0536,58055,160433,2025,second_quarter,2025-10-22T09:34:41-04:00,unclear,0.95,agreed,established,1
697798,2d6a7cb0-768f-4d3e-9c3c-e21ba2e800ee,400670004,193977,2025,third_quarter,2025-10-22T09:55:40-04:00,unclear,0.95,agreed,new2025_incumbent,1
697815,5a85da17-1d99-4bab-834e-942dfe7dd3d3,401105190,60844,2025,third_quarter,2025-10-22T10:43:31-04:00,unclear,0.5,agreed,established,1
697842,9931ee5a-ff52-44e5-8156-a515d9aeca2b,401104683,61403,2025,third_quarter,2025-10-22T11:37:49-04:00,unclear,0.95,agreed,new2025_incumbent,1
697871,f967e330-9d9a-4a5b-b0df-d77294cfe010,401105139,203282,2025,third_quarter,2025-10-22T12:08:37-04:00,unclear,0.95,agreed,new2025_incumbent,1
698086,10fc44aa-9b93-4991-86e6-5df7a0344951,401109969,69503,2025,third_quarter,2025-10-22T16:37:48-04:00,unclear,0.75,agreed,new2025_genuine,0
698252,06d22dba-40b9-443b-859f-d4f7cab561d5,18466,69512,2025,fourth_quarter,2025-10-23T11:21:43-04:00,unclear,0.5,agreed,new2025_incumbent,0
698483,f5647f08-ac41-4d44-a55a-82ff84182b21,28812,134591,2025,third_quarter,2025-10-23T18:27:08-04:00,unclear,0.5,agreed,new2025_genuine,1
698975,e1a34977-dede-4c26-9517-2426ffec4444,401104188,200912,2025,third_quarter,2025-10-28T11:52:50-04:00,unclear,0.4,agreed,new2025_genuine,1
699053,bd14d8c8-84b6-43f6-8e6b-f5b82baf86d8,401109965,69560,2025,third_quarter,2025-10-28T14:46:52-04:00,relief,0.7,opus,new2025_genuine,0
699204,2d7df861-3f4d-488b-b820-367ad4088c6c,314192,184769,2025,third_quarter,2025-10-29T14:24:44-04:00,unclear,0.9,agreed,new2025_incumbent,1
699378,f84b6dee-7d22-49a2-9da1-c64939960827,401109433,65472,2025,fourth_quarter,2025-10-30T11:56:18-04:00,unclear,0.5,agreed,new2025_genuine,1
699497,61112cfc-df2a-4f9c-b9f3-4dc2914165fa,401109039,69596,2025,fourth_quarter,2025-10-31T13:56:00-04:00,unclear,0.95,agreed,new2025_genuine,0
699526,e26ffb85-710b-42f5-a186-9ff66ec263e5,401107383,54889,2025,third_quarter,2025-10-31T15:31:03-04:00,unclear,0.5,agreed,new2025_genuine,1
699659,d062739a-5ab9-4daa-bd37-3d2f694fefbb,401107690,69613,2025,fourth_quarter,2025-11-03T18:51:26-05:00,unclear,0.5,agreed,unknown,1
699709,2ccab15c-0bcf-4f23-a3ce-22ed2fe00042,401023888,197070,2025,third_quarter,2025-11-04T11:02:59-05:00,unclear,0.5,agreed,established,1
699714,db057359-ba25-4161-a653-18788f89f428,40004027,187481,2025,first_quarter,2025-11-04T11:16:58-05:00,unclear,0.95,agreed,established,1
699718,4b3c5507-d947-455e-97a6-6f0c1e1c68a2,40004027,187481,2025,second_quarter,2025-11-04T11:20:02-05:00,unclear,0.95,agreed,established,1
699722,4241f08d-817b-4c45-9eae-40a16550137b,40004027,187481,2025,third_quarter,2025-11-04T11:21:38-05:00,unclear,0.95,agreed,established,1
699834,796414f7-e175-4bdc-a783-8cf1274cda28,401104898,202907,2025,third_quarter,2025-11-05T09:41:17-05:00,relief,0.9,agreed,new2025_genuine,1
699915,4eed275e-f8a1-409e-ab2b-01cde11f5cbd,28344,134513,2025,third_quarter,2025-11-06T09:23:13-05:00,unclear,0.5,agreed,new2025_incumbent,1
699948,52d41227-5c99-4606-80cc-a717f735eb72,7975,111010,2025,third_quarter,2025-11-06T11:45:24-05:00,unclear,0.4,agreed,established,1
699952,8dcaf660-cb31-421a-91fb-9c44338e8fe1,401107289,55139,2025,third_quarter,2025-11-06T11:45:30-05:00,unclear,0.5,agreed,new2025_genuine,1
700122,a853d9f2-492a-427d-87c0-1d9eaace2161,401104830,202799,2025,third_quarter,2025-11-06T12:04:45-05:00,unclear,0.95,agreed,established,1
700301,61ad5c1a-92c4-466c-9942-5d94ec5d53ab,401104809,202771,2025,third_quarter,2025-11-06T12:22:18-05:00,unclear,0.85,agreed,new2025_genuine,1
700441,c87e71cd-043d-4134-83c0-6318c20c68e4,286074,176428,2025,third_quarter,2025-11-06T12:47:14-05:00,unclear,0.4,agreed,new2025_genuine,1
700522,c7a65be2-f08b-4bd3-93bb-d54aa54d715f,401104641,68463,2025,third_quarter,2025-11-06T13:12:30-05:00,unclear,0.4,opus,new2025_incumbent,1
700661,6f23bb88-95ec-47d4-9593-ceb9b3b0ae05,37937,146479,2025,third_quarter,2025-11-06T14:18:22-05:00,relief,0.85,agreed,new2025_genuine,1
700883,e6980516-65ac-4fa7-a1a8-afe0aee6e487,57338,159975,2025,third_quarter,2025-11-06T16:10:10-05:00,relief,0.95,agreed,established,1
700901,c452b2dd-475d-4056-9767-5de480c5e020,30495,135839,2025,third_quarter,2025-11-06T16:39:06-05:00,unclear,0.6,agreed,new2025_incumbent,1
700931,b1fdc537-babe-4e35-a2a1-338bb954d620,400287370,188909,2025,third_quarter,2025-11-06T17:34:28-05:00,unclear,0.45,opus,established,1
700946,7f509fc4-0014-467c-b609-f92b43ffbb69,58352,160522,2025,third_quarter,2025-11-06T18:23:12-05:00,relief,0.85,opus,established,1
701035,4568b3a5-4695-462b-a29a-7e037a6b6c13,401109965,69560,2025,third_quarter,2025-11-07T09:33:13-05:00,relief,0.9,agreed,new2025_genuine,1
701089,b079b7af-ce3d-497d-8d80-27f2ce953e06,401108679,63168,2025,third_quarter,2025-11-07T12:02:05-05:00,unclear,0.45,opus,established,1
701151,8a2a3333-cfbe-4d2b-b632-c9cbaed4952a,18466,69671,2025,fourth_quarter,2025-11-07T14:45:47-05:00,unclear,0.5,agreed,new2025_incumbent,0
701157,1e329eb8-2024-4161-917d-6c5f57187647,56997,159933,2025,third_quarter,2025-11-07T15:02:35-05:00,unclear,0.55,agreed,new2025_genuine,1
701263,23339767-a373-4b4a-b7e8-d1ddd8be34bd,307034,68449,2025,third_quarter,2025-11-09T09:50:19-05:00,unclear,0.5,agreed,new2025_genuine,1
701264,c78321ce-bb33-4198-9c60-5fa4e2f5ad32,307034,68468,2025,third_quarter,2025-11-09T09:52:39-05:00,unclear,0.5,agreed,new2025_genuine,1
701373,bf734541-3032-4cdc-aa3b-e6340dd8f5d7,292538,69674,2025,fourth_quarter,2025-11-10T04:30:10-05:00,unclear,0.5,agreed,new2025_genuine,0
701811,b2ef0515-ba46-422f-b4e5-613d03ce64c8,6325,69730,2025,fourth_quarter,2025-11-12T15:27:36-05:00,relief,0.95,agreed,established,0
701834,572dbf9e-7f8e-42bb-b082-2c8985cf24b2,81054,171061,2025,third_quarter,2025-11-12T16:25:19-05:00,protection,0.95,opus,established,1
701874,2e0e417d-ebee-4830-a34d-53a0b16fcd15,61174,69743,2025,fourth_quarter,2025-11-13T09:32:11-05:00,unclear,0.5,agreed,new2025_incumbent,0
701877,a78b82ab-9349-47e7-8480-8dd45cd79068,60116,69745,2025,fourth_quarter,2025-11-13T10:50:46-05:00,unclear,0.5,agreed,unknown,1
701881,170d9349-2191-468f-9494-0e04f0fdde2d,60116,69746,2025,fourth_quarter,2025-11-13T10:57:03-05:00,unclear,0.95,agreed,unknown,1
701971,c3990e7a-3ee2-493a-a968-2fae6880f9c5,401057986,69703,2025,second_quarter,2025-11-13T16:31:01-05:00,unclear,0.5,agreed,new2025_incumbent,1
701974,9207143b-426b-4669-8453-1007ebbc6852,401057986,69703,2025,third_quarter,2025-11-13T16:32:45-05:00,unclear,0.5,agreed,new2025_incumbent,1
702079,b820efaa-10fb-497e-8a67-712e101be534,400359656,189550,2025,third_quarter,2025-11-14T18:17:48-05:00,relief,0.9,agreed,established,1
702160,5c0f1fbd-e4a3-49dd-b403-c6de11f32121,70175,69831,2025,fourth_quarter,2025-11-17T11:44:21-05:00,mixed,0.55,opus,new2025_incumbent,0
702186,4abc38a6-31b6-4089-96ef-b09e4ab6abe0,401109969,69503,2025,third_quarter,2025-11-17T15:37:53-05:00,unclear,0.5,agreed,new2025_genuine,1
702244,abc562ee-cd31-4f2e-83f4-c87224f8c14d,401103112,197948,2025,third_quarter,2025-11-18T17:18:21-05:00,unclear,0.5,agreed,new2025_genuine,1
702259,85028373-3fc1-4923-a0b0-daac68db9acb,70175,69831,2025,fourth_quarter,2025-11-19T09:14:20-05:00,unclear,0.65,agreed,new2025_incumbent,0
702273,67f8f1da-7a82-43a3-bca0-7ed6000b6d78,401110080,69849,2025,fourth_quarter,2025-11-19T10:46:00-05:00,unclear,0.7,agreed,unknown,1
702298,924355f6-37d9-48c1-84d0-342a0c1589d4,37538,146406,2025,third_quarter,2025-11-19T12:14:45-05:00,unclear,0.5,agreed,established,1
702303,0338f21a-bca8-49de-a392-02d44ea84d13,401109781,69855,2025,third_quarter,2025-11-19T13:44:57-05:00,unclear,0.6,agreed,new2025_genuine,1
702340,97b691e6-63d1-41d4-b7e9-cd266a0f4fbd,401104288,69866,2025,fourth_quarter,2025-11-19T17:57:24-05:00,unclear,0.4,agreed,established,0
702406,dc253e82-d42f-4781-b1d4-134aaeecbea5,307034,182219,2025,third_quarter,2025-11-20T12:22:13-05:00,unclear,0.5,agreed,new2025_genuine,1
702591,22a9e274-6cb6-40f0-8ecd-beeb0e1adcf2,401104288,69911,2025,fourth_quarter,2025-11-21T14:24:57-05:00,unclear,0.5,agreed,established,0
702626,6347e785-7d82-4696-92ad-81a751c67b1a,310051,69916,2025,fourth_quarter,2025-11-22T22:50:30-05:00,unclear,0.95,agreed,unknown,1
702744,73dc4198-097d-4fc4-990f-8fc26f105065,400552654,69934,2025,third_quarter,2025-11-24T13:13:02-05:00,unclear,0.95,agreed,new2025_genuine,0
702992,d7799779-d7c1-4234-bdc4-84979af64485,401106507,69398,2025,third_quarter,2025-11-29T15:39:23-05:00,unclear,0.95,agreed,new2025_incumbent,1
703166,38fb5ffb-9ec0-45dd-9a11-4e1261ed7b00,401109009,70031,2025,fourth_quarter,2025-12-03T18:49:19-05:00,unclear,0.95,agreed,new2025_genuine,1
703193,9461d3e0-8a86-4d48-b3b0-ab1a81b4e589,401108409,70038,2025,fourth_quarter,2025-12-04T10:14:05-05:00,unclear,0.95,agreed,unknown,1
703211,6e5e74a9-d982-461a-9c62-d847dcb96eea,55291,70047,2025,fourth_quarter,2025-12-04T14:52:15-05:00,unclear,0.95,agreed,new2025_incumbent,0
703220,3c3e5048-f558-4987-bcb2-cd12caf0403b,12675,70050,2025,fourth_quarter,2025-12-04T15:56:32-05:00,unclear,0.95,agreed,entrant2026,1
703323,829c1760-ae04-43bf-b1db-24f83c9f3426,401109039,70080,2025,fourth_quarter,2025-12-08T12:54:24-05:00,unclear,0.95,agreed,new2025_genuine,0
703506,8944e18d-c1c4-4aee-bb60-721fe6724911,401110170,70127,2025,first_quarter,2025-12-11T15:40:02-05:00,unclear,0.95,agreed,new2025_genuine,0
703514,c6533585-9cf9-4b12-bb15-af9f7cf5d7c3,400419998,70131,2025,fourth_quarter,2025-12-11T16:44:09-05:00,relief,0.75,opus,new2025_incumbent,0
703522,dd064559-cbe5-4fe8-b06a-98c073aab07e,400552654,69934,2025,third_quarter,2025-12-11T18:16:25-05:00,unclear,0.95,agreed,new2025_genuine,1
703571,921582cd-0feb-4451-96e0-919cbc1e3365,401110138,70142,2025,fourth_quarter,2025-12-12T15:36:45-05:00,unclear,0.4,agreed,new2025_genuine,0
703714,463f40c4-ed38-4513-8db1-f7f0fcf324ee,296271,70179,2025,fourth_quarter,2025-12-16T13:59:03-05:00,unclear,0.95,agreed,new2025_incumbent,0
703844,8dec72bd-2cdf-4ae5-bb36-8dc9fb2bfbce,401104288,70199,2025,fourth_quarter,2025-12-17T14:02:34-05:00,unclear,0.5,agreed,established,0
703964,4444f9d5-5566-45bd-88ba-b85a83bb265f,401104600,70234,2025,fourth_quarter,2025-12-18T15:14:01-05:00,unclear,0.8,agreed,new2025_genuine,0
704169,2aa8861e-5296-47d1-8559-e0b768499d1b,401109991,70263,2025,first_quarter,2025-12-21T22:16:18-05:00,unclear,0.5,agreed,new2025_genuine,1
704189,945e3bea-c14b-42d4-87c9-46983295c234,400487397,57259,2025,fourth_quarter,2025-12-22T09:46:01-05:00,unclear,0.95,agreed,established,1
704275,085ced1f-c201-4bad-ae1e-a1d662639985,307034,182219,2025,fourth_quarter,2025-12-23T08:33:44-05:00,unclear,0.5,agreed,new2025_genuine,1
704282,c87fc9b4-f614-4d34-8dbd-6b04a1e113d1,307034,68449,2025,fourth_quarter,2025-12-23T08:36:47-05:00,unclear,0.5,agreed,new2025_genuine,1
704283,196d19e1-1351-4813-8ee1-af1d14508808,307034,68468,2025,fourth_quarter,2025-12-23T08:37:38-05:00,unclear,0.5,agreed,new2025_genuine,1
704450,5c7924fe-f696-4c7a-a76f-44d0a68ee098,401108875,61451,2025,third_quarter,2025-12-24T10:52:03-05:00,unclear,0.4,agreed,new2025_genuine,1
704455,0b5c9fa4-4fca-416e-bdf3-2d30e693a290,401108875,61451,2025,fourth_quarter,2025-12-24T10:52:48-05:00,unclear,0.4,agreed,new2025_genuine,1
704514,2ffb8280-d554-413c-8d5e-f4fc04edae41,401107356,68718,2025,fourth_quarter,2025-12-29T08:45:40-05:00,unclear,0.95,agreed,new2025_genuine,1
704569,8c01a1f0-fdc0-4456-bd52-9ebbdd98ac09,401110170,70127,2025,first_quarter,2025-12-30T09:48:04-05:00,unclear,0.5,opus,new2025_genuine,1
704571,cf8fe79f-d862-4554-b87f-e405005f585a,401110170,70127,2025,second_quarter,2025-12-30T09:49:39-05:00,unclear,0.5,opus,new2025_genuine,1
704573,04d288aa-5b0c-4866-b962-64fd16147ae2,401110170,70127,2025,third_quarter,2025-12-30T09:53:57-05:00,unclear,0.5,opus,new2025_genuine,1
704575,3b9626f5-3709-4a49-ae82-4141d1dd64f1,401110170,70127,2025,fourth_quarter,2025-12-30T09:56:12-05:00,unclear,0.5,opus,new2025_genuine,1
704601,e75b7652-4644-458c-9138-ed3e95c133d3,401103903,200360,2025,second_quarter,2025-12-30T22:28:49-05:00,relief,0.7,opus,established,1
704605,3ba0c459-d408-4722-9e74-684fc003e0c1,401103903,200360,2025,first_quarter,2025-12-30T23:32:58-05:00,relief,0.7,opus,established,1
704821,1c7785d9-da4e-4c1c-8eee-55f97a190d9c,401104288,70199,2025,fourth_quarter,2026-01-02T10:21:44-05:00,unclear,0.5,agreed,established,1
704914,86eedeb2-9111-44da-8aa1-6293dc7a3899,401109781,69855,2025,fourth_quarter,2026-01-02T13:34:28-05:00,unclear,0.95,agreed,new2025_genuine,0
705033,e4cef9fb-527a-47e9-bcfd-fa4682187a99,305852,181712,2025,fourth_quarter,2026-01-03T16:13:27-05:00,unclear,0.5,agreed,new2025_genuine,1
705149,87f1c9cd-d1b9-47d5-93d1-5717efaac680,401109971,70376,2025,third_quarter,2026-01-05T08:41:24-05:00,monitoring,0.8,agreed,new2025_genuine,1
705265,d8a2f95f-3469-4b5a-acbf-81343a74418e,30393,135816,2025,fourth_quarter,2026-01-05T12:15:10-05:00,relief,0.95,agreed,established,1
705273,ced131a3-ddb5-4d0e-88f4-abd598e12a80,7257,70381,2025,fourth_quarter,2026-01-05T12:31:36-05:00,unclear,0.6,agreed,established,0
705364,5d9dc3c8-318e-4e70-ae14-dcbe9daa192f,401106405,213706,2025,fourth_quarter,2026-01-05T13:38:05-05:00,relief,0.93,agreed,established,1
705624,a56f3423-ac20-489c-8216-92fdaf0f8167,400337565,189411,2025,third_quarter,2026-01-06T00:52:21-05:00,relief,0.95,agreed,new2025_incumbent,1
705629,93c20a0e-d97f-4325-a58f-c43c8dc850da,400337565,189411,2025,fourth_quarter,2026-01-06T01:05:48-05:00,relief,0.95,agreed,new2025_incumbent,1
705756,d5a9d8d8-1180-4cac-acf6-d75ca47b046d,401107390,67036,2025,fourth_quarter,2026-01-06T11:18:38-05:00,monitoring,0.55,opus,new2025_genuine,1
705766,76e482ec-d256-40f9-84c4-140012a1ac71,401107390,61282,2025,fourth_quarter,2026-01-06T11:26:12-05:00,unclear,0.5,agreed,new2025_genuine,1
706019,1f7a5bc8-f440-4b04-8f7c-743b831fcf44,401106954,67143,2025,fourth_quarter,2026-01-06T18:05:17-05:00,monitoring,0.75,agreed,new2025_genuine,1
706043,9f0431b6-174a-469e-916d-fe3cdca9d6cd,401103568,65815,2025,fourth_quarter,2026-01-06T20:57:01-05:00,unclear,0.4,agreed,new2025_genuine,1
706207,f1e01502-f0aa-4c96-a712-17080f21da4d,40004026,187479,2025,fourth_quarter,2026-01-07T11:42:12-05:00,unclear,0.5,agreed,new2025_incumbent,1
706629,18221a84-e484-4d6c-a8b4-c2df58b6100d,56997,159933,2025,fourth_quarter,2026-01-08T12:19:46-05:00,unclear,0.55,agreed,new2025_genuine,1
706990,33e37cab-0f00-4ab1-a742-16259eacc7e7,157,67584,2025,fourth_quarter,2026-01-08T17:54:27-05:00,unclear,0.5,agreed,new2025_incumbent,1
707096,02a23543-9fa4-4230-912e-bc3e6c4aee88,18466,70469,2025,fourth_quarter,2026-01-09T09:04:31-05:00,unclear,0.5,agreed,new2025_incumbent,1
707797,29dda54d-2785-4227-b97c-a85264e57fa2,400918672,196197,2025,third_quarter,2026-01-11T15:05:01-05:00,monitoring,0.95,agreed,new2025_incumbent,1
708127,36c22fce-8c98-4099-8a6b-fc547b755aef,75557,59656,2025,fourth_quarter,2026-01-12T10:30:33-05:00,unclear,0.95,agreed,established,1
708142,94c9668b-dba5-4908-a103-038bc97987d5,298012,179855,2025,fourth_quarter,2026-01-12T10:35:59-05:00,unclear,0.5,agreed,new2025_genuine,0
708153,6da95566-60c1-4481-af77-7134b16b8864,298012,179856,2025,fourth_quarter,2026-01-12T10:38:45-05:00,unclear,0.5,agreed,new2025_genuine,1
708176,1ba43f13-e010-4226-bda7-125116b742ef,298012,179855,2025,fourth_quarter,2026-01-12T10:50:30-05:00,unclear,0.5,agreed,new2025_genuine,1
708223,c6a7d472-9125-4d08-9a81-43376789fbe1,400661993,210126,2025,fourth_quarter,2026-01-12T11:09:07-05:00,unclear,0.4,agreed,established,1
708251,6ed7415d-5deb-4fc4-b074-46d2518e642c,37403,146244,2025,fourth_quarter,2026-01-12T11:53:15-05:00,unclear,0.5,agreed,new2025_incumbent,1
708320,db498af3-7a2a-49fd-8fc8-ee5a8aee13ca,400323519,189322,2025,fourth_quarter,2026-01-12T12:46:51-05:00,unclear,0.95,agreed,new2025_genuine,1
708377,53c20b7c-508e-4f4c-963b-4adb52960237,291594,177806,2025,fourth_quarter,2026-01-12T13:00:46-05:00,unclear,0.5,agreed,established,1
708396,d82f0792-fda2-43dc-a3b2-5ff83243c152,7975,111010,2025,fourth_quarter,2026-01-12T13:12:03-05:00,unclear,0.4,agreed,established,1
708907,0f3b37ea-ad28-4917-b1d0-75af5d2d5e27,401104288,69132,2025,fourth_quarter,2026-01-12T22:14:40-05:00,unclear,0.5,agreed,established,1
708995,c8838edc-aca6-47bb-8917-5afc7088b890,401104288,64266,2025,fourth_quarter,2026-01-13T09:15:27-05:00,unclear,0.5,agreed,established,1
709012,ae065388-7df4-474d-9e4d-ba82806bfa4b,401104288,68596,2025,fourth_quarter,2026-01-13T09:28:24-05:00,unclear,0.55,agreed,established,1
709508,853056f0-d755-47c8-9f11-ab0c093442bf,36105,61429,2025,fourth_quarter,2026-01-13T14:12:19-05:00,unclear,0.9,agreed,established,1
709924,f1599cc2-12fd-47c2-99de-1d2ca4a3863f,7257,110107,2025,fourth_quarter,2026-01-13T17:17:52-05:00,unclear,0.5,agreed,established,1
709970,cb3b72d7-6177-4615-b51a-35c386a8ae21,401106132,70544,2025,fourth_quarter,2026-01-13T17:47:45-05:00,unclear,0.5,agreed,established,0
709984,b4cb9847-c5e8-49be-ba14-c521bcf42a43,401106132,70548,2025,fourth_quarter,2026-01-13T17:59:18-05:00,unclear,0.95,agreed,established,1
710090,08688e4e-d159-458d-9b13-058d999917c3,401104288,69173,2025,fourth_quarter,2026-01-13T21:42:08-05:00,unclear,0.5,agreed,established,1
710098,b35c3380-56b6-427c-8ddc-6eaf3b67e1de,401104288,66825,2025,fourth_quarter,2026-01-13T22:13:26-05:00,unclear,0.5,agreed,established,1
710107,5da888a5-fd74-43ec-bdbb-5518571cbd35,401104288,64813,2025,fourth_quarter,2026-01-13T22:53:18-05:00,monitoring,0.95,agreed,established,1
710152,b73994e4-84b8-43c9-b849-cd379a8763a6,292538,69674,2025,fourth_quarter,2026-01-14T08:02:30-05:00,unclear,0.5,agreed,new2025_genuine,1
710170,cf4e7c93-9a1e-4ad9-8c0d-170dd23857b3,28504,134535,2025,fourth_quarter,2026-01-14T08:57:15-05:00,relief,0.95,agreed,established,1
710237,5de3ed8d-6408-4845-b4e9-ace4466fb41d,401104955,202976,2025,fourth_quarter,2026-01-14T09:38:51-05:00,unclear,0.95,agreed,established,1
710299,b4893c89-e3b8-48c9-a05e-2545cb17e97b,401104288,65277,2025,fourth_quarter,2026-01-14T10:40:06-05:00,unclear,0.5,agreed,established,1
710321,0233b1ac-6874-4c92-ae38-363d33df317c,76695,169003,2025,fourth_quarter,2026-01-14T10:48:11-05:00,relief,0.85,opus,new2025_genuine,1
710553,7d3d7642-7c41-499e-ace9-1281abdfe672,401109292,66836,2025,fourth_quarter,2026-01-14T11:55:40-05:00,unclear,0.9,agreed,new2025_genuine,1
710637,b6831f8e-2269-456f-8b8a-66fdfc9424ac,7257,68676,2025,fourth_quarter,2026-01-14T12:34:19-05:00,unclear,0.95,agreed,established,1
710647,41c3f8a4-de29-4b2b-84da-171ad157a7ca,401104288,69911,2025,fourth_quarter,2026-01-14T12:45:24-05:00,unclear,0.5,agreed,established,1
710792,532c05c2-41d3-4267-804e-5552c0f4e85e,320918,59608,2025,fourth_quarter,2026-01-14T13:32:53-05:00,unclear,0.95,agreed,new2025_incumbent,1
710810,a9420e46-600c-48d4-acad-721efacb4b1c,400458236,191193,2025,fourth_quarter,2026-01-14T13:39:51-05:00,unclear,0.5,agreed,new2025_genuine,1
710852,f5a7dd95-737a-4e66-abe7-2b9c424e534f,401104641,68463,2025,fourth_quarter,2026-01-14T13:49:07-05:00,unclear,0.4,opus,new2025_incumbent,1
710941,fc274d02-227c-4708-b448-7bbfe995ee6d,401104288,63892,2025,fourth_quarter,2026-01-14T14:08:56-05:00,unclear,0.5,agreed,established,1
710966,358d453c-68be-453b-a651-b9efbd856fb2,401104288,68621,2025,fourth_quarter,2026-01-14T14:14:33-05:00,relief,0.92,agreed,established,1
711260,14420fe4-381c-4e49-8109-22e677bbc5fc,36366,145446,2025,fourth_quarter,2026-01-14T15:19:00-05:00,unclear,0.5,agreed,established,1
711638,020a2bf7-691f-4352-8ad5-ae9689d05406,401104288,64889,2025,fourth_quarter,2026-01-14T18:37:43-05:00,monitoring,0.9,agreed,established,1
711715,c00661aa-de27-4d6b-a1b7-fd160f048c75,401104288,67212,2025,fourth_quarter,2026-01-14T21:11:43-05:00,unclear,0.5,agreed,established,1
711718,09a507d5-76cd-4f44-9885-56544e3a2d07,401104288,69866,2025,fourth_quarter,2026-01-14T21:17:12-05:00,unclear,0.4,agreed,established,1
711770,c45f63f6-ad93-46dd-a0dd-254699c07cc5,401104288,60648,2025,fourth_quarter,2026-01-14T22:44:02-05:00,relief,0.95,agreed,established,1
711792,f470c10b-0e2b-43e5-8775-aa6ed338c5bb,18466,68900,2025,fourth_quarter,2026-01-15T06:34:12-05:00,unclear,0.95,agreed,new2025_incumbent,1
711801,97a8f555-2a1d-4843-b04b-c79522bd3eba,18466,68977,2025,fourth_quarter,2026-01-15T06:57:06-05:00,relief,0.88,agreed,new2025_incumbent,1
711874,4b678248-ab6d-48ad-8ef5-fe59cfef5412,19263,126317,2025,fourth_quarter,2026-01-15T08:42:51-05:00,unclear,0.5,agreed,new2025_incumbent,1
712338,081f49b1-ab9b-42c0-b587-90789b402983,401107802,56904,2025,fourth_quarter,2026-01-15T11:08:44-05:00,unclear,0.4,agreed,new2025_incumbent,0
712377,0c7313c4-5389-4134-868e-475773788339,400408933,190355,2025,fourth_quarter,2026-01-15T11:15:47-05:00,relief,0.8,agreed,established,1
712566,eb990371-7cae-46f1-88cb-b1c289f872e9,30906,57907,2025,fourth_quarter,2026-01-15T11:55:00-05:00,unclear,0.5,agreed,established,1
712700,2b07e28d-f471-4bf0-aaa3-5a895073aae8,401104288,65433,2025,fourth_quarter,2026-01-15T12:33:04-05:00,unclear,0.5,agreed,established,1
712989,4db0367e-146d-4c8e-9528-78cb13d98d30,7257,65567,2025,fourth_quarter,2026-01-15T13:38:05-05:00,unclear,0.5,agreed,established,1
713158,b8cba158-2cc9-4aec-8bd5-c8c6b3ed018b,70175,69831,2025,fourth_quarter,2026-01-15T14:03:03-05:00,unclear,0.65,agreed,new2025_incumbent,1
713260,69613d58-4c7f-43a2-a827-8b798430d90e,298455,180023,2025,fourth_quarter,2026-01-15T14:23:09-05:00,unclear,0.6,agreed,new2025_genuine,1
713345,04b73247-fcd9-4712-b3bb-b6551fcc25ee,401105415,203651,2025,fourth_quarter,2026-01-15T14:36:47-05:00,unclear,0.55,agreed,new2025_genuine,1
713347,514bde06-2ae1-4f23-96ab-1f617df50d4b,30906,65632,2025,fourth_quarter,2026-01-15T14:36:58-05:00,unclear,0.6,agreed,established,1
713391,d98704de-5e6d-44cf-a88f-bab5105f74ab,55792,159864,2025,fourth_quarter,2026-01-15T14:44:38-05:00,unclear,0.95,agreed,established,1
713505,762c5030-16ca-4f75-bd5a-8e52f3eb5aac,16010,121526,2025,fourth_quarter,2026-01-15T14:59:46-05:00,unclear,0.95,agreed,established,1
713587,17b6edcc-0e71-486b-856f-eaf40442cebf,5357,65642,2025,fourth_quarter,2026-01-15T15:17:04-05:00,unclear,0.5,agreed,new2025_incumbent,1
713736,40e3c236-81f7-4b9a-b7f3-5065166f81eb,283696,65153,2025,fourth_quarter,2026-01-15T15:44:38-05:00,unclear,0.5,agreed,established,1
713813,1566f2f9-72bc-4328-9e66-ce9aa48cb9a1,317311,186004,2025,fourth_quarter,2026-01-15T16:04:14-05:00,unclear,0.95,agreed,established,1
713865,d44d849e-ce54-4933-bbef-ed090385ffd2,6837,109370,2025,fourth_quarter,2026-01-15T16:21:12-05:00,unclear,0.5,agreed,new2025_incumbent,1
714179,54dc77c8-e5d6-44b0-ac1c-b06c52f47c69,4301,104670,2025,fourth_quarter,2026-01-15T18:07:50-05:00,unclear,0.95,agreed,new2025_incumbent,1
714283,2e822a3b-bcae-4bbb-b12a-e3c43569f73d,81511,171312,2025,fourth_quarter,2026-01-15T20:16:06-05:00,unclear,0.35,agreed,established,1
714289,8710e30a-ddba-417e-a8cf-c8ae97a33985,400426039,190608,2025,fourth_quarter,2026-01-15T20:23:55-05:00,monitoring,0.9,agreed,established,1
714302,7190db91-8450-42f6-89fc-68907ec57a36,400426039,56625,2025,fourth_quarter,2026-01-15T20:30:14-05:00,monitoring,0.9,agreed,established,1
714310,d3e04df8-aef8-46a4-9caa-bf6a0cbd008e,401104288,63568,2025,fourth_quarter,2026-01-15T20:38:10-05:00,unclear,0.55,agreed,established,1
714315,e3784c4e-71b7-4cd0-b30c-fb2d0d8c3445,400426039,190611,2025,fourth_quarter,2026-01-15T20:40:15-05:00,monitoring,0.9,agreed,established,1
714359,348ff9fd-6f3d-4150-87c6-401561e5738c,5506,107350,2025,fourth_quarter,2026-01-15T22:30:54-05:00,relief,0.9,agreed,established,1
715068,361d3c08-ab9e-44c2-a1a8-08dd3f039a8a,401105943,208694,2025,fourth_quarter,2026-01-16T11:26:14-05:00,unclear,0.5,opus,new2025_incumbent,1
715203,6f5b106b-851e-4f17-9cfe-91bdc941ca87,400695073,194329,2025,fourth_quarter,2026-01-16T11:55:09-05:00,unclear,0.4,opus,established,1
715419,47c980ad-4417-46c3-92c4-80f2f753ae13,75557,68780,2025,fourth_quarter,2026-01-16T12:16:35-05:00,relief,0.95,agreed,established,1
715530,508fa458-4e3f-4644-b77f-990d7f012ace,284950,64115,2025,fourth_quarter,2026-01-16T12:29:59-05:00,unclear,0.4,agreed,new2025_incumbent,1
715653,d6cd4606-7eac-4a0c-93a7-685b94feb79b,401103605,199773,2025,fourth_quarter,2026-01-16T12:43:30-05:00,unclear,0.85,agreed,new2025_genuine,1
715729,bdb66257-ddaa-4d4c-8c0f-71249b40e387,17226,122806,2025,fourth_quarter,2026-01-16T12:56:18-05:00,relief,0.95,agreed,new2025_incumbent,1
715769,98b0364b-ff3d-4f22-8beb-364642dd1506,401108705,61134,2025,fourth_quarter,2026-01-16T13:03:43-05:00,protection,0.6,opus,new2025_incumbent,1
715949,da897fcc-603d-41ac-ac96-cec74ce8b1b5,2057,70658,2025,fourth_quarter,2026-01-16T13:27:53-05:00,unclear,0.4,agreed,entrant2026,1
716124,44329b02-9662-4f92-a939-f4bf30f5d55e,46940,154402,2025,fourth_quarter,2026-01-16T13:57:13-05:00,unclear,0.5,agreed,new2025_genuine,1
716902,0dbfbb94-146d-4038-992f-af10fbd7ba53,401107067,53336,2025,fourth_quarter,2026-01-16T15:48:24-05:00,unclear,0.5,opus,new2025_incumbent,1
716953,c69b8b45-eec9-4f4a-aebf-540a753a24ed,5211,106016,2025,fourth_quarter,2026-01-16T15:55:13-05:00,unclear,0.9,agreed,established,1
717083,dad40c1c-9eff-4700-83b0-6be5c720507b,400426039,68442,2025,fourth_quarter,2026-01-16T16:10:58-05:00,monitoring,0.9,agreed,established,1
717298,a5dd86d5-a591-4cb0-a0d1-8d8bce77fe65,28220,134501,2025,fourth_quarter,2026-01-16T16:44:58-05:00,unclear,0.6,agreed,new2025_genuine,1
717486,44c694ec-b2bc-45bb-9140-c64c45917a57,39941,148807,2025,fourth_quarter,2026-01-16T17:22:18-05:00,relief,0.95,agreed,established,1
717519,a4a8df42-2437-488c-8dff-37121c98cac0,27332,134279,2025,fourth_quarter,2026-01-16T17:24:30-05:00,unclear,0.4,agreed,new2025_genuine,1
717679,24dc61cc-ceeb-461b-a74f-543bb7f8da21,7257,110200,2025,fourth_quarter,2026-01-16T18:06:00-05:00,unclear,0.95,agreed,established,1
717725,b0ed12aa-201b-4832-91c1-14e4a3be81d8,401104683,210344,2025,fourth_quarter,2026-01-16T18:31:33-05:00,relief,0.95,agreed,new2025_incumbent,0
717734,f0d37c9e-24ef-4434-ae64-2fba3f54b3eb,7257,70381,2025,fourth_quarter,2026-01-16T18:46:19-05:00,unclear,0.6,agreed,established,1
717766,5513f904-8bc7-48fc-835f-4571beb78642,7257,110079,2025,fourth_quarter,2026-01-16T19:16:13-05:00,unclear,0.4,agreed,established,1
718059,12beda59-6a91-4fed-b58b-029852e85693,20744,70148,2025,fourth_quarter,2026-01-17T11:40:14-05:00,unclear,0.95,agreed,new2025_incumbent,1
718093,0feca0bd-c1b3-4152-aa28-fe56fb2e30d3,400426039,190614,2025,fourth_quarter,2026-01-17T12:11:05-05:00,monitoring,0.9,agreed,established,1
718134,32733a4a-ef26-4f7d-be63-72bd9419b067,401106408,213758,2025,fourth_quarter,2026-01-17T12:29:15-05:00,unclear,0.4,agreed,new2025_genuine,1
718155,c921840c-289f-404f-bac3-6e8009927d7c,400426039,190607,2025,fourth_quarter,2026-01-17T12:37:50-05:00,monitoring,0.9,agreed,established,1
718185,7aa73f91-e956-4df7-8939-105a5289e6f1,283696,64187,2025,fourth_quarter,2026-01-17T12:56:49-05:00,unclear,0.4,agreed,established,1
718261,c265d75b-6cd0-493a-aa09-4fdf0c2f97d8,283696,211867,2025,fourth_quarter,2026-01-17T13:33:47-05:00,unclear,0.5,agreed,established,1
718431,a4d5d9e0-1fa4-4f24-bc9b-63a356092608,283696,61938,2025,fourth_quarter,2026-01-17T15:10:41-05:00,unclear,0.95,agreed,established,0
718438,44f4444e-a25e-4f36-b2ad-f5946e482bc3,401103524,199384,2025,fourth_quarter,2026-01-17T15:17:57-05:00,unclear,0.9,agreed,established,1
718568,d9df12c3-d078-437a-85a3-ec597de57fc9,20744,207651,2025,fourth_quarter,2026-01-17T16:14:59-05:00,unclear,0.95,agreed,new2025_incumbent,1
718601,b6e4018c-c27a-4c4d-95e8-0dd3b9c7682e,20744,127238,2025,fourth_quarter,2026-01-17T16:25:13-05:00,unclear,0.95,agreed,new2025_incumbent,1
718731,3af05544-5db8-4885-a594-aeeb9c467781,400419998,70131,2025,fourth_quarter,2026-01-17T17:49:47-05:00,relief,0.8,opus,new2025_incumbent,1
718856,e941bb3f-dfb6-45ec-a2de-523f516cd243,400976792,57164,2025,fourth_quarter,2026-01-17T19:38:03-05:00,unclear,0.95,agreed,new2025_incumbent,1
718860,5dbb3d67-d8ec-4f1b-bfbd-e4626745c93f,400976792,53532,2025,fourth_quarter,2026-01-17T19:42:37-05:00,relief,0.55,opus,new2025_incumbent,1
718870,595fc7bc-bf8f-4ac0-be2a-a256e0c929f2,400976792,63788,2025,fourth_quarter,2026-01-17T19:51:36-05:00,unclear,0.95,agreed,new2025_incumbent,1
719015,bfa6e8ae-4bf7-4398-ab06-4b42eb045467,18466,52206,2025,fourth_quarter,2026-01-18T07:09:43-05:00,unclear,0.5,agreed,new2025_incumbent,1
719032,19d70cd8-faef-4ee5-a78a-79cf70a57865,18466,69512,2025,fourth_quarter,2026-01-18T08:28:34-05:00,unclear,0.5,agreed,new2025_incumbent,1
719037,e5aa5d9e-a53f-4c45-a296-3847340ef019,401105150,65033,2025,third_quarter,2026-01-18T08:35:31-05:00,unclear,0.5,agreed,new2025_genuine,1
719061,02806b70-000b-45f1-b697-2c3fc003687d,18466,69671,2025,fourth_quarter,2026-01-18T09:58:11-05:00,unclear,0.5,agreed,new2025_incumbent,1
719206,948011dc-14c1-4127-ab0a-66afe2dc047c,40011085,187707,2025,fourth_quarter,2026-01-18T11:45:40-05:00,unclear,0.95,agreed,new2025_genuine,1
719456,43eb09c5-c56a-4f99-85e4-428f73980a1a,401104454,201870,2025,fourth_quarter,2026-01-18T13:44:56-05:00,unclear,0.5,agreed,new2025_genuine,1
719483,47ec84ee-b903-4a0b-9e99-9966dc2afe20,400976792,196566,2025,fourth_quarter,2026-01-18T13:52:41-05:00,unclear,0.95,agreed,new2025_incumbent,1
719499,849b2148-4b65-4b97-8f66-4bd54addc348,400976792,56192,2025,fourth_quarter,2026-01-18T13:58:04-05:00,unclear,0.95,agreed,new2025_incumbent,1
719546,cf2a63b4-946a-497b-87c6-ea8a9e55ffba,400976792,208535,2025,fourth_quarter,2026-01-18T14:08:16-05:00,unclear,0.95,agreed,new2025_incumbent,1
719936,441b2f5f-83aa-4071-a1e9-e90866e0dafd,401105514,68586,2025,fourth_quarter,2026-01-18T16:52:37-05:00,unclear,0.95,agreed,new2025_incumbent,1
720472,32612566-b98e-45ea-9f10-93c4248119a5,401106319,69334,2025,fourth_quarter,2026-01-18T21:49:23-05:00,unclear,0.9,agreed,new2025_incumbent,1
720612,aec9ecf9-276f-4a13-bd67-0e0479a632f6,58476,160605,2025,fourth_quarter,2026-01-19T05:39:21-05:00,unclear,0.5,agreed,new2025_genuine,1
720705,00073fcb-a795-4c22-866d-84241110ad1a,39837,147922,2025,fourth_quarter,2026-01-19T08:01:06-05:00,monitoring,0.9,agreed,established,1
720806,beecab57-cc85-435c-b8e6-cadf017366aa,401093052,197760,2025,fourth_quarter,2026-01-19T08:43:05-05:00,unclear,0.95,agreed,new2025_genuine,1
721128,b235d654-f4e0-4ce9-86b1-b352dd697ede,401105511,203773,2025,fourth_quarter,2026-01-19T09:52:52-05:00,unclear,0.9,agreed,new2025_genuine,0
721371,6c5f6024-275d-4178-9d94-638d21e7ca63,401057986,69703,2025,fourth_quarter,2026-01-19T10:23:21-05:00,unclear,0.5,agreed,new2025_incumbent,1
721384,968b619b-2f49-462d-99aa-c11a9c058839,283696,61938,2025,fourth_quarter,2026-01-19T10:24:48-05:00,unclear,0.95,agreed,established,1
721415,6916ea50-521d-47b5-8d02-b72e74c306e2,310973,183737,2025,fourth_quarter,2026-01-19T10:28:08-05:00,relief,0.95,agreed,new2025_genuine,1
721831,4eb05ca3-b7fe-408d-9d4c-35c635b32f29,38687,146957,2025,fourth_quarter,2026-01-19T11:28:12-05:00,unclear,0.4,agreed,established,1
721911,02f54d9d-12bb-4e3d-83db-4b4f489fc15c,401103942,200450,2025,fourth_quarter,2026-01-19T11:34:09-05:00,relief,0.9,agreed,new2025_genuine,1
722158,11065ffe-f5a4-4743-83b5-5806a1293e1f,401107078,53623,2025,fourth_quarter,2026-01-19T12:11:41-05:00,unclear,0.95,agreed,new2025_genuine,1
722207,ad3ffe35-69c9-4cf4-910f-41e579432b43,401104718,55076,2025,fourth_quarter,2026-01-19T12:17:24-05:00,unclear,0.55,agreed,established,1
722300,b173d4df-e5a1-43cf-9941-1ae911c03a25,303575,68453,2025,fourth_quarter,2026-01-19T12:25:23-05:00,unclear,0.5,agreed,new2025_incumbent,1
722437,6e64236f-12f2-47bd-8f5e-83bb390e69ca,40017133,187842,2025,fourth_quarter,2026-01-19T12:38:34-05:00,unclear,0.8,agreed,new2025_incumbent,1
722467,7729afe4-553e-45b2-adba-9d690826406a,401105068,57089,2025,fourth_quarter,2026-01-19T12:45:25-05:00,unclear,0.6,agreed,new2025_incumbent,1
722658,77f1271a-1dd4-4fa5-a402-823514914545,13654,119043,2025,fourth_quarter,2026-01-19T13:08:25-05:00,monitoring,0.9,agreed,new2025_genuine,1
722691,8dc25eaf-5a22-479d-b233-eb00425b0865,401106285,68573,2025,fourth_quarter,2026-01-19T13:14:07-05:00,unclear,0.9,agreed,established,1
722890,02cee5e9-8098-49a6-b6c5-d00ce181c7f2,401104718,61818,2025,fourth_quarter,2026-01-19T13:43:04-05:00,unclear,0.5,agreed,established,1
723154,1472b6db-e53e-4c0a-bf3b-62227aca71df,7257,57290,2025,fourth_quarter,2026-01-19T14:13:37-05:00,unclear,0.9,agreed,established,1
723329,b4c646e3-67aa-4e72-b58e-4a919ca629e7,401103945,200454,2025,fourth_quarter,2026-01-19T14:39:05-05:00,unclear,0.5,agreed,new2025_genuine,1
723573,f0be18e1-9c9b-4abb-a3d7-cef34cacca36,15942,121521,2025,fourth_quarter,2026-01-19T15:20:58-05:00,unclear,0.5,agreed,new2025_genuine,1
723632,da1e139d-03d6-434c-b459-9b66dcf3edaf,401103293,198463,2025,fourth_quarter,2026-01-19T15:29:41-05:00,relief,0.95,agreed,new2025_incumbent,1
723695,7a21520d-d7c9-4090-9258-70094f5d02be,7758,110904,2025,fourth_quarter,2026-01-19T15:43:15-05:00,relief,0.95,agreed,new2025_incumbent,1
723881,17f0782d-e39c-4f8a-8ba2-452bac13a2b9,87654,173616,2025,fourth_quarter,2026-01-19T16:18:05-05:00,unclear,0.5,agreed,new2025_genuine,1
724000,b9f7622c-9772-427f-b502-69e3a4f16c9a,7257,109885,2025,fourth_quarter,2026-01-19T16:41:20-05:00,unclear,0.5,agreed,established,1
724241,4a080a31-1daf-40d3-9a12-b7b398a26536,313715,68905,2025,fourth_quarter,2026-01-19T17:44:39-05:00,unclear,0.6,agreed,new2025_incumbent,1
724374,e4c86b70-a060-46f8-a17d-d7a848e58ec1,401104010,200631,2025,fourth_quarter,2026-01-19T18:21:59-05:00,monitoring,0.9,agreed,established,1
724465,d013d01f-b75a-4170-8640-591225bbbe97,1171,66515,2025,fourth_quarter,2026-01-19T18:44:14-05:00,unclear,0.5,agreed,established,1
724656,de6affc2-8efb-40f2-9790-6e995dfc50a7,401104288,67110,2025,fourth_quarter,2026-01-19T19:32:11-05:00,unclear,0.4,agreed,established,1
724749,45a01a81-cd59-44cf-bf7b-979a62d14354,400978796,196659,2025,fourth_quarter,2026-01-19T20:10:51-05:00,unclear,0.95,agreed,established,1
724796,6bf9f4e7-d7a0-41e6-a592-14f2c787acba,22883,129738,2025,fourth_quarter,2026-01-19T20:28:35-05:00,unclear,0.95,agreed,established,1
724905,58ceae50-e39d-411c-8b0e-f16ba0716e60,401106670,61494,2025,fourth_quarter,2026-01-19T21:11:38-05:00,unclear,0.95,agreed,new2025_genuine,1
724908,872e79b8-8f54-4521-a295-a7f695bfeaa4,401107157,53729,2025,fourth_quarter,2026-01-19T21:12:58-05:00,unclear,0.95,agreed,established,1
724934,f9bcec70-a843-4f0c-bfaf-46de114d3e34,401106670,64547,2025,fourth_quarter,2026-01-19T21:26:23-05:00,unclear,0.95,agreed,new2025_genuine,1
724937,5bbf823c-c3d0-43f7-82c5-1b56cd7def02,401106670,64543,2025,fourth_quarter,2026-01-19T21:28:10-05:00,unclear,0.95,agreed,new2025_genuine,1
724945,0d29423f-8864-4828-a61b-2e9cff5f480a,401104288,65087,2025,fourth_quarter,2026-01-19T21:29:13-05:00,unclear,0.5,agreed,established,1
724947,b7fc2dca-7ae6-472d-86f0-dfab2183d052,401106670,64539,2025,fourth_quarter,2026-01-19T21:29:49-05:00,unclear,0.95,agreed,new2025_genuine,1
724959,8bc2ca01-4711-4e50-996b-1fd53729a586,401106670,68623,2025,fourth_quarter,2026-01-19T21:33:00-05:00,unclear,0.7,agreed,new2025_genuine,1
725325,beff513f-e4fe-4432-95e0-26a634f7ac0c,401104288,63189,2025,fourth_quarter,2026-01-19T23:22:24-05:00,unclear,0.55,agreed,established,1
725336,1892d5e2-9fab-432d-bf14-d6f393e09cf6,400290378,188958,2025,fourth_quarter,2026-01-19T23:24:30-05:00,unclear,0.5,agreed,new2025_genuine,1
725569,1744a8c5-cafe-422a-8c65-6220de0fda54,292094,177961,2025,fourth_quarter,2026-01-20T04:06:28-05:00,unclear,0.5,agreed,new2025_genuine,1
725656,a48a0044-c87e-4f83-a2ee-97e2c9bdffad,401109282,66780,2025,fourth_quarter,2026-01-20T07:34:33-05:00,unclear,0.4,opus,new2025_genuine,1
726444,a9f4b1ce-448e-411a-8038-0ca2b4f8b012,401104288,68666,2025,fourth_quarter,2026-01-20T09:19:01-05:00,unclear,0.6,agreed,established,1
726601,82a3f736-9a42-445f-980d-7c38df52a292,401025893,69104,2025,fourth_quarter,2026-01-20T09:35:03-05:00,unclear,0.95,agreed,new2025_genuine,1
726644,6302e2fe-d9ac-491c-a203-abcc86212d00,400458235,191188,2025,fourth_quarter,2026-01-20T09:38:28-05:00,unclear,0.95,agreed,new2025_genuine,1
726689,4a4e1097-b945-419d-a257-9e95e46937de,401103295,64817,2025,fourth_quarter,2026-01-20T09:41:20-05:00,unclear,0.4,agreed,new2025_incumbent,1
727005,8b5f744f-17d5-45ad-931f-0f72d9e939b7,401105597,65582,2025,fourth_quarter,2026-01-20T09:56:57-05:00,unclear,0.75,agreed,new2025_incumbent,1
727219,0fc6fd32-4ff4-40f4-83e9-a45e9a78deb5,401105139,203282,2025,fourth_quarter,2026-01-20T10:09:43-05:00,unclear,0.95,agreed,new2025_incumbent,1
727671,6fdcc5a8-1a1e-4b7e-89ad-024f151281dc,40011087,187711,2025,fourth_quarter,2026-01-20T10:30:20-05:00,relief,0.9,agreed,established,1
727877,47a3de2b-6e6c-46ba-a094-3ce7639560c7,682,63330,2025,fourth_quarter,2026-01-20T10:39:07-05:00,unclear,0.95,agreed,new2025_incumbent,1
728386,f27dcc9c-c132-4fe5-a7b0-22e6d5b306f5,1422,102619,2025,fourth_quarter,2026-01-20T11:03:51-05:00,unclear,0.9,agreed,new2025_genuine,1
728496,d0521cd6-5fe6-4199-833a-a7e560e9db7b,5357,65067,2025,fourth_quarter,2026-01-20T11:06:31-05:00,unclear,0.5,agreed,new2025_incumbent,1
728516,d7c6cc7f-8397-44ba-b14b-f2b24dd48efc,284050,66250,2025,fourth_quarter,2026-01-20T11:07:00-05:00,unclear,0.55,agreed,new2025_incumbent,1
728547,dbdf97d9-154f-46a4-b54b-55cf05bf7e2e,284050,64910,2025,fourth_quarter,2026-01-20T11:08:03-05:00,unclear,0.95,agreed,new2025_incumbent,1
728587,e9673368-5763-4ff5-8d38-e226a3b04860,400646949,193834,2025,fourth_quarter,2026-01-20T11:10:16-05:00,unclear,0.4,agreed,new2025_genuine,1
728642,241dbc3a-f495-47d7-b139-0b94a993cc7e,4766,104899,2025,fourth_quarter,2026-01-20T11:11:48-05:00,protection,0.7,opus,established,1
728684,a936951f-6545-4473-b962-eb76b99cdd36,401109039,66519,2025,fourth_quarter,2026-01-20T11:13:09-05:00,unclear,0.5,agreed,new2025_genuine,0
728689,25f78c23-6210-450f-9102-c790236dbf5a,401108896,61399,2025,fourth_quarter,2026-01-20T11:13:20-05:00,unclear,0.95,agreed,new2025_genuine,1
728701,5dea9a51-672d-4208-8c58-591cc112b12a,400646949,69313,2025,fourth_quarter,2026-01-20T11:13:42-05:00,unclear,0.4,agreed,new2025_genuine,1
728702,563e4c49-f108-4142-92a0-89bafc089a79,61174,69743,2025,fourth_quarter,2026-01-20T11:13:49-05:00,unclear,0.95,agreed,new2025_incumbent,1
728868,30c9dd68-eda1-4e84-a1f1-1f682a48f4ef,35707,144325,2025,fourth_quarter,2026-01-20T11:18:37-05:00,unclear,0.4,agreed,new2025_incumbent,1
728935,7ea6b860-388d-4e01-bf8b-33fae7d7d9fe,401109039,66529,2025,fourth_quarter,2026-01-20T11:19:52-05:00,unclear,0.85,agreed,new2025_genuine,1
728982,d8d1f7a2-3521-4a05-9ae4-b4e1d8e8f21d,401107007,64042,2025,fourth_quarter,2026-01-20T11:21:08-05:00,unclear,0.95,agreed,new2025_genuine,1
729211,15b842bc-ccbd-43a5-8048-17ad0c80f547,401104313,205407,2025,fourth_quarter,2026-01-20T11:26:59-05:00,unclear,0.95,agreed,established,1
729620,f6f28406-3360-4156-ade4-25d77401c5b3,401109039,67025,2025,fourth_quarter,2026-01-20T11:39:27-05:00,unclear,0.5,agreed,new2025_genuine,1
729665,1287af4a-92c4-4fec-92e0-72c43ff5b0cb,35263,143852,2025,fourth_quarter,2026-01-20T11:40:15-05:00,unclear,0.4,agreed,established,1
729679,793897ca-f52e-47d1-8f4e-dea0bbf75f55,17966,65787,2025,fourth_quarter,2026-01-20T11:40:43-05:00,unclear,0.4,agreed,new2025_genuine,1
729977,1dbf2a9d-03b8-4b8f-a301-b8770b6a7505,401109965,69560,2025,fourth_quarter,2026-01-20T11:50:16-05:00,relief,0.9,agreed,new2025_genuine,1
730334,7fb8962a-9fba-426a-a445-f57a033fee02,401104313,63973,2025,fourth_quarter,2026-01-20T12:00:00-05:00,unclear,0.95,agreed,established,1
730383,a2c00055-c742-4e2a-a5cf-b000440a4975,296271,70179,2025,fourth_quarter,2026-01-20T12:01:12-05:00,unclear,0.95,agreed,new2025_incumbent,1
730548,87a031ee-b549-489e-8d56-311f406bdf83,55291,55863,2025,fourth_quarter,2026-01-20T12:05:48-05:00,unclear,0.9,agreed,new2025_incumbent,1
730569,696ebc9e-c592-4ef4-95d8-607323ee54fd,25603,206900,2025,fourth_quarter,2026-01-20T12:06:19-05:00,unclear,0.95,agreed,established,1
730609,4e151bc0-038a-4411-a09d-fd10bd03844d,308992,183204,2025,fourth_quarter,2026-01-20T12:07:17-05:00,unclear,0.45,agreed,new2025_incumbent,1
730655,77b99fbf-c0b1-421f-8b4d-5148bcdd65c3,401104876,202865,2025,fourth_quarter,2026-01-20T12:08:37-05:00,unclear,0.4,agreed,new2025_incumbent,1
730665,41b161ba-baf0-4b72-aaa4-c77628c329cc,401105534,211567,2025,fourth_quarter,2026-01-20T12:08:53-05:00,unclear,0.4,agreed,new2025_incumbent,1
730692,9c5819a5-93e8-47b8-b897-3b60000f174e,401046942,197256,2025,fourth_quarter,2026-01-20T12:09:50-05:00,unclear,0.95,agreed,established,1
730790,b2a56d58-9c69-4856-a011-2dba9dc2961e,17443,209701,2025,fourth_quarter,2026-01-20T12:12:51-05:00,unclear,0.95,agreed,new2025_incumbent,1
730866,6d80ee2a-3704-4912-8b34-aea09b08282a,13370,118930,2025,fourth_quarter,2026-01-20T12:15:25-05:00,unclear,0.55,agreed,established,1
730903,6d59fa7c-1c35-4066-a0f4-454a9d01ae52,401109039,67024,2025,fourth_quarter,2026-01-20T12:16:39-05:00,unclear,0.55,agreed,new2025_genuine,1
730941,100798f9-dd94-46fa-bc55-34581b646845,400287370,188909,2025,fourth_quarter,2026-01-20T12:17:52-05:00,unclear,0.45,opus,established,1
731011,b4ff8612-6123-496d-814d-f68964a15d59,401108704,66457,2025,fourth_quarter,2026-01-20T12:20:41-05:00,unclear,0.4,agreed,new2025_incumbent,1
731097,823d45b4-1678-48c3-9710-5717a3bd8e59,296271,65523,2025,fourth_quarter,2026-01-20T12:22:30-05:00,unclear,0.7,agreed,new2025_incumbent,1
731110,92a37100-cdf2-4e4b-acd6-5a99da807b71,17443,123132,2025,fourth_quarter,2026-01-20T12:22:36-05:00,unclear,0.95,agreed,new2025_incumbent,1
731227,eabbcefa-c8ca-41ed-bcc8-4bb313c66f8e,401105303,203521,2025,fourth_quarter,2026-01-20T12:26:46-05:00,unclear,0.95,agreed,established,1
731238,c653b364-04a1-4f25-8722-a3eaf2ff2958,41454,64962,2025,fourth_quarter,2026-01-20T12:27:09-05:00,unclear,0.5,agreed,new2025_incumbent,1
731241,cca01c35-383d-4bba-97f7-4ed9d59f147d,5357,65657,2025,fourth_quarter,2026-01-20T12:27:15-05:00,unclear,0.5,agreed,new2025_incumbent,1
731262,c5294470-05a0-496f-b384-518278f086de,5357,106269,2025,fourth_quarter,2026-01-20T12:27:42-05:00,unclear,0.5,agreed,new2025_incumbent,1
731341,6efbdcaf-d2f4-4d97-bbd7-5ca21156be5d,284790,175443,2025,fourth_quarter,2026-01-20T12:30:38-05:00,unclear,0.95,agreed,new2025_genuine,1
731441,f21b98a0-a809-4893-9cee-96cec2a812ad,17443,68144,2025,fourth_quarter,2026-01-20T12:33:30-05:00,unclear,0.5,agreed,new2025_incumbent,0
731476,b6682b71-8715-4982-b86d-33fa0156328a,17443,68144,2025,fourth_quarter,2026-01-20T12:35:17-05:00,unclear,0.5,agreed,new2025_incumbent,1
731518,802fab9c-1962-4eec-8f4e-284206c39f67,400320502,189244,2025,fourth_quarter,2026-01-20T12:37:00-05:00,monitoring,0.9,agreed,new2025_genuine,1
731534,79279e74-bb39-4617-b60f-f1bb311c81bf,401108704,67537,2025,fourth_quarter,2026-01-20T12:37:56-05:00,unclear,0.4,agreed,new2025_incumbent,1
731604,1588979d-4776-4677-b33e-35685a1441d8,401108704,60974,2025,fourth_quarter,2026-01-20T12:40:38-05:00,unclear,0.95,agreed,new2025_incumbent,1
732474,cc903f70-205b-436a-ab07-66e3afe0b292,5357,68070,2025,fourth_quarter,2026-01-20T13:14:16-05:00,unclear,0.5,agreed,new2025_incumbent,1
732745,311bff83-4ba0-4500-a032-a1049428e6f1,31417,138240,2025,fourth_quarter,2026-01-20T13:24:33-05:00,unclear,0.4,agreed,established,1
732852,8b8d6e17-2763-4f04-aebd-437e6f440bf2,682,101166,2025,fourth_quarter,2026-01-20T13:29:32-05:00,unclear,0.4,opus,new2025_incumbent,1
733160,201f9034-29ea-4590-8f6b-cb765652e50a,401105498,203770,2025,fourth_quarter,2026-01-20T13:41:01-05:00,unclear,0.4,agreed,new2025_genuine,1
733189,e70dd29e-69ae-40d4-ad94-c28e96840bf8,401105972,209111,2025,fourth_quarter,2026-01-20T13:41:25-05:00,unclear,0.95,agreed,new2025_genuine,1
733227,e60961f5-8073-4585-9fe3-a09f94a72981,54073,158571,2025,fourth_quarter,2026-01-20T13:42:46-05:00,unclear,0.5,agreed,new2025_incumbent,1
733244,744d44d4-7797-4144-b2c3-d98e12fba5d1,76992,204675,2025,fourth_quarter,2026-01-20T13:42:55-05:00,unclear,0.9,agreed,new2025_incumbent,1
733578,a314dd41-e083-4725-82ed-bca7df396e5b,55291,70047,2025,fourth_quarter,2026-01-20T13:53:24-05:00,unclear,0.95,agreed,new2025_incumbent,1
733619,adb889f2-f699-4458-9d33-41ba246c6db0,3003,103617,2025,fourth_quarter,2026-01-20T13:54:25-05:00,relief,0.95,agreed,new2025_genuine,1
733681,1136f0ce-78ef-434f-aba1-1be3b5bc546b,28812,134591,2025,fourth_quarter,2026-01-20T13:55:43-05:00,unclear,0.5,agreed,new2025_genuine,1
733903,9871ea52-3d1a-432d-9c56-e22398a2b7f4,53777,158495,2025,fourth_quarter,2026-01-20T14:04:53-05:00,unclear,0.5,agreed,new2025_incumbent,1
734040,57f8e07c-b414-4e76-900d-249b90d5f20b,35068,143439,2025,fourth_quarter,2026-01-20T14:08:49-05:00,relief,0.95,agreed,new2025_incumbent,1
734089,d88c1f3f-db87-45ae-9074-d261b7221666,401109039,70080,2025,fourth_quarter,2026-01-20T14:10:11-05:00,unclear,0.95,agreed,new2025_genuine,1
734774,9fa22283-9038-4ef0-9432-c3860b04c94a,401104313,201391,2025,fourth_quarter,2026-01-20T14:30:32-05:00,unclear,0.4,agreed,established,1
734781,f40f2d84-4cd1-46dd-81c1-0bd5dc429454,401107792,69345,2025,fourth_quarter,2026-01-20T14:30:46-05:00,relief,0.55,opus,new2025_genuine,1
735149,1107fc16-7908-4657-8623-75487c7ba8e1,26912,134239,2025,fourth_quarter,2026-01-20T14:38:44-05:00,unclear,0.8,agreed,established,1
735178,a311d6c7-0354-4e84-9a79-e32bf3f7e53c,6325,69730,2025,fourth_quarter,2026-01-20T14:38:58-05:00,relief,0.88,agreed,established,1
735330,5c7e87c8-e9c5-4151-abd6-c399e220065e,17443,65514,2025,fourth_quarter,2026-01-20T14:43:05-05:00,unclear,0.5,agreed,new2025_incumbent,1
735664,39aad538-94c3-43b2-8482-92da549a63bd,401104313,201390,2025,fourth_quarter,2026-01-20T14:51:24-05:00,unclear,0.95,agreed,established,1
735780,f02b4288-ea6a-478b-bc07-cac4a8bbf941,17443,65788,2025,fourth_quarter,2026-01-20T14:54:38-05:00,unclear,0.55,agreed,new2025_incumbent,1
735863,eda34c6d-7c8d-488b-9f66-20b4cd573d1c,401103092,69412,2025,fourth_quarter,2026-01-20T14:56:48-05:00,unclear,0.5,agreed,new2025_incumbent,1
735866,92d4a45d-7bc1-4f97-8f0a-12d5ba66abb0,13005,118723,2025,fourth_quarter,2026-01-20T14:56:52-05:00,unclear,0.5,agreed,established,1
735943,663840ab-9cd4-492c-aec6-1fe12b2fe39e,32098,140427,2025,fourth_quarter,2026-01-20T14:58:21-05:00,unclear,0.55,agreed,new2025_incumbent,0
735954,ce4ce706-0d35-4724-be9d-ac6002b7baa4,40013096,187767,2025,fourth_quarter,2026-01-20T14:59:01-05:00,unclear,0.95,agreed,new2025_incumbent,1
735958,2de4cb65-c0d0-4a68-ac30-ce5adeede722,67854,63864,2025,fourth_quarter,2026-01-20T14:59:02-05:00,unclear,0.55,agreed,established,1
736101,09b118d0-1351-48c2-9bab-c5f01329f679,299913,180251,2025,fourth_quarter,2026-01-20T15:02:36-05:00,unclear,0.4,agreed,new2025_genuine,1
736207,2882db4a-91f2-4611-b9c0-b77e2ec7abf5,17443,209700,2025,fourth_quarter,2026-01-20T15:05:53-05:00,unclear,0.5,agreed,new2025_incumbent,1
736250,6abc2346-d365-44b2-9159-ceaa061cb50b,17443,209705,2025,fourth_quarter,2026-01-20T15:06:27-05:00,unclear,0.95,agreed,new2025_incumbent,1
736262,fec97ba9-cc73-4128-953f-81cb1b430f35,401105589,205749,2025,fourth_quarter,2026-01-20T15:06:39-05:00,unclear,0.35,agreed,established,1
736288,cf6903ef-3eec-46d8-b225-30fe8e95f33a,17443,209710,2025,fourth_quarter,2026-01-20T15:07:06-05:00,unclear,0.95,agreed,new2025_incumbent,1
736333,f3f5c190-d85d-434b-933f-b8bd81d1a301,1672,102642,2025,fourth_quarter,2026-01-20T15:08:34-05:00,relief,0.95,agreed,new2025_genuine,1
736540,2dd5c1b0-8cee-45ad-a183-20605c4ed8b5,401104405,205420,2025,fourth_quarter,2026-01-20T15:14:18-05:00,relief,0.85,agreed,new2025_genuine,1
736560,ab854e6e-8ed5-4842-9487-1c8bab9904c4,40013096,65821,2025,fourth_quarter,2026-01-20T15:15:06-05:00,unclear,0.95,agreed,new2025_incumbent,1
736789,07ebfad3-b67f-4a00-9ba8-0a76258dc9cb,401104313,69033,2025,fourth_quarter,2026-01-20T15:21:18-05:00,unclear,0.95,agreed,established,1
736795,170e86cc-ef40-4db0-8813-69f705287f57,35800,68879,2025,fourth_quarter,2026-01-20T15:21:29-05:00,relief,0.6,opus,new2025_incumbent,1
736826,b1559cec-6559-491d-bb38-4dce392ee479,401106818,69152,2025,fourth_quarter,2026-01-20T15:22:10-05:00,protection,0.9,opus,new2025_genuine,1
736871,47fffea2-d441-4a87-a00a-0049831085f1,14187,119522,2025,fourth_quarter,2026-01-20T15:22:39-05:00,unclear,0.4,opus,new2025_incumbent,1
736980,ca81e306-960d-40d2-bcb7-79b8b82b46a8,401109474,66368,2025,fourth_quarter,2026-01-20T15:25:51-05:00,unclear,0.7,agreed,new2025_genuine,1
737011,16593601-3b53-45c4-b88b-6997e69cf038,82330,171675,2025,fourth_quarter,2026-01-20T15:26:15-05:00,unclear,0.95,agreed,new2025_genuine,1
737332,75318bb9-327c-4cc6-a626-a9bb4a8a3a7f,19775,126395,2025,fourth_quarter,2026-01-20T15:35:38-05:00,relief,0.95,agreed,new2025_incumbent,1
737393,d6958c2a-fbdf-4cc5-a18f-a32333bb12dc,401109039,69596,2025,fourth_quarter,2026-01-20T15:37:00-05:00,unclear,0.95,agreed,new2025_genuine,1
737464,0c1207c0-9808-4167-ba9f-939024df40b0,401104683,210344,2025,fourth_quarter,2026-01-20T15:39:16-05:00,relief,0.95,agreed,new2025_incumbent,1
737639,80172930-fb20-49fc-b9ad-bef02f7aa4e2,401106507,69398,2025,fourth_quarter,2026-01-20T15:44:40-05:00,unclear,0.95,agreed,new2025_incumbent,1
737980,f422d8ee-8636-4084-9b82-6b22a9a6dc5b,45937,153798,2025,fourth_quarter,2026-01-20T15:54:25-05:00,unclear,0.6,agreed,established,1
738045,3d4a39c7-b91e-47a2-ba95-5c2477d06643,401105259,203474,2025,fourth_quarter,2026-01-20T15:55:43-05:00,relief,0.6,opus,established,1
738050,128af17d-9577-4ec1-9efa-439f56b22f19,401103237,198275,2025,fourth_quarter,2026-01-20T15:55:56-05:00,relief,0.95,agreed,established,1
738203,dc430f64-7a60-40be-8e66-12ba1fab465b,6597,108802,2025,fourth_quarter,2026-01-20T16:00:14-05:00,unclear,0.5,agreed,new2025_incumbent,1
738470,158db249-bf7b-4639-80c2-13b6aadd9435,72873,166355,2025,fourth_quarter,2026-01-20T16:08:02-05:00,unclear,0.5,opus,established,1
738504,f608ed86-9791-4f6f-8fbe-66dc97d2ce9f,401105966,208991,2025,fourth_quarter,2026-01-20T16:09:12-05:00,unclear,0.95,agreed,new2025_incumbent,1
738546,0e0118de-f81e-4681-ac5c-5e804abe5d9e,401023888,197070,2025,fourth_quarter,2026-01-20T16:10:24-05:00,unclear,0.5,agreed,established,1
738627,7ade8ddf-72b0-4b07-8177-46bf7cb664d1,3867,103709,2025,fourth_quarter,2026-01-20T16:11:53-05:00,unclear,0.95,agreed,new2025_genuine,1
738757,eb1a8364-00b4-42d9-ba7d-a9366df88c24,400552654,69934,2025,fourth_quarter,2026-01-20T16:15:34-05:00,unclear,0.95,agreed,new2025_genuine,1
738919,3027696e-3196-41f8-8232-80281bd1e964,401103897,200355,2025,fourth_quarter,2026-01-20T16:18:47-05:00,relief,0.88,agreed,established,1
739114,e199e24d-c311-426d-9dff-21b502e219c7,401109135,63639,2025,fourth_quarter,2026-01-20T16:24:52-05:00,unclear,0.4,agreed,new2025_genuine,1
739123,b8bdc7e6-1aa4-4d45-ba4d-bef7548aaa22,20697,126907,2025,fourth_quarter,2026-01-20T16:25:13-05:00,relief,0.9,agreed,new2025_incumbent,1
739151,2af924bd-df45-4ac8-993b-b56e1202e994,401109278,66063,2025,fourth_quarter,2026-01-20T16:26:45-05:00,relief,0.88,agreed,new2025_genuine,1
739188,ab868352-568e-41bd-872d-a052d1054c0f,7805,110917,2025,fourth_quarter,2026-01-20T16:28:13-05:00,monitoring,0.95,agreed,established,1
739292,0fb89e68-01b3-4fbd-9bd8-2cd3d53d31ca,401109238,65298,2025,fourth_quarter,2026-01-20T16:32:00-05:00,monitoring,0.9,agreed,new2025_genuine,1
739356,76f67d38-a52c-4e27-937e-52ce1fe953e0,31827,139084,2025,fourth_quarter,2026-01-20T16:33:34-05:00,monitoring,0.9,agreed,new2025_genuine,1
739412,53424aea-9634-4fc5-aad5-7dbf795b43eb,56771,159922,2025,fourth_quarter,2026-01-20T16:35:08-05:00,monitoring,0.6,opus,established,1
739457,9e9302a2-18e2-4e60-bada-b77b177365d9,72111,64018,2025,fourth_quarter,2026-01-20T16:36:04-05:00,unclear,0.4,opus,new2025_incumbent,1
739622,c6ce1319-c94b-4cf7-a30c-31b2f01fa9bb,400944728,196333,2025,fourth_quarter,2026-01-20T16:40:52-05:00,unclear,0.5,agreed,new2025_genuine,1
739639,2639e56f-91d1-416f-b0e9-a7ceca0a6301,58055,160433,2025,fourth_quarter,2026-01-20T16:41:06-05:00,unclear,0.95,agreed,established,1
739740,4f474e0c-9517-4f45-900b-3d17a503c8da,10935,114903,2025,fourth_quarter,2026-01-20T16:43:28-05:00,unclear,0.4,agreed,established,1
739797,a052dab0-af42-4012-8c7d-a894922f4970,400670004,193977,2025,fourth_quarter,2026-01-20T16:45:02-05:00,unclear,0.95,agreed,new2025_incumbent,1
739897,00602644-689d-407b-a94c-f8c69239bed1,401103295,198477,2025,fourth_quarter,2026-01-20T16:47:16-05:00,unclear,0.4,agreed,new2025_incumbent,1
739994,00b6826e-3c4a-4bac-81a4-7cc018533b21,5632,107401,2025,fourth_quarter,2026-01-20T16:48:58-05:00,monitoring,0.85,agreed,established,1
740007,f7ece53e-672b-40de-a630-9d91ea7c6d44,401103295,205220,2025,fourth_quarter,2026-01-20T16:49:02-05:00,unclear,0.4,agreed,new2025_incumbent,1
740253,ee2cbafa-7b39-4bbe-b829-461681923855,40024191,64735,2025,fourth_quarter,2026-01-20T16:55:36-05:00,unclear,0.6,agreed,new2025_genuine,1
740602,74d9f55b-582b-4867-849e-f9115a9c9cc1,401110011,69401,2025,fourth_quarter,2026-01-20T17:04:35-05:00,monitoring,0.9,agreed,new2025_genuine,1
740675,acd6e503-fe52-43fc-a382-acfd5539c077,556,100441,2025,fourth_quarter,2026-01-20T17:06:21-05:00,unclear,0.95,agreed,established,1
740815,3a075676-6252-4056-bf12-a08d00fdcbd6,401105551,67671,2025,fourth_quarter,2026-01-20T17:09:11-05:00,unclear,0.95,agreed,new2025_genuine,1
740915,e6f80865-fc70-49c8-b2c3-cc9c7eb60433,28606,134545,2025,fourth_quarter,2026-01-20T17:11:10-05:00,unclear,0.55,agreed,new2025_genuine,1
741261,e8e931d6-4077-4c4f-bd13-74ce3fca5a68,400359656,189550,2025,fourth_quarter,2026-01-20T17:22:03-05:00,relief,0.9,agreed,established,1
741393,27aebae2-6a1b-445c-99a7-b8d85ed7b73e,401103521,199280,2025,fourth_quarter,2026-01-20T17:25:37-05:00,unclear,0.95,agreed,established,1
741717,7d190765-47de-4ac0-b603-8e73674e2c19,6303,108421,2025,fourth_quarter,2026-01-20T17:37:08-05:00,unclear,0.5,agreed,established,1
741920,1cd168a6-b8e2-4107-a4db-c6ab492857d4,314192,184769,2025,fourth_quarter,2026-01-20T17:42:39-05:00,unclear,0.95,agreed,new2025_incumbent,1
742132,f604f833-d7a8-4ed1-a405-a02ef1b70946,401104210,68393,2025,fourth_quarter,2026-01-20T17:50:52-05:00,unclear,0.9,agreed,new2025_incumbent,1
742628,32dd1283-4e6f-4c14-82fc-b181005e6229,401107297,54482,2025,fourth_quarter,2026-01-20T18:07:38-05:00,unclear,0.55,agreed,established,1
742661,ee75856e-00b9-4a39-adfd-561d73c726c3,401110138,70142,2025,fourth_quarter,2026-01-20T18:08:56-05:00,unclear,0.95,agreed,new2025_genuine,1
742711,356aff7a-f30f-4aee-a04d-417fb32f0de7,401108081,64635,2025,fourth_quarter,2026-01-20T18:10:18-05:00,unclear,0.55,agreed,new2025_genuine,1
742868,752f481e-a03d-40b5-823c-d9e813622110,39267,147139,2025,fourth_quarter,2026-01-20T18:16:52-05:00,unclear,0.95,agreed,new2025_incumbent,1
742887,fbd8a6c5-64fe-49b7-8daf-261f48007c09,401105814,207492,2025,fourth_quarter,2026-01-20T18:17:14-05:00,unclear,0.95,agreed,established,1
743065,7fded5ee-48f2-430c-a5bc-ee0c270f6bff,400794388,195349,2025,fourth_quarter,2026-01-20T18:26:39-05:00,unclear,0.95,agreed,established,1
743281,124d7339-dc99-470c-b6fd-5893ed0fad76,401103565,208110,2025,fourth_quarter,2026-01-20T18:37:22-05:00,unclear,0.95,agreed,established,1
744053,4c3bf8c2-cd2e-409b-9853-e6ddc74dd120,401104172,200901,2025,fourth_quarter,2026-01-20T19:15:20-05:00,unclear,0.5,agreed,established,1
744174,4596d93d-8f4a-4655-877c-cb0296da8c01,79175,64005,2025,fourth_quarter,2026-01-20T19:22:32-05:00,unclear,0.95,agreed,new2025_incumbent,1
744586,d27378b9-03ec-4c80-a179-2c6e3722aeff,40021,149481,2025,fourth_quarter,2026-01-20T19:52:37-05:00,relief,0.7,opus,established,1
744712,145ae244-f2d7-48aa-9a67-2d78ffb338f1,401049958,197314,2025,fourth_quarter,2026-01-20T20:01:40-05:00,unclear,0.95,agreed,new2025_genuine,1
744726,d307bb5d-eb25-4d22-aad5-bf5d6e782a44,32021,139582,2025,fourth_quarter,2026-01-20T20:02:31-05:00,monitoring,0.9,agreed,new2025_incumbent,1
744794,e50cd971-2a12-4754-8409-f0359fdc7497,401108897,61402,2025,fourth_quarter,2026-01-20T20:06:57-05:00,unclear,0.95,agreed,new2025_genuine,1
745012,2dcc5246-d1c7-474d-bfdf-f5c1ec07f6c2,401106955,53031,2025,fourth_quarter,2026-01-20T20:23:28-05:00,unclear,0.9,agreed,new2025_incumbent,1
745037,dfbd5675-70d2-4a57-be38-d3ec7e2f976c,24373,132005,2025,fourth_quarter,2026-01-20T20:24:35-05:00,unclear,0.4,agreed,new2025_genuine,1
745081,32f875c8-7c16-4859-b4f5-a02c7b0b6358,48678,155448,2025,fourth_quarter,2026-01-20T20:28:44-05:00,unclear,0.4,opus,established,1
745414,c9b68cb2-8edf-4662-932a-0dea31a3b762,30518,135943,2025,fourth_quarter,2026-01-20T20:52:14-05:00,unclear,0.95,agreed,new2025_incumbent,0
745491,4c129318-5900-4a20-b8bd-45f578bbdf04,401103900,200358,2025,fourth_quarter,2026-01-20T20:56:05-05:00,unclear,0.95,agreed,new2025_incumbent,1
745792,a5734bb5-9a91-4ab9-ace0-9e53d172d7fc,401105417,203687,2025,fourth_quarter,2026-01-20T21:14:32-05:00,unclear,0.4,opus,established,1
745801,6ac52283-9dd7-4a73-a5f1-9c1c2fe45cce,401105417,59644,2025,fourth_quarter,2026-01-20T21:15:07-05:00,unclear,0.8,agreed,established,1
745806,e0d9e703-0e7e-4330-97fb-64c97b638377,401105417,213730,2025,fourth_quarter,2026-01-20T21:15:34-05:00,unclear,0.95,agreed,established,1
745837,b364f776-b0b0-4883-b6fa-e4a35e9a34dc,401105417,203681,2025,fourth_quarter,2026-01-20T21:16:45-05:00,unclear,0.95,agreed,established,1
745848,2e111498-f398-4b5f-bbc9-1db96a8bc1a7,401105417,65566,2025,fourth_quarter,2026-01-20T21:17:16-05:00,unclear,0.95,agreed,established,1
745924,99b4d504-e910-42ee-86a1-6239cbc59249,401105417,55335,2025,fourth_quarter,2026-01-20T21:23:59-05:00,unclear,0.95,agreed,established,1
745965,16b104c9-a845-4176-aa5d-ccc499be0c4f,401105417,203674,2025,fourth_quarter,2026-01-20T21:26:34-05:00,unclear,0.95,agreed,established,1
746020,ff1694c9-190b-43e3-978d-b8b1b204fe27,401105417,66694,2025,fourth_quarter,2026-01-20T21:31:31-05:00,unclear,0.85,agreed,established,1
746172,c333c426-3715-4cc0-bf6b-263984cb4494,401105417,205637,2025,fourth_quarter,2026-01-20T21:42:32-05:00,unclear,0.8,agreed,established,1
746326,173fe1f2-4499-4c64-a2ce-1aa9a90eab54,401105417,203654,2025,fourth_quarter,2026-01-20T21:57:06-05:00,unclear,0.9,agreed,established,1
746398,2a405458-3d9e-48ce-9c96-6debcbbb345d,401108149,58740,2025,fourth_quarter,2026-01-20T22:01:12-05:00,relief,0.8,opus,established,1
746742,74a2d53d-6061-4c09-962b-3e5c3981d8a8,76992,68558,2025,fourth_quarter,2026-01-20T22:38:55-05:00,unclear,0.4,agreed,new2025_incumbent,1
747190,deaea0c7-3a9d-48a4-8a5e-ff75cf427f56,24123,70869,2025,fourth_quarter,2026-01-21T09:30:52-05:00,unclear,0.95,agreed,established,1
747268,0732c6c3-bcde-4531-bdcd-f8d38761f10b,401109039,66519,2025,fourth_quarter,2026-01-21T09:49:16-05:00,unclear,0.5,agreed,new2025_genuine,1
747624,9737b767-fb87-403a-b202-9e5f1a5d9794,401109416,66035,2025,fourth_quarter,2026-01-21T12:38:06-05:00,unclear,0.6,agreed,new2025_genuine,1
747788,9938ccaa-ccf4-48fc-b7c7-dc6e5bb40a31,401105655,68404,2025,fourth_quarter,2026-01-21T14:52:19-05:00,unclear,0.4,agreed,new2025_genuine,1
748041,e16cb474-39de-4d7a-8f60-6f4f99c201a9,400838477,195599,2025,fourth_quarter,2026-01-21T21:03:50-05:00,unclear,0.5,agreed,new2025_incumbent,1
748130,0037280b-1696-49cd-9d65-b61e39438536,401107289,55139,2025,fourth_quarter,2026-01-22T09:52:50-05:00,unclear,0.5,agreed,new2025_genuine,1
748271,34ebc2bb-d23f-4ba9-b009-455978324250,400320506,189250,2025,fourth_quarter,2026-01-22T13:05:10-05:00,unclear,0.4,agreed,established,1
748386,36cb8999-3b4e-4fee-b399-1f2f978eaa03,290571,177646,2025,fourth_quarter,2026-01-22T16:12:15-05:00,relief,0.95,agreed,established,1
748613,194286c6-40ad-4358-a76b-1693f71865e7,57338,159975,2025,fourth_quarter,2026-01-23T13:03:30-05:00,relief,0.95,agreed,established,1
748659,6a11bb27-d5a5-4c53-b074-5d46315ba232,401106132,211336,2025,fourth_quarter,2026-01-23T14:10:49-05:00,unclear,0.5,agreed,established,1
748667,e852552d-b3de-4a8e-b248-4ff29362efbc,401106132,68466,2025,fourth_quarter,2026-01-23T14:17:26-05:00,unclear,0.5,agreed,established,1
748683,dede3c08-b8ea-45d0-83b0-82e9114ff3e9,401106132,70544,2025,fourth_quarter,2026-01-23T14:43:11-05:00,unclear,0.5,agreed,established,1
748970,236e94ad-0b06-4492-bdad-59d8c582fe50,401105190,60844,2025,fourth_quarter,2026-01-26T12:03:52-05:00,unclear,0.5,agreed,established,1
749318,32a68e5c-9788-4fcd-9418-346f4430cc64,30495,135839,2025,fourth_quarter,2026-01-28T07:25:57-05:00,unclear,0.6,agreed,new2025_incumbent,1
749410,53e24d1a-7474-48bc-8af9-402ae21e3343,401103276,198380,2025,fourth_quarter,2026-01-28T11:55:08-05:00,unclear,0.45,opus,new2025_genuine,1
749450,2858cbcf-f3f6-4d31-b938-b03d5716d8f4,37538,146406,2025,fourth_quarter,2026-01-28T14:50:11-05:00,unclear,0.5,agreed,established,1
749612,314fa507-d5d9-4030-a779-715893abc454,401105511,203773,2025,fourth_quarter,2026-01-29T15:14:26-05:00,unclear,0.9,agreed,new2025_genuine,1
749631,966696da-54c0-41e9-9b12-a00381afdf0f,55792,159864,2025,first_quarter,2026-01-29T17:15:06-05:00,unclear,0.95,agreed,established,1
749669,b5ae1f92-ddd1-4990-8358-e2913b75f214,401105346,203568,2025,fourth_quarter,2026-01-30T08:49:27-05:00,relief,0.95,agreed,new2025_genuine,1
749742,2978294f-2b95-46b5-a913-625868d19984,401104188,200912,2025,fourth_quarter,2026-01-30T12:13:39-05:00,unclear,0.4,agreed,new2025_genuine,1
749959,f668ff1a-b374-4b84-84ec-815f4d5f81ff,401107383,54889,2025,fourth_quarter,2026-02-01T16:18:27-05:00,unclear,0.5,agreed,new2025_genuine,1
750364,8406b787-4f49-4e8a-a981-5e3fcfed4835,27833,134460,2025,fourth_quarter,2026-02-05T12:26:34-05:00,relief,0.75,opus,established,1
750485,9b050002-7d1e-482a-a2d6-07c7c20abd65,40004027,187481,2025,fourth_quarter,2026-02-05T15:05:02-05:00,unclear,0.95,agreed,established,1
750548,be9e2991-4a7a-4eca-bdbe-a6ed72e58ea0,401108679,63168,2025,fourth_quarter,2026-02-05T17:15:07-05:00,unclear,0.45,opus,established,1
750737,0eb4e305-41a5-4f96-b254-3e2bb074839a,286074,176428,2025,fourth_quarter,2026-02-06T14:00:31-05:00,unclear,0.4,agreed,new2025_genuine,1
750910,251255be-7d6b-44b1-bdd7-4a091b95f560,401109167,63846,2025,fourth_quarter,2026-02-09T11:44:38-05:00,mixed,0.9,opus,new2025_genuine,0
751190,3053c235-bfb2-49bd-b14a-2000af8e2219,401104830,202799,2025,fourth_quarter,2026-02-11T13:45:47-05:00,unclear,0.95,agreed,established,1
751256,1a15d0f6-f456-45e3-974d-63a2f3966195,401104600,70234,2025,fourth_quarter,2026-02-11T14:02:19-05:00,unclear,0.4,opus,new2025_genuine,1
751404,922326e5-19df-4e23-9ef0-4efcaabadc46,58352,160522,2025,fourth_quarter,2026-02-11T16:30:54-05:00,relief,0.85,opus,established,1
751442,887ec83d-cd8a-4032-b495-70bf37167a17,78733,170371,2025,fourth_quarter,2026-02-11T17:46:19-05:00,unclear,0.4,opus,new2025_genuine,1
751841,e41dc462-a887-4791-b06e-0281a5b5d7ce,401104898,202907,2025,fourth_quarter,2026-02-17T14:08:23-05:00,relief,0.9,agreed,new2025_genuine,1
751884,a6e9c34e-caea-42aa-9a8f-24ede0eda0f4,401108159,71320,2025,third_quarter,2026-02-18T14:45:55-05:00,unclear,0.45,agreed,new2025_genuine,1
751968,2c4a8d81-bc5a-4254-a297-3d85a4ba4070,81054,171061,2025,fourth_quarter,2026-02-20T12:21:53-05:00,protection,0.95,opus,established,1
752051,8dba8c99-9cc8-4e1a-a19c-add024f2327f,401110200,70949,2025,fourth_quarter,2026-02-23T16:05:28-05:00,unclear,0.4,agreed,new2025_genuine,1
752159,6a6167ef-2bda-42c6-a51e-112fd8ec2a6e,30518,135943,2025,fourth_quarter,2026-02-25T21:29:22-05:00,unclear,0.95,agreed,new2025_incumbent,1
752295,cb29ad0d-36f3-4f77-b57d-aa5fc26ae466,28344,134513,2025,fourth_quarter,2026-03-02T11:13:55-05:00,unclear,0.5,agreed,new2025_incumbent,1
752392,6ef849a8-15bf-4519-8f50-aca90979a117,401109969,69503,2025,fourth_quarter,2026-03-03T12:23:18-05:00,monitoring,0.75,agreed,new2025_genuine,1
752517,397d7da2-15dc-4289-b8a1-d2dcb9298999,32098,140427,2025,fourth_quarter,2026-03-04T14:45:56-05:00,unclear,0.55,agreed,new2025_incumbent,1
752556,bd2d7e22-c613-428e-980d-3df8c5b41f05,401107802,56904,2025,fourth_quarter,2026-03-04T17:06:54-05:00,unclear,0.4,agreed,new2025_incumbent,1
752574,0f44fc2c-2135-4338-bde6-d5c32c74878a,401107802,56904,2025,first_quarter,2026-03-05T10:03:17-05:00,unclear,0.4,agreed,new2025_incumbent,1
752858,c9e705ae-2545-43c0-9e52-eb3193d46b0c,401109909,68625,2025,third_quarter,2026-03-10T10:24:00-04:00,unclear,0.5,agreed,new2025_genuine,1
752998,031c48c8-39bd-4a3b-a686-1ae2e732d96d,401109781,69855,2025,fourth_quarter,2026-03-13T08:56:33-04:00,unclear,0.95,agreed,new2025_genuine,1
753017,0eb7208c-f2d2-47a8-b39a-c998b057a6c1,401109167,63846,2025,fourth_quarter,2026-03-13T12:53:47-04:00,mixed,0.9,opus,new2025_genuine,0
753020,53ff029b-f494-4864-bb56-3e083e22cd74,401109167,63846,2025,third_quarter,2026-03-13T12:59:42-04:00,mixed,0.9,opus,new2025_genuine,0
753038,32b490cd-679f-4987-9ef3-ca086f23621b,401109167,63846,2025,second_quarter,2026-03-13T17:44:40-04:00,mixed,0.9,opus,new2025_genuine,1
753041,3d9fb5bc-f7f9-4fe9-906d-bc5af6b9b358,401109167,63846,2025,third_quarter,2026-03-13T17:47:21-04:00,mixed,0.9,opus,new2025_genuine,1
753044,b8a2e536-d7aa-4433-8c85-94581fde4401,401109167,63846,2025,fourth_quarter,2026-03-13T17:49:43-04:00,mixed,0.9,opus,new2025_genuine,1
753097,6fb73ced-99d1-4a48-bfab-6bdff2f63da0,401103321,57633,2025,second_quarter,2026-03-17T11:34:36-04:00,unclear,0.95,agreed,new2025_genuine,0
753101,ab74248d-1dcf-49d1-b312-a9d4027c1459,401103321,57633,2025,second_quarter,2026-03-17T12:42:33-04:00,unclear,0.95,agreed,new2025_genuine,1
753104,c7635b0a-3efe-4144-91ab-da79e3c9b5d2,401103321,57633,2025,third_quarter,2026-03-17T12:44:05-04:00,unclear,0.95,agreed,new2025_genuine,1
753107,6da9277a-be20-4ba3-8061-90687e68e5bd,401103321,57633,2025,fourth_quarter,2026-03-17T12:49:06-04:00,unclear,0.95,agreed,new2025_genuine,1
753464,42fd830a-29f6-4d92-b4ca-82ff2188c97a,401110211,70383,2026,first_quarter,2026-01-05T12:55:47-05:00,unclear,0.95,agreed,unknown,1
753467,7cd44718-178e-4401-9997-30326c6e6b15,401109999,70385,2026,first_quarter,2026-01-05T13:13:22-05:00,unclear,0.8,agreed,entrant2026,1
753508,e4d7310d-9b7d-4fe0-83a1-22ba2f867ef9,401099066,70420,2026,first_quarter,2026-01-06T17:45:19-05:00,unclear,0.5,agreed,unknown,1
753524,547a90a6-6160-4479-a291-0f33133d02ac,401109900,70443,2026,first_quarter,2026-01-07T19:37:17-05:00,unclear,0.5,agreed,entrant2026,1
753560,c04ec9fa-b575-4033-840a-ca29ed8939a9,35230,70486,2026,first_quarter,2026-01-09T15:32:12-05:00,unclear,0.95,agreed,established,0
753592,13d82356-4a13-43f1-9554-62a9785c3637,401110071,70506,2026,first_quarter,2026-01-12T12:20:54-05:00,unclear,0.5,agreed,entrant2026,0
753599,7ce63d6b-7954-4bde-9823-e5c4f3ca50ee,401110071,70514,2026,first_quarter,2026-01-12T13:26:29-05:00,unclear,0.5,agreed,entrant2026,1
753607,73533da5-59d7-4b2c-b64a-ae025b5b9e06,401110071,70516,2026,first_quarter,2026-01-12T13:39:02-05:00,unclear,0.75,agreed,entrant2026,0
753761,06f041a9-2003-4e3c-8e5c-fcbed26fa750,401109030,70736,2026,first_quarter,2026-01-19T17:13:10-05:00,unclear,0.5,agreed,entrant2026,0
754132,30523921-2179-41ae-85b1-cfc7a5c90066,401110224,71068,2026,first_quarter,2026-02-04T11:22:26-05:00,unclear,0.95,agreed,unknown,1
754385,1502610f-21ff-487e-a880-94e589361aaf,401109009,71189,2026,first_quarter,2026-02-12T14:39:38-05:00,unclear,0.95,agreed,new2025_genuine,1
754391,30538663-ce78-46e4-8213-321fd4a48f75,401109781,71190,2026,first_quarter,2026-02-12T15:01:31-05:00,unclear,0.95,agreed,new2025_genuine,1
754570,abc97552-ec28-45d0-92c4-7753e7db7415,401104898,202907,2026,first_quarter,2026-02-17T14:09:25-05:00,relief,0.9,agreed,new2025_genuine,1
754671,b82e60f9-6f6c-4c23-aba1-66b9de11a257,8316,71356,2026,first_quarter,2026-02-20T11:26:13-05:00,relief,0.9,agreed,entrant2026,0
754700,3cf23b02-fae1-487d-9542-b684300c39ae,2057,71370,2026,first_quarter,2026-02-20T17:09:03-05:00,unclear,0.4,agreed,entrant2026,0
754798,9e07ec5f-d1c2-4cbf-8009-e6ef6faa3451,401110172,71421,2026,first_quarter,2026-02-24T15:16:35-05:00,unclear,0.95,agreed,entrant2026,0
754866,3306f9b4-e43d-4f89-8453-7ff85adfe600,401110396,71456,2026,first_quarter,2026-02-25T13:07:51-05:00,unclear,0.5,agreed,entrant2026,1
755039,c9cb5ae1-5448-40b7-8cc2-00927a5b951a,401109009,71534,2026,first_quarter,2026-03-02T16:28:21-05:00,unclear,0.95,agreed,new2025_genuine,1
755069,a64448bb-35f0-4fba-8e4d-1a7190570253,401109292,71558,2026,first_quarter,2026-03-02T18:39:34-05:00,unclear,0.5,agreed,new2025_genuine,0
755264,02a1f052-80c5-43a2-a906-a8e32a3ed1c8,45835,71662,2026,first_quarter,2026-03-07T08:37:30-05:00,unclear,0.5,agreed,entrant2026,1
755316,f6381c93-c18e-4251-a721-243f80ca3da9,401105973,71682,2026,first_quarter,2026-03-10T09:53:38-04:00,unclear,0.95,agreed,entrant2026,0
755569,acc7be08-2667-4441-9991-f038c68e9ebf,400534596,71804,2026,first_quarter,2026-03-17T14:14:55-04:00,unclear,0.95,agreed,entrant2026,0
755600,b9d85899-4cf8-40f6-b804-7379aa09d9ab,75557,71820,2026,first_quarter,2026-03-18T09:25:28-04:00,unclear,0.95,agreed,established,0
755681,660f4040-046d-4852-b631-af720ea1e001,401105573,71848,2026,first_quarter,2026-03-18T20:37:14-04:00,unclear,0.5,agreed,unknown,1
756148,8a6c7e1b-0d54-44dd-a670-e05fe04415a9,401110396,72043,2026,first_quarter,2026-03-30T11:42:55-04:00,unclear,0.5,agreed,entrant2026,0
756440,b0072113-a847-4fa6-804f-2651f9a8335c,21632,72108,2026,first_quarter,2026-03-31T23:52:26-04:00,unclear,0.5,agreed,established,0
757154,e2669498-200e-4dfb-99b7-c0dd1456ef8f,39941,148807,2026,first_quarter,2026-04-03T12:00:38-04:00,relief,0.95,agreed,established,1
757485,d860150d-1d91-4e5c-946e-ec7659f6cb47,401106405,213706,2026,first_quarter,2026-04-06T09:59:04-04:00,relief,0.92,agreed,established,1
757507,727abb7a-1481-4d4c-aeb5-ed0653daf061,401104288,213176,2026,first_quarter,2026-04-06T10:41:11-04:00,unclear,0.5,agreed,established,0
757523,c4c9c6f2-567f-40e9-a45a-97f75d1227ce,400458236,191193,2026,first_quarter,2026-04-06T11:00:09-04:00,unclear,0.5,agreed,new2025_genuine,1
757636,9925a956-190b-4cc2-9444-1c46a21fea1d,28504,134535,2026,first_quarter,2026-04-06T13:45:47-04:00,relief,0.95,agreed,established,1
757682,2ca03c57-bd8c-4959-9088-008851252ea6,75557,59656,2026,first_quarter,2026-04-06T14:30:51-04:00,unclear,0.95,agreed,established,1
758084,80094dba-5666-492c-8308-5838f634caf0,55291,159694,2026,first_quarter,2026-04-07T11:52:04-04:00,relief,0.9,agreed,new2025_incumbent,1
758438,db0291b3-a6fe-41bd-8828-be7138d75f20,401103276,198380,2026,first_quarter,2026-04-07T16:49:40-04:00,unclear,0.45,opus,new2025_genuine,1
758982,b9ca351b-6b9f-43c4-a8cd-41a42e50eb5d,400487397,57259,2026,first_quarter,2026-04-08T14:03:29-04:00,unclear,0.95,agreed,established,1
759031,fa9c2db6-ae53-4fd1-be2b-d0443f67590c,401106062,72293,2026,first_quarter,2026-04-08T14:21:00-04:00,unclear,0.55,agreed,unknown,1
759141,ab38dea6-5bbf-4d12-9ecc-d960c3fc27fb,401107390,61282,2026,first_quarter,2026-04-08T15:06:19-04:00,unclear,0.5,agreed,new2025_genuine,1
759156,85cff9ba-16ed-4159-a1c0-f491fad63def,401107390,67036,2026,first_quarter,2026-04-08T15:09:58-04:00,monitoring,0.55,opus,new2025_genuine,1
759167,dbc8dfef-eb5c-45cd-bad3-800fd2caf0c5,401107390,67035,2026,first_quarter,2026-04-08T15:16:51-04:00,unclear,0.5,agreed,new2025_genuine,1
759257,18f6bf0c-8e75-4919-9f0d-9b730f9c4764,157,67584,2026,first_quarter,2026-04-08T17:07:09-04:00,unclear,0.5,agreed,new2025_incumbent,1
759403,03ce5773-80b5-464b-8cea-89f2fca73acd,27332,134279,2026,first_quarter,2026-04-09T09:56:20-04:00,unclear,0.4,agreed,new2025_genuine,1
759529,a8b3bff4-e865-4569-bec5-c59025371c4f,401106954,67143,2026,first_quarter,2026-04-09T12:26:57-04:00,monitoring,0.75,agreed,new2025_genuine,1
759535,308d31c6-e5f3-40f5-8525-0370bdad3f94,320918,59608,2026,first_quarter,2026-04-09T12:29:01-04:00,unclear,0.95,agreed,new2025_incumbent,1
759572,ea5fa33c-af48-4064-a657-e44be4b1aa5f,401110429,72319,2026,first_quarter,2026-04-09T13:08:11-04:00,protection,0.85,opus,entrant2026,0
759944,428ad6c0-29b1-455e-b963-503ca7326db3,401109030,70736,2026,first_quarter,2026-04-09T18:39:33-04:00,unclear,0.5,agreed,entrant2026,1
760046,99bb3f5e-d764-4b78-8bd1-265a37bad4d9,401109322,64964,2026,first_quarter,2026-04-10T10:03:49-04:00,unclear,0.45,opus,entrant2026,1
760140,b7e1d5aa-70de-484b-b82c-1f3db67c5f19,298012,179855,2026,first_quarter,2026-04-10T10:50:02-04:00,unclear,0.5,agreed,new2025_genuine,1
760148,6683c409-1792-4a52-a6d1-7d446ef048a1,298012,179856,2026,first_quarter,2026-04-10T10:55:26-04:00,unclear,0.5,agreed,new2025_genuine,1
760235,18ac3b92-9c2a-4fbb-badc-8606c7b52a24,28812,134591,2026,first_quarter,2026-04-10T11:40:51-04:00,unclear,0.5,agreed,new2025_genuine,1
760263,4f64bafd-4c3e-4ad3-89ae-ee226b89bc82,7975,111010,2026,first_quarter,2026-04-10T12:02:06-04:00,unclear,0.4,agreed,established,1
760549,621de998-c282-4c0b-bdc5-773f4d3a83b3,11388,72375,2026,first_quarter,2026-04-10T16:58:04-04:00,unclear,0.95,agreed,entrant2026,0
760672,27c13123-b1fd-4f55-81e2-fd0083c6c455,400661993,210126,2026,first_quarter,2026-04-10T21:53:23-04:00,unclear,0.4,agreed,established,1
760697,ac7664ca-c7a8-4b3e-a73f-ec4ef66c5bbc,401104454,201870,2026,first_quarter,2026-04-11T09:25:59-04:00,unclear,0.5,agreed,new2025_genuine,1
760723,960f3583-b983-4e7e-86dc-f6f80c6dc6f6,401104876,202865,2026,first_quarter,2026-04-11T13:47:23-04:00,unclear,0.4,agreed,new2025_incumbent,1
760743,aa44fa9c-5b4d-4666-a527-b290ee8f59b6,45937,153798,2026,first_quarter,2026-04-11T15:14:31-04:00,unclear,0.6,agreed,established,1
760833,07509aff-bbf0-4bdb-b251-a6ab8e3a50dd,401110525,72384,2026,first_quarter,2026-04-12T14:35:41-04:00,unclear,0.55,agreed,unknown,1
760987,79196551-c3eb-4f5b-9f91-d8a9579925b9,36366,145446,2026,first_quarter,2026-04-13T09:31:31-04:00,unclear,0.5,agreed,established,1
761432,9c34701c-f71d-4d65-81bc-130fe4e15d4b,400408933,190355,2026,first_quarter,2026-04-13T14:19:58-04:00,relief,0.8,agreed,established,1
761662,5d384309-6411-4011-87b5-ecceb5ba4708,401108359,72386,2026,first_quarter,2026-04-13T16:06:03-04:00,relief,0.75,opus,entrant2026,1
761826,22e58564-3fbe-4820-bcbc-164095039577,303575,68453,2026,first_quarter,2026-04-13T20:13:17-04:00,unclear,0.5,agreed,new2025_incumbent,1
762029,0fd4c2bd-5236-4489-94d1-47c6a416a6d3,401103524,199384,2026,first_quarter,2026-04-14T09:54:23-04:00,unclear,0.9,agreed,established,1
762168,24ba7d30-75f7-44af-9581-68de5a24fa80,401110170,70127,2026,first_quarter,2026-04-14T10:51:16-04:00,unclear,0.5,opus,new2025_genuine,1
762545,253cbfdf-989e-41ca-867d-5f2dd8f4dbc2,400646949,193834,2026,first_quarter,2026-04-14T13:42:34-04:00,unclear,0.4,agreed,new2025_genuine,1
762567,0fd16fd2-e219-4be6-9c74-08e050a61407,400646949,69313,2026,first_quarter,2026-04-14T13:47:43-04:00,unclear,0.4,agreed,new2025_genuine,1
763013,cd432107-5547-4d01-9980-fd1dd883d6d1,30495,135839,2026,first_quarter,2026-04-14T16:17:23-04:00,unclear,0.6,agreed,new2025_incumbent,1
763103,184e5faf-c7cb-45c6-9d18-f4572a0d054b,18466,69671,2026,first_quarter,2026-04-14T16:57:07-04:00,unclear,0.5,agreed,new2025_incumbent,1
763168,7701bbdf-1138-4e88-af91-9ec6b640d1cd,75557,68780,2026,first_quarter,2026-04-14T17:42:24-04:00,relief,0.95,agreed,established,1
763196,d4dcb2ec-8b4d-4ae1-8cf3-2009ed81ff4d,401109474,66368,2026,first_quarter,2026-04-14T17:47:39-04:00,unclear,0.7,agreed,new2025_genuine,1
763275,f2e7bd57-c23a-4c68-a5ba-18392afb945e,401104288,69132,2026,first_quarter,2026-04-14T18:15:39-04:00,unclear,0.5,agreed,established,1
763340,2d679d9e-7c07-4303-8f10-fef66385f159,401104288,64266,2026,first_quarter,2026-04-14T20:08:57-04:00,unclear,0.5,agreed,established,1
763565,0aa5e798-fda9-4b5b-9edd-130c8f71329e,307034,182219,2026,first_quarter,2026-04-15T09:09:07-04:00,unclear,0.5,agreed,new2025_genuine,1
763610,5ccf256b-b0fc-47b9-8d3a-3151a38d39fb,401105943,208694,2026,first_quarter,2026-04-15T09:27:59-04:00,unclear,0.5,opus,new2025_incumbent,1
763617,8d6d037d-5b11-4e34-8b7b-3a50edb3e916,10935,114903,2026,first_quarter,2026-04-15T09:31:20-04:00,unclear,0.4,agreed,established,1
764022,68a564dd-d912-4359-bae7-8465ce6058a2,20697,126907,2026,first_quarter,2026-04-15T12:07:36-04:00,relief,0.9,agreed,new2025_incumbent,1
764155,e45ae6e5-7d6d-4ddc-bb00-eaf03b42eacc,401105973,71682,2026,first_quarter,2026-04-15T12:57:37-04:00,unclear,0.95,agreed,entrant2026,1
764261,f18bc1cd-0737-443c-808b-a8c494e04f57,16010,121526,2026,first_quarter,2026-04-15T13:36:38-04:00,unclear,0.95,agreed,established,1
764335,f2ab02f4-6151-458d-ab5a-9281f0c91ef4,2057,71370,2026,first_quarter,2026-04-15T13:53:39-04:00,unclear,0.4,agreed,entrant2026,1
764511,fafd237a-8750-4b40-8904-9b9f99195058,401104288,66825,2026,first_quarter,2026-04-15T14:37:48-04:00,unclear,0.5,agreed,established,1
764526,c744a905-8250-408c-b046-253bbe9391f3,401104288,69173,2026,first_quarter,2026-04-15T14:41:46-04:00,relief,0.85,agreed,established,1
764638,d054b123-ded5-4e47-b7ba-adeca4de9334,401023888,197070,2026,first_quarter,2026-04-15T15:00:52-04:00,unclear,0.5,agreed,established,1
765146,bffbecd5-e540-4a15-b7be-a9701ff2e8b4,401108705,61134,2026,first_quarter,2026-04-15T16:20:59-04:00,unclear,0.9,agreed,new2025_incumbent,1
765199,e9069cf2-5212-4172-9d81-60cede88d4ef,317311,186004,2026,first_quarter,2026-04-15T16:27:35-04:00,unclear,0.95,agreed,established,1
765276,925abc47-b337-43d6-b9b2-3ca7156cf9c3,75557,65185,2026,first_quarter,2026-04-15T16:35:23-04:00,unclear,0.95,agreed,established,1
765462,6e94e133-3d34-41f3-bffa-8bd91642c2c5,400978796,196659,2026,first_quarter,2026-04-15T17:24:34-04:00,unclear,0.95,agreed,established,1
765634,d3b7f743-5050-4bdb-bdf7-b3e24b6039d3,401104288,213176,2026,first_quarter,2026-04-15T18:55:15-04:00,unclear,0.5,agreed,established,0
765645,acdebd76-a44c-4d3f-8112-69b3952215b7,7257,57290,2026,first_quarter,2026-04-15T19:15:51-04:00,unclear,0.9,agreed,established,1
765655,04978280-7ddb-4c57-aa9b-764803f0bad2,7257,110079,2026,first_quarter,2026-04-15T19:20:05-04:00,unclear,0.4,agreed,established,1
765674,ef7e172a-4dc2-43db-af1a-0c97bedd9dd1,401105415,203651,2026,first_quarter,2026-04-15T19:29:04-04:00,unclear,0.55,agreed,new2025_genuine,1
765702,9db15473-63a5-4e72-b874-8644cdf17544,401104288,69911,2026,first_quarter,2026-04-15T20:08:09-04:00,unclear,0.5,agreed,established,1
765791,bcacbeb9-7f68-4bef-b0a4-84ca2c77b37d,401104288,64889,2026,first_quarter,2026-04-15T21:54:35-04:00,monitoring,0.9,agreed,established,1
766138,2e4fcf4c-cf5c-4f7c-b845-d6a1320cd382,70175,69831,2026,first_quarter,2026-04-16T10:58:07-04:00,unclear,0.65,agreed,new2025_incumbent,1
766303,e8132bc6-6d5e-4d06-97b0-7f9c472cbde8,401107078,53623,2026,first_quarter,2026-04-16T11:37:06-04:00,unclear,0.95,agreed,new2025_genuine,1
766319,ad82fb84-4df0-4701-88b3-3f9bbc2b22b3,401104010,200631,2026,first_quarter,2026-04-16T11:40:43-04:00,monitoring,0.9,agreed,established,1
766422,683f4010-5dc1-43ad-82bb-914aadd387aa,401104288,67212,2026,first_quarter,2026-04-16T12:04:57-04:00,unclear,0.5,agreed,established,1
766433,e0faafab-3a84-4b62-9cd6-f33fa020429e,401104288,69866,2026,first_quarter,2026-04-16T12:07:48-04:00,unclear,0.4,agreed,established,1
766880,23af4562-2908-445c-97cd-d52a38ab9e26,401104288,60648,2026,first_quarter,2026-04-16T14:09:32-04:00,relief,0.95,agreed,established,1
767068,33d75f1e-be53-440e-9e56-8413eeda942b,30906,57907,2026,first_quarter,2026-04-16T14:37:41-04:00,unclear,0.5,agreed,established,1
767094,0fd5bab7-55f2-43fc-947c-71ccba20e3af,401105534,211567,2026,first_quarter,2026-04-16T14:41:50-04:00,relief,0.9,agreed,new2025_incumbent,1
767134,4fd92a9f-3908-478f-beff-534dd94266ea,7257,65567,2026,first_quarter,2026-04-16T14:49:16-04:00,unclear,0.5,agreed,established,1
767463,8e6fe385-2f1e-476e-8c79-0653c151beab,401107792,69345,2026,first_quarter,2026-04-16T15:41:13-04:00,relief,0.55,opus,new2025_genuine,1
767555,57726486-2553-44a3-84b1-42b355b73b64,401109039,66519,2026,first_quarter,2026-04-16T15:53:14-04:00,unclear,0.5,agreed,new2025_genuine,1
767579,50d24875-e42a-432a-bddb-e36b23a87a8c,401109039,66529,2026,first_quarter,2026-04-16T15:58:48-04:00,unclear,0.85,agreed,new2025_genuine,1
767657,90a73dd5-a1e8-49d5-afc1-89ecfcbe959b,401110071,70516,2026,first_quarter,2026-04-16T16:21:04-04:00,unclear,0.4,agreed,entrant2026,1
767683,6deafc62-415f-47fb-8af3-0cbd4d191eef,40011085,187707,2026,first_quarter,2026-04-16T16:23:11-04:00,unclear,0.95,agreed,new2025_genuine,1
767782,febd80ce-61e3-4ad9-830c-329e5e5c43f5,283696,65153,2026,first_quarter,2026-04-16T16:48:41-04:00,unclear,0.5,agreed,established,1
767866,89091560-9e1d-4daa-b366-5c783b2ee170,401104288,63568,2026,first_quarter,2026-04-16T17:10:57-04:00,unclear,0.55,agreed,established,1
767932,49edb3de-91ef-4991-b411-768e71a2e291,55792,159864,2026,first_quarter,2026-04-16T17:26:11-04:00,unclear,0.95,agreed,established,1
767966,2aacdc93-9a8e-4694-87b2-86dce5953d3a,401104288,65433,2026,first_quarter,2026-04-16T17:33:30-04:00,unclear,0.5,agreed,established,1
768144,18a36fd3-6e7d-492d-98d4-3ae6b01a34d5,11388,72375,2026,first_quarter,2026-04-16T19:46:14-04:00,relief,0.95,agreed,entrant2026,1
768173,3ff610ac-11c2-4bbf-971d-699d19b9817d,305852,181712,2026,first_quarter,2026-04-16T20:10:50-04:00,unclear,0.5,agreed,new2025_genuine,1
768257,5bc0efe7-62c4-4680-8548-8df3e97144e9,283754,175013,2026,first_quarter,2026-04-16T21:23:47-04:00,unclear,0.4,opus,entrant2026,1
768403,af2abe16-576f-4ba6-860b-b9ce570f2aed,401105514,68586,2026,first_quarter,2026-04-17T08:37:41-04:00,unclear,0.95,agreed,new2025_incumbent,1
768575,fa34f0b0-151a-4b55-98b5-d65745c97d3c,401109039,67024,2026,first_quarter,2026-04-17T08:59:04-04:00,unclear,0.55,agreed,new2025_genuine,1
768622,426f21c8-9c28-463f-9024-80c61d5125aa,400774330,206210,2026,first_quarter,2026-04-17T09:01:40-04:00,unclear,0.5,agreed,established,1
768680,389bdce2-1e76-4717-b116-4aba9b071622,401104288,68596,2026,first_quarter,2026-04-17T09:04:44-04:00,unclear,0.55,agreed,established,1
768913,a1364017-6396-4716-87ea-3916658a4314,401104288,63892,2026,first_quarter,2026-04-17T09:36:41-04:00,unclear,0.5,agreed,established,1
768971,4b9ee6c6-ceb7-4504-b1a2-22ea4d78063e,401104288,65277,2026,first_quarter,2026-04-17T09:47:54-04:00,unclear,0.5,agreed,established,1
769119,1216107a-10ed-4e52-b524-79351ee002c5,400695073,194329,2026,first_quarter,2026-04-17T10:02:29-04:00,unclear,0.5,agreed,established,1
769153,443479d1-bd76-4b2c-8da0-958c88dddf22,53777,158495,2026,first_quarter,2026-04-17T10:08:50-04:00,unclear,0.4,agreed,new2025_incumbent,1
769167,6f66580f-2243-4061-b4ac-df9c1da53de3,39837,147922,2026,first_quarter,2026-04-17T10:11:01-04:00,unclear,0.6,agreed,established,1
769198,2c1df85e-5ce8-4f4a-9de6-f01173ef1d29,39837,148499,2026,first_quarter,2026-04-17T10:14:33-04:00,unclear,0.5,agreed,established,1
769245,25e6225c-f3a9-4291-9098-24402e756d0f,75557,71820,2026,first_quarter,2026-04-17T10:18:17-04:00,unclear,0.95,agreed,established,1
769369,51202e66-51fb-4ab8-825d-aab362ca688e,401104288,70199,2026,first_quarter,2026-04-17T10:28:49-04:00,unclear,0.5,agreed,established,1
769562,c1ab67f7-67b1-4c57-a327-49e8e2a497bc,401093052,197760,2026,first_quarter,2026-04-17T10:42:43-04:00,unclear,0.95,agreed,new2025_genuine,1
769671,26b503b3-7719-489f-913f-b439a57d8bf4,41454,64962,2026,first_quarter,2026-04-17T10:52:57-04:00,unclear,0.5,agreed,new2025_incumbent,1
769909,01cebb0b-c817-4fa6-a92e-fca69b82277d,15942,121521,2026,first_quarter,2026-04-17T11:11:15-04:00,unclear,0.5,agreed,new2025_genuine,1
770004,8cf6e880-4469-4823-8825-92cd5cd4d0e5,401104405,205420,2026,first_quarter,2026-04-17T11:20:32-04:00,relief,0.85,agreed,new2025_genuine,1
770196,cfec1efc-ceef-436f-81e3-c4eb74022fab,401110071,70506,2026,first_quarter,2026-04-17T11:40:09-04:00,unclear,0.9,agreed,entrant2026,0
770362,e7eb9db5-1f49-44d2-8b64-ab4177eaedf2,39837,148563,2026,first_quarter,2026-04-17T11:50:16-04:00,unclear,0.5,agreed,established,1
770546,13f5e730-287b-49ea-b09d-4fb6aa20b97e,401110071,70506,2026,first_quarter,2026-04-17T12:12:47-04:00,unclear,0.5,agreed,entrant2026,1
770558,8056bcb8-f90b-4896-a4b3-4204db2afce2,401106132,211336,2026,first_quarter,2026-04-17T12:15:21-04:00,unclear,0.5,agreed,established,1
770644,85ab2a36-b887-4b1f-b375-3d36dcde6333,401106132,68466,2026,first_quarter,2026-04-17T12:24:13-04:00,unclear,0.5,agreed,established,1
770662,628e55d7-1e54-4e91-8d84-8b8cd09ae982,35707,144325,2026,first_quarter,2026-04-17T12:25:51-04:00,unclear,0.4,agreed,new2025_incumbent,1
770706,71b8cc7c-fd28-4a83-b32c-f01a4be6e677,401106132,70544,2026,first_quarter,2026-04-17T12:33:41-04:00,unclear,0.5,agreed,established,1
771524,6a4041ff-a24b-4580-9dc7-b78e16cdb9fb,87654,173616,2026,first_quarter,2026-04-17T13:54:12-04:00,unclear,0.5,agreed,new2025_genuine,1
771597,b6108763-187d-4a6b-980b-ea1d1648434a,401109292,66836,2026,first_quarter,2026-04-17T14:00:11-04:00,unclear,0.95,agreed,new2025_genuine,1
771616,916c53d4-feb1-4128-b436-7a64f67f3242,401104641,68463,2026,first_quarter,2026-04-17T14:01:02-04:00,unclear,0.4,opus,new2025_incumbent,1
772178,fa764c5b-f0e6-488a-975f-3d46bc564dfe,284950,64115,2026,first_quarter,2026-04-17T14:33:57-04:00,unclear,0.4,agreed,new2025_incumbent,1
772398,6258e50f-7b0b-4863-9a33-8f98e10a1f27,57338,159975,2026,first_quarter,2026-04-17T14:50:04-04:00,relief,0.95,agreed,established,1
772796,12679d99-ae4e-4dd9-b6e5-fd74c118a13d,401109039,69596,2026,first_quarter,2026-04-17T15:24:35-04:00,unclear,0.95,agreed,new2025_genuine,1
772958,a68139d9-4dbd-46d9-9f85-71f3856c3594,401109039,70080,2026,first_quarter,2026-04-17T15:43:20-04:00,unclear,0.95,agreed,new2025_genuine,1
772985,1ef4d08d-646d-4626-9df6-6998a5a47665,401109238,65298,2026,first_quarter,2026-04-17T15:46:15-04:00,monitoring,0.9,agreed,new2025_genuine,1
773134,c07f9b8b-db6a-4708-9cf1-2d0ccb58429c,40004026,187479,2026,first_quarter,2026-04-17T16:05:26-04:00,unclear,0.5,agreed,new2025_incumbent,1
773424,6936ffed-a5f9-42f3-bfc6-3af7af62299e,7758,110904,2026,first_quarter,2026-04-17T16:43:10-04:00,relief,0.95,agreed,new2025_incumbent,1
773744,02873de2-309c-404d-a05b-6e364da937d6,40011087,187711,2026,first_quarter,2026-04-17T17:34:47-04:00,relief,0.9,agreed,established,1
773872,0528d5a7-d2cb-4fe8-94b3-98e97ba77939,38687,146957,2026,first_quarter,2026-04-17T18:17:02-04:00,unclear,0.4,agreed,established,1
773996,ee145903-10fd-4bd8-b47b-6f6a0b358f0e,5211,106016,2026,first_quarter,2026-04-17T20:12:00-04:00,unclear,0.9,agreed,established,1
774020,96f44e73-b20c-4f59-b5f9-e3dc392428e3,58476,160605,2026,first_quarter,2026-04-17T20:29:39-04:00,unclear,0.5,agreed,new2025_genuine,1
774491,ec2491af-b509-4937-be5c-be9ac1a9ea56,401104718,55076,2026,first_quarter,2026-04-18T11:25:17-04:00,unclear,0.55,agreed,established,1
774566,f1b7635e-77a6-454f-ac45-249ca486450d,401106670,64539,2026,first_quarter,2026-04-18T12:06:04-04:00,unclear,0.95,agreed,new2025_genuine,1
774576,6bd60883-b9c8-4537-b51a-03ab5670950c,401106670,61494,2026,first_quarter,2026-04-18T12:09:28-04:00,unclear,0.95,agreed,new2025_genuine,1
774592,4d1bbb1a-7863-42c0-9964-85d926fe0796,401106670,64547,2026,first_quarter,2026-04-18T12:19:08-04:00,unclear,0.95,agreed,new2025_genuine,1
774599,49ab6fd5-937f-4428-a9e0-6a308820ffe0,401106670,68623,2026,first_quarter,2026-04-18T12:23:47-04:00,unclear,0.7,agreed,new2025_genuine,1
774621,578a1e0a-3baa-4889-98e9-66eefe0273aa,401106670,64543,2026,first_quarter,2026-04-18T12:29:12-04:00,unclear,0.95,agreed,new2025_genuine,1
774772,77e3efc2-a799-437d-8593-8d527b243382,400534596,71804,2026,first_quarter,2026-04-18T12:57:19-04:00,unclear,0.95,agreed,entrant2026,1
774870,2ab9a733-3cb1-43e8-a930-7f7d038b868d,401106285,68573,2026,first_quarter,2026-04-18T13:26:10-04:00,unclear,0.9,agreed,established,1
774876,a44edf22-f938-4556-ac55-ca25a9637e09,17443,209710,2026,first_quarter,2026-04-18T13:28:13-04:00,unclear,0.95,agreed,new2025_incumbent,1
774880,918b9c46-5ef1-4252-96ca-8472139da145,7257,110200,2026,first_quarter,2026-04-18T13:29:06-04:00,unclear,0.95,agreed,established,1
774889,431b6ab2-1f0b-421f-8f2c-69c0cdf41a50,17443,68144,2026,first_quarter,2026-04-18T13:30:58-04:00,unclear,0.5,agreed,new2025_incumbent,1
774921,505ade25-96fc-430f-8ecb-6aa6156ac0b4,7257,70381,2026,first_quarter,2026-04-18T13:42:39-04:00,unclear,0.6,agreed,established,1
774931,7ff7a573-5587-4103-838c-008618b67286,17443,65788,2026,first_quarter,2026-04-18T13:44:17-04:00,unclear,0.55,agreed,new2025_incumbent,1
774949,f5809a97-b7f6-49bd-a4ab-f3a5ce677696,17443,209700,2026,first_quarter,2026-04-18T13:47:35-04:00,unclear,0.5,agreed,new2025_incumbent,1
775158,c7dd7963-1ef5-4190-8e7c-63a1750c4984,20744,207651,2026,first_quarter,2026-04-18T14:26:18-04:00,unclear,0.95,agreed,new2025_incumbent,1
775349,0811f12b-0a9b-4457-aaa2-0908c2f39a25,401104718,61818,2026,first_quarter,2026-04-18T15:08:01-04:00,unclear,0.5,agreed,established,1
775406,43375146-cb74-46e8-a782-1a960ba9a388,400290378,188958,2026,first_quarter,2026-04-18T15:24:04-04:00,unclear,0.5,agreed,new2025_genuine,1
775670,65d21a48-2701-4bcd-951f-fdbdc6211b15,400976792,56192,2026,first_quarter,2026-04-18T16:20:37-04:00,unclear,0.95,agreed,new2025_incumbent,1
775689,6ee45177-9b13-4f69-8a5c-195188c2f8aa,400976792,208535,2026,first_quarter,2026-04-18T16:25:49-04:00,unclear,0.95,agreed,new2025_incumbent,1
775778,1fbc7abe-f14e-49a2-b3a0-0d0a8dd52338,17443,65514,2026,first_quarter,2026-04-18T17:08:52-04:00,unclear,0.5,agreed,new2025_incumbent,1
775801,f23eaf7e-3e64-4280-ab4a-c3ca63030ea1,17443,209701,2026,first_quarter,2026-04-18T17:19:28-04:00,unclear,0.95,agreed,new2025_incumbent,1
775820,ae63cca6-788d-4f42-bef7-1336eb45196c,17443,123132,2026,first_quarter,2026-04-18T17:26:57-04:00,unclear,0.95,agreed,new2025_incumbent,1
776118,821aa3e8-6cfd-41c7-ac7d-b8c3cd4f8ccc,81511,171312,2026,first_quarter,2026-04-19T08:45:50-04:00,unclear,0.35,agreed,established,1
776186,7c7ddf9a-4347-41de-9cf3-2d61b6fee5cc,61174,69743,2026,first_quarter,2026-04-19T09:11:50-04:00,unclear,0.95,agreed,new2025_incumbent,1
776425,819b002f-daff-4c96-b95d-ebff636c010d,400320502,189244,2026,first_quarter,2026-04-19T11:54:14-04:00,monitoring,0.9,agreed,new2025_genuine,1
776505,39dbbd9b-3aa6-4fc6-bcf6-27934e839977,7257,109885,2026,first_quarter,2026-04-19T12:24:23-04:00,unclear,0.5,agreed,established,1
776782,8a23aa54-190d-48d7-b96e-59e0bb16d81b,400976792,71331,2026,first_quarter,2026-04-19T13:51:40-04:00,unclear,0.95,agreed,new2025_incumbent,1
776907,e503b845-195f-44ec-94fd-5c9a679673c9,20744,70148,2026,first_quarter,2026-04-19T14:21:01-04:00,unclear,0.95,agreed,new2025_incumbent,1
776969,d12d5af7-99f3-42ab-b10e-dca3bcde3137,32098,140427,2026,first_quarter,2026-04-19T14:36:21-04:00,unclear,0.55,agreed,new2025_incumbent,1
777198,2d5169a9-7b59-41af-99e4-b3da7a50e9cb,400976792,57164,2026,first_quarter,2026-04-19T15:45:05-04:00,unclear,0.95,agreed,new2025_incumbent,1
777213,26e2e795-97c8-4794-961e-0f86e7a78a42,400976792,53532,2026,first_quarter,2026-04-19T15:50:11-04:00,unclear,0.95,agreed,new2025_incumbent,1
777301,4a6e110d-45d3-42a4-aea1-5900ab81a99f,400426039,190608,2026,first_quarter,2026-04-19T16:07:06-04:00,monitoring,0.9,agreed,established,1
777360,de9b9305-52c1-4ff5-bb14-731ee388fcc3,400426039,56625,2026,first_quarter,2026-04-19T16:13:17-04:00,monitoring,0.9,agreed,established,1
777395,9084f9ef-6cc1-4e6d-b68c-ade3f1947c3a,17226,122806,2026,first_quarter,2026-04-19T16:15:43-04:00,relief,0.95,agreed,new2025_incumbent,1
777434,2f4c7365-e9c5-488d-ba3d-8fb8a1a166f2,400426039,190614,2026,first_quarter,2026-04-19T16:23:48-04:00,monitoring,0.9,agreed,established,1
777465,ac8c0cc1-fabc-4d92-b79f-944fe66c35aa,400426039,190611,2026,first_quarter,2026-04-19T16:31:59-04:00,monitoring,0.9,agreed,established,1
777479,9661540b-37fd-42e9-889c-f18f17e1c923,400426039,68442,2026,first_quarter,2026-04-19T16:36:25-04:00,monitoring,0.9,agreed,established,1
777525,d6b16272-97de-4c0d-a46c-32d36390b13d,400426039,190607,2026,first_quarter,2026-04-19T16:53:56-04:00,monitoring,0.9,agreed,established,1
777543,e9ff4e4a-f56b-4131-8ad3-1f3365c50b10,7805,110917,2026,first_quarter,2026-04-19T17:03:58-04:00,monitoring,0.95,agreed,established,1
777756,ef6379ee-dd7d-42fc-87d2-2a9ade2c8e37,400976792,63788,2026,first_quarter,2026-04-19T18:25:00-04:00,unclear,0.95,agreed,new2025_incumbent,1
778518,2b42a58f-517c-4fdb-9f4f-2c9bf4896b33,28220,134501,2026,first_quarter,2026-04-19T22:20:59-04:00,relief,0.7,opus,new2025_genuine,1
778667,22bb0e69-f660-4fbb-b3a3-bcfcd85136f0,401104288,205374,2026,first_quarter,2026-04-19T23:12:09-04:00,unclear,0.5,agreed,established,1
778671,16dc7e07-d71b-432c-bbb0-2d203b9f6c8d,401104288,67110,2026,first_quarter,2026-04-19T23:15:25-04:00,unclear,0.4,agreed,established,1
778949,478abd3e-594e-4919-ae88-b3094d3fd4e0,401106818,69152,2026,first_quarter,2026-04-20T07:06:51-04:00,protection,0.9,opus,new2025_genuine,1
779416,501766f0-1254-4f08-81f7-99914f7f67a0,401106818,69361,2026,first_quarter,2026-04-20T08:55:20-04:00,unclear,0.5,agreed,new2025_genuine,1
779634,74f9078b-d9e4-4ff0-8d4d-058cdf708c75,400458235,191188,2026,first_quarter,2026-04-20T09:22:37-04:00,unclear,0.95,agreed,new2025_genuine,1
779877,6cb2ffea-7766-4b1e-9331-b62b8cd9abd8,401107297,54482,2026,first_quarter,2026-04-20T09:40:06-04:00,unclear,0.55,agreed,established,1
780094,eda5856a-4cb1-40c5-9ec1-f35e696627d7,1422,102619,2026,first_quarter,2026-04-20T09:51:38-04:00,unclear,0.9,agreed,new2025_genuine,1
780137,d5c491ad-1335-4321-ab77-3c64b98e8a75,401108704,71702,2026,first_quarter,2026-04-20T09:53:52-04:00,monitoring,0.95,agreed,new2025_incumbent,1
780303,7468db56-fb74-41b3-8ad1-cac374844168,401108704,66457,2026,first_quarter,2026-04-20T10:01:08-04:00,monitoring,0.9,agreed,new2025_incumbent,1
780556,9a86963a-723d-43eb-897f-0923b1cdceb4,401109965,69560,2026,first_quarter,2026-04-20T10:11:15-04:00,relief,0.9,agreed,new2025_genuine,1
780710,9122e709-a86e-4af9-97ca-08bed9c77885,401110429,72319,2026,first_quarter,2026-04-20T10:18:49-04:00,unclear,0.45,agreed,entrant2026,1
780797,40cd82d6-9c6f-4688-ab02-902b4899c168,55291,70047,2026,first_quarter,2026-04-20T10:22:15-04:00,unclear,0.95,agreed,new2025_incumbent,1
780955,4a2cc618-36eb-4e34-a89f-4329450dc276,14187,119522,2026,first_quarter,2026-04-20T10:28:53-04:00,mixed,0.65,opus,new2025_incumbent,1
781046,24a0100a-b757-42f2-8dd7-d08ec968eb18,400838477,195599,2026,first_quarter,2026-04-20T10:30:49-04:00,unclear,0.5,agreed,new2025_incumbent,1
781053,829c774b-69a8-4371-99ec-dcc703aca293,76695,169003,2026,first_quarter,2026-04-20T10:31:20-04:00,relief,0.85,opus,new2025_genuine,1
781107,69b2b98c-9cff-4ab2-8751-7117625a1204,401108704,67537,2026,first_quarter,2026-04-20T10:33:12-04:00,monitoring,0.95,agreed,new2025_incumbent,1
781290,e74afbb2-e1a9-488c-aa58-aa0ca40c4f80,401108704,60974,2026,first_quarter,2026-04-20T10:39:51-04:00,unclear,0.95,agreed,new2025_incumbent,1
781563,7e17b37e-e56f-4b4c-8363-005c8752f9eb,28606,134545,2026,first_quarter,2026-04-20T10:47:53-04:00,unclear,0.95,agreed,new2025_genuine,1
781877,9f07e988-2578-461b-bf76-592a67741a3f,401110172,71421,2026,first_quarter,2026-04-20T10:59:51-04:00,unclear,0.95,agreed,entrant2026,1
781884,93a697c4-a3a9-43d9-bc94-754b93730191,296271,70179,2026,first_quarter,2026-04-20T11:00:13-04:00,unclear,0.95,agreed,new2025_incumbent,1
781887,916ae8f7-ef72-4566-8ed1-3e8c49558f55,5357,65657,2026,first_quarter,2026-04-20T11:00:36-04:00,unclear,0.5,agreed,new2025_incumbent,1
782017,41519a85-f174-49ad-a4b0-42656ee7504a,401106408,213758,2026,first_quarter,2026-04-20T11:06:09-04:00,unclear,0.4,agreed,new2025_genuine,1
782019,301f7775-85ca-4e75-8804-82cebeb0c4af,401104288,68666,2026,first_quarter,2026-04-20T11:06:24-04:00,unclear,0.6,agreed,established,1
782126,0d66d0ee-7741-4ca2-82df-7505b9c72dc7,35230,70486,2026,first_quarter,2026-04-20T11:10:57-04:00,unclear,0.95,agreed,established,1
782391,1fe60ef6-5f20-48aa-8e24-e1c343212aed,4766,104899,2026,first_quarter,2026-04-20T11:19:55-04:00,protection,0.7,opus,established,1
782616,deec8f98-f0d4-4934-97d9-8afa9c8e67b1,40004027,187481,2026,first_quarter,2026-04-20T11:25:20-04:00,unclear,0.95,agreed,established,1
782653,52bdb5cf-64ce-4550-9699-72c3c4d86ab0,682,101166,2026,first_quarter,2026-04-20T11:26:24-04:00,unclear,0.4,opus,new2025_incumbent,1
782714,73ab50ca-f61a-4717-9bf0-ae9dad92f321,13370,118930,2026,first_quarter,2026-04-20T11:27:28-04:00,unclear,0.55,agreed,established,1
782769,a23c384c-1930-462d-ae0c-89083c37294e,401104313,205407,2026,first_quarter,2026-04-20T11:29:07-04:00,unclear,0.95,agreed,established,1
782851,fae7b9bb-cd88-42bb-a4ef-e19e340b576d,682,70277,2026,first_quarter,2026-04-20T11:32:08-04:00,unclear,0.95,agreed,new2025_incumbent,1
782892,21d2ffc8-d22b-4dec-acd4-d5917f81fdd0,284050,64910,2026,first_quarter,2026-04-20T11:33:35-04:00,unclear,0.95,agreed,new2025_incumbent,1
782983,71c0c123-cdb2-41d5-9e4c-6e7dc1b5d9cd,401105498,203770,2026,first_quarter,2026-04-20T11:36:18-04:00,unclear,0.4,agreed,new2025_genuine,1
782993,3d91e675-6eb3-44a1-afc9-56304be86db9,401105303,203521,2026,first_quarter,2026-04-20T11:36:25-04:00,unclear,0.95,agreed,established,1
783105,fc0539fd-6673-4c5e-8e15-ec7f925bb10b,283696,64187,2026,first_quarter,2026-04-20T11:39:02-04:00,unclear,0.4,agreed,established,1
783190,0a806986-862f-4916-840e-daf3a6f65043,284050,66250,2026,first_quarter,2026-04-20T11:42:13-04:00,unclear,0.55,agreed,new2025_incumbent,1
783541,44cdd304-e2cd-4f9c-af8f-0daeb9ced0de,401104313,63973,2026,first_quarter,2026-04-20T11:52:29-04:00,unclear,0.95,agreed,established,1
783692,462e66d6-acef-4568-80db-26025ba4f331,26912,134239,2026,first_quarter,2026-04-20T11:56:36-04:00,unclear,0.5,agreed,established,1
783741,883f0922-1968-422c-8400-9b7f4d02c501,296271,65523,2026,first_quarter,2026-04-20T11:58:08-04:00,unclear,0.7,agreed,new2025_incumbent,1
783801,7f92bea9-e8d1-41ec-bbc8-3e5d96c2c151,401106319,69334,2026,first_quarter,2026-04-20T11:59:37-04:00,unclear,0.9,agreed,new2025_incumbent,1
783876,0b9cef83-b4d4-4ca6-8105-a9739618ed4c,401109292,71558,2026,first_quarter,2026-04-20T12:02:35-04:00,unclear,0.5,agreed,new2025_genuine,1
784007,adfb0e59-014f-46a0-9e87-1d2d4cec4595,5357,106269,2026,first_quarter,2026-04-20T12:06:40-04:00,unclear,0.5,agreed,new2025_incumbent,1
784137,16275f55-e2d3-4a0c-93cc-ce2ba67afe21,25603,206900,2026,first_quarter,2026-04-20T12:12:03-04:00,unclear,0.95,agreed,established,1
784341,b81d87bf-a726-4265-bc39-76073dbbb83e,5357,68070,2026,first_quarter,2026-04-20T12:21:41-04:00,unclear,0.5,agreed,new2025_incumbent,1
784384,69b2531b-ace8-454d-bf3b-343690cb449f,55291,55863,2026,first_quarter,2026-04-20T12:23:05-04:00,unclear,0.9,agreed,new2025_incumbent,1
784581,8a7807f3-2959-4183-bc44-08639b9ef673,401025893,69104,2026,first_quarter,2026-04-20T12:32:22-04:00,unclear,0.95,agreed,new2025_genuine,1
784604,dffe0990-ed6c-41d0-a46d-e2ee8a053eac,400269232,188618,2026,first_quarter,2026-04-20T12:33:25-04:00,unclear,0.5,agreed,entrant2026,1
784718,2941015f-31c1-442f-b877-1cbd71a7ac18,401105551,67671,2026,first_quarter,2026-04-20T12:38:20-04:00,unclear,0.5,agreed,new2025_genuine,1
784992,a86a0374-d49c-4c87-bffa-f50541f54e7c,401105589,205749,2026,first_quarter,2026-04-20T12:50:39-04:00,unclear,0.35,agreed,established,1
785195,9061787a-e2f8-48b6-ba07-fd7b7b956ec6,313715,68905,2026,first_quarter,2026-04-20T12:59:08-04:00,unclear,0.6,agreed,new2025_incumbent,1
785257,6d693ec3-4a76-4497-aa6e-038989c9c045,401105068,57089,2026,first_quarter,2026-04-20T13:01:53-04:00,unclear,0.6,agreed,new2025_incumbent,1
785411,a05164ca-10db-408f-8c0b-63d88c31178e,401107007,64042,2026,first_quarter,2026-04-20T13:08:46-04:00,unclear,0.95,agreed,new2025_genuine,1
785646,d91c8a52-697e-4e10-a8cc-6dd4c023d46b,22883,129738,2026,first_quarter,2026-04-20T13:16:34-04:00,unclear,0.95,agreed,established,1
785701,6fd24a47-1880-4feb-942e-531d544d3467,6325,69730,2026,first_quarter,2026-04-20T13:19:02-04:00,relief,0.88,agreed,established,1
785770,cc0db19e-10f5-4628-a84f-341d8831684f,401103237,198275,2026,first_quarter,2026-04-20T13:21:06-04:00,relief,0.9,agreed,established,1
786081,85bfc8d6-b468-4b39-8af3-46a238ccf0f0,401109135,63639,2026,first_quarter,2026-04-20T13:33:54-04:00,unclear,0.4,agreed,new2025_genuine,1
786176,035d7b1b-b2d9-4914-a715-10f65d2ae999,5357,65067,2026,first_quarter,2026-04-20T13:36:47-04:00,unclear,0.5,agreed,new2025_incumbent,1
786431,88f7eda5-a88e-499c-aa0a-a99e83be3efb,82330,171675,2026,first_quarter,2026-04-20T13:46:28-04:00,unclear,0.95,agreed,new2025_genuine,1
786492,2309ddb9-6d4e-4e6c-a131-9754797b8846,37403,146244,2026,first_quarter,2026-04-20T13:49:03-04:00,unclear,0.5,agreed,new2025_incumbent,1
786575,9a98d505-dcad-4cc7-8dcc-0059a8067f6c,308992,183204,2026,first_quarter,2026-04-20T13:52:15-04:00,unclear,0.45,agreed,new2025_incumbent,1
786716,8df2ff7b-5d25-4f76-ae4a-5d5ecb3298cd,46940,154402,2026,first_quarter,2026-04-20T13:58:15-04:00,unclear,0.5,agreed,new2025_genuine,1
786789,fcd997b2-493a-4b22-9807-e550ba7f743a,58055,160433,2026,first_quarter,2026-04-20T14:01:15-04:00,unclear,0.95,agreed,established,1
786802,94a67144-5b1a-4778-aa1d-10bc7c07469b,8316,71356,2026,first_quarter,2026-04-20T14:01:49-04:00,relief,0.9,agreed,entrant2026,1
787016,71000095-0e9d-44a7-8a6c-daa737097a3a,283696,211867,2026,first_quarter,2026-04-20T14:10:29-04:00,unclear,0.5,agreed,established,1
787671,5858441b-c08d-4a36-8098-2706a9fe8886,401107802,56904,2026,first_quarter,2026-04-20T14:33:22-04:00,unclear,0.4,agreed,new2025_incumbent,1
787709,9ba1734b-4c1b-493e-9091-13115529c456,401105511,203773,2026,first_quarter,2026-04-20T14:34:54-04:00,monitoring,0.82,agreed,new2025_genuine,1
787750,73b4a2f1-40a5-4606-b72c-be7701b92113,400320506,189250,2026,first_quarter,2026-04-20T14:36:12-04:00,unclear,0.4,agreed,established,1
787807,15595585-5771-4958-a028-d289b7719f25,401105814,207492,2026,first_quarter,2026-04-20T14:37:34-04:00,unclear,0.95,agreed,established,1
787879,5080ec4a-3746-469b-b0f4-555033ad40ee,31417,138240,2026,first_quarter,2026-04-20T14:39:06-04:00,unclear,0.4,agreed,established,1
787884,49e1fafb-2f60-4a28-bb21-85f11cb23dab,401105259,203474,2026,first_quarter,2026-04-20T14:39:07-04:00,relief,0.6,opus,established,1
787928,2876abcf-e16a-4399-b42a-f3ee5390bd29,401105972,209111,2026,first_quarter,2026-04-20T14:39:53-04:00,unclear,0.95,agreed,new2025_genuine,1
787984,790bd22f-d183-4f1c-b595-b5cc4f763039,401104313,201390,2026,first_quarter,2026-04-20T14:42:19-04:00,unclear,0.95,agreed,established,1
788093,8f9572e1-97d0-43ef-9e4c-65c46c088815,4301,104670,2026,first_quarter,2026-04-20T14:46:00-04:00,unclear,0.95,agreed,new2025_incumbent,1
788128,4e617355-d8bf-40d4-8356-8d4400300c7c,19775,126395,2026,first_quarter,2026-04-20T14:46:48-04:00,relief,0.95,agreed,new2025_incumbent,1
788175,77394627-c66d-4725-8f86-1d59e9826cec,299913,180251,2026,first_quarter,2026-04-20T14:47:45-04:00,unclear,0.4,agreed,new2025_genuine,1
788187,3ff56459-3786-467f-a3f5-950f5a1bf716,32021,139582,2026,first_quarter,2026-04-20T14:48:15-04:00,monitoring,0.9,agreed,new2025_incumbent,1
788616,606a66a6-09a2-408e-9d07-d04c7cd9e801,401103295,64817,2026,first_quarter,2026-04-20T15:03:51-04:00,unclear,0.4,agreed,new2025_incumbent,1
788928,e42af9a8-45fd-4a8a-b231-b24361e94584,401103900,200358,2026,first_quarter,2026-04-20T15:10:51-04:00,unclear,0.95,agreed,new2025_incumbent,1
788993,596376e3-83cd-4c76-9ab9-65b10f24d54f,35800,68879,2026,first_quarter,2026-04-20T15:13:09-04:00,relief,0.6,opus,new2025_incumbent,1
789205,52ac040c-5c59-43cd-80c1-bc9f6976c011,401046942,197256,2026,first_quarter,2026-04-20T15:20:05-04:00,unclear,0.95,agreed,established,1
789233,f4807dd8-afd8-4198-9b1f-4f00358f8f5f,401103295,198477,2026,first_quarter,2026-04-20T15:20:58-04:00,unclear,0.4,agreed,new2025_incumbent,1
789329,f9eeea61-1d2b-46e7-a5fc-269a3cfb3469,401103295,205220,2026,first_quarter,2026-04-20T15:23:29-04:00,unclear,0.4,agreed,new2025_incumbent,1
789374,5cc25986-c40a-46ae-bb84-907750562f85,401109278,66063,2026,first_quarter,2026-04-20T15:25:30-04:00,unclear,0.95,agreed,new2025_genuine,1
789580,e01a4df2-6f47-424d-ace3-6d17ec6ce3c5,400552654,69934,2026,first_quarter,2026-04-20T15:31:51-04:00,unclear,0.95,agreed,new2025_genuine,1
789779,021c2089-affc-40a5-a996-3538c14cbfbb,400944728,196333,2026,first_quarter,2026-04-20T15:37:54-04:00,unclear,0.5,agreed,new2025_genuine,1
789790,8a021485-ef81-4d07-a618-2ab79575f087,24123,131448,2026,first_quarter,2026-04-20T15:38:25-04:00,unclear,0.95,agreed,established,1
789924,415d69da-fa1b-40c5-83aa-26bbe337e961,284790,175443,2026,first_quarter,2026-04-20T15:42:02-04:00,unclear,0.5,agreed,new2025_genuine,1
790252,bd175fa3-5bc6-4687-bf4d-de5fcfc018aa,401104313,69033,2026,first_quarter,2026-04-20T15:53:28-04:00,unclear,0.95,agreed,established,1
790316,12e75bdc-39a5-417e-8549-cb7b712f69ae,401105966,208991,2026,first_quarter,2026-04-20T15:55:24-04:00,unclear,0.6,agreed,new2025_incumbent,1
790611,d1721334-ecc0-464b-a653-81eb6b8f8077,401110011,69401,2026,first_quarter,2026-04-20T16:04:09-04:00,monitoring,0.9,agreed,new2025_genuine,1
790740,8405cee2-334e-414f-9287-cb595ddfa5c6,401109781,69855,2026,first_quarter,2026-04-20T16:07:23-04:00,unclear,0.95,agreed,new2025_genuine,1
790848,6716ebec-ed34-4ed0-96ca-d29c95008f41,54073,158571,2026,first_quarter,2026-04-20T16:09:59-04:00,unclear,0.4,opus,new2025_incumbent,1
790861,90e8dcdc-473f-4cdf-95d4-e6127ec369df,67854,63864,2026,first_quarter,2026-04-20T16:10:04-04:00,unclear,0.55,agreed,established,1
790935,6f4ebeac-0efa-4edc-8892-1e6bf4912581,3867,103709,2026,first_quarter,2026-04-20T16:12:19-04:00,unclear,0.95,agreed,new2025_genuine,1
791083,15219a59-a95e-4538-be1b-e0f88534bf75,6303,108421,2026,first_quarter,2026-04-20T16:16:07-04:00,unclear,0.5,agreed,established,1
791104,84fdd57f-4c72-4db9-8ff2-0ffac0346620,401109416,66035,2026,first_quarter,2026-04-20T16:16:35-04:00,unclear,0.6,agreed,new2025_genuine,1
791109,be812d5d-47c9-4f2c-be5e-a94308d27dd9,401103293,198463,2026,first_quarter,2026-04-20T16:16:47-04:00,unclear,0.5,agreed,new2025_incumbent,1
791157,928236c2-6d59-4e41-9581-133837cd94e9,35263,143852,2026,first_quarter,2026-04-20T16:18:21-04:00,unclear,0.4,agreed,established,1
791176,29bc32ce-7b7d-4a69-b571-70d9a6ec4918,401110396,72043,2026,first_quarter,2026-04-20T16:19:16-04:00,unclear,0.5,agreed,entrant2026,0
791218,e0274b6d-0a3d-4568-b90f-cb6812860878,401104428,72722,2026,first_quarter,2026-04-20T16:20:43-04:00,unclear,0.95,agreed,entrant2026,0
791467,b4893a31-d047-4ff4-be33-fede34eb8860,6597,108802,2026,first_quarter,2026-04-20T16:28:08-04:00,unclear,0.5,agreed,new2025_incumbent,1
791570,fbad5885-a4be-4f7d-a3d3-41b2386ef55d,401103321,57633,2026,first_quarter,2026-04-20T16:32:05-04:00,unclear,0.95,agreed,new2025_genuine,1
791592,45d28268-5a29-404d-8604-33fe9f4f8459,401105597,65582,2026,first_quarter,2026-04-20T16:33:02-04:00,unclear,0.75,agreed,new2025_incumbent,1
791605,5914dab5-a8bc-46f4-a1ce-33338d7d060b,13005,118723,2026,first_quarter,2026-04-20T16:33:27-04:00,unclear,0.5,agreed,established,1
791732,381667db-4992-4a51-87c1-a1b2092ec47b,39267,147139,2026,first_quarter,2026-04-20T16:36:45-04:00,unclear,0.95,agreed,new2025_incumbent,1
792022,e2aad45c-b003-49c0-b171-646d9b561549,6837,109370,2026,first_quarter,2026-04-20T16:45:42-04:00,unclear,0.5,agreed,new2025_incumbent,1
792042,ff07e945-de22-49b3-8190-d97d24ceaa2f,401103779,200127,2026,first_quarter,2026-04-20T16:46:38-04:00,unclear,0.5,agreed,established,1
792150,65b8581a-4b92-4edd-95b3-bda6ecad4856,12675,70050,2026,first_quarter,2026-04-20T16:50:01-04:00,unclear,0.5,agreed,entrant2026,1
792365,1db135f4-b03e-4247-81e4-072c1d967f9a,401110396,72043,2026,first_quarter,2026-04-20T16:58:16-04:00,unclear,0.5,agreed,entrant2026,1
792546,b1a48cc4-fb8c-43ee-a668-68b91d459534,40013096,187767,2026,first_quarter,2026-04-20T17:04:55-04:00,unclear,0.95,agreed,new2025_incumbent,1
792951,ef0fe129-1960-40e3-a85a-2f95433ddf7b,312257,183946,2026,first_quarter,2026-04-20T17:21:17-04:00,unclear,0.5,agreed,entrant2026,1
793352,501ecade-8ec0-42ed-b3eb-59dea1524ea6,401104288,213176,2026,first_quarter,2026-04-20T17:33:32-04:00,unclear,0.5,agreed,established,1
793369,86794944-9c77-4253-9cb7-1d07d153d72d,401108149,58740,2026,first_quarter,2026-04-20T17:33:57-04:00,relief,0.8,opus,established,1
793419,c5415351-270f-4a3b-892e-b2ad11398f0e,292094,177961,2026,first_quarter,2026-04-20T17:35:07-04:00,unclear,0.5,agreed,new2025_genuine,1
793436,c3089b39-3b06-4b53-873e-9ee4739a9568,76992,204675,2026,first_quarter,2026-04-20T17:35:38-04:00,unclear,0.9,agreed,new2025_incumbent,1
793495,a229bfd0-5906-4e09-949f-3e2dab8d1b73,5632,107401,2026,first_quarter,2026-04-20T17:37:48-04:00,monitoring,0.85,agreed,established,1
793664,12926b80-c4fe-448c-9874-4f9a3c1435be,556,100441,2026,first_quarter,2026-04-20T17:43:19-04:00,relief,0.7,opus,established,1
793775,b9a3b6ee-fe55-445b-9b0b-d93501bb2f9b,401107067,53336,2026,first_quarter,2026-04-20T17:48:40-04:00,unclear,0.5,opus,new2025_incumbent,1
794135,8f4e1552-001e-4730-8231-b7a2f6379f2f,35068,143439,2026,first_quarter,2026-04-20T18:05:34-04:00,relief,0.9,agreed,new2025_incumbent,1
795077,44480464-4be7-4ab5-8bd7-b71a14c812a2,401103092,69412,2026,first_quarter,2026-04-20T18:46:34-04:00,unclear,0.5,agreed,new2025_incumbent,1
795444,5ff791c9-7687-4a66-807d-011eba5b3746,401049958,197314,2026,first_quarter,2026-04-20T19:04:43-04:00,unclear,0.95,agreed,new2025_genuine,1
795937,ae90ae1b-c1ce-4799-9965-7acf0f7338c8,401104172,200901,2026,first_quarter,2026-04-20T19:31:28-04:00,unclear,0.5,agreed,established,1
796152,bc58f40c-4bb2-46a3-9ed8-0f048ff063a5,401105139,203282,2026,first_quarter,2026-04-20T19:43:43-04:00,unclear,0.95,agreed,new2025_incumbent,1
796169,2c0814b1-9e57-4e32-854a-bec0784a8d46,401106955,53031,2026,first_quarter,2026-04-20T19:44:57-04:00,unclear,0.9,agreed,new2025_incumbent,1
796328,3fabeb15-5662-4527-8f96-f46ed3383e39,40021,149481,2026,first_quarter,2026-04-20T19:55:49-04:00,monitoring,0.85,agreed,established,1
796358,16f2ea04-c00a-4991-bd6f-095954c7ffb2,401104428,72722,2026,first_quarter,2026-04-20T19:58:12-04:00,unclear,0.95,agreed,entrant2026,1
796552,139f08fb-e286-4ecf-a428-61faee666e81,400794388,195349,2026,first_quarter,2026-04-20T20:12:14-04:00,relief,0.7,opus,established,1
796591,95d28ae5-c76c-4d22-b43e-c2d9bcf8ca4f,56771,159922,2026,first_quarter,2026-04-20T20:13:35-04:00,monitoring,0.6,opus,established,1
796637,1105c2f4-6280-476d-ac6a-f1ea48d52779,30518,135943,2026,first_quarter,2026-04-20T20:15:22-04:00,unclear,0.95,agreed,new2025_incumbent,1
796706,9716bb84-9cd4-4412-8e1e-ab375db18d1a,76992,68558,2026,first_quarter,2026-04-20T20:19:42-04:00,unclear,0.4,agreed,new2025_incumbent,1
797013,60907bbb-68ce-459d-af45-5b35879635c0,24373,132005,2026,first_quarter,2026-04-20T20:39:09-04:00,unclear,0.4,agreed,new2025_genuine,1
797415,0e2b8a5c-b350-4d4a-816b-1d78d4525c54,401105655,68404,2026,first_quarter,2026-04-20T21:05:00-04:00,unclear,0.4,agreed,new2025_genuine,1
797457,3024d5f7-31f5-4a0a-93d5-9a1be183eb4c,401110138,70142,2026,first_quarter,2026-04-20T21:09:05-04:00,unclear,0.95,agreed,new2025_genuine,1
797521,82322207-c559-489a-998a-1a3999410dbb,400670004,193977,2026,first_quarter,2026-04-20T21:12:21-04:00,unclear,0.95,agreed,new2025_incumbent,1
797837,bedecd07-ec3d-4ef4-9eb4-b466efb64082,401108897,61402,2026,first_quarter,2026-04-20T21:46:07-04:00,unclear,0.95,agreed,new2025_genuine,1
797888,1f343e40-1a38-4163-acce-a25895d1c14c,18466,68977,2026,first_quarter,2026-04-20T21:52:53-04:00,relief,0.88,agreed,new2025_incumbent,1
797911,865347d8-dc1d-41e6-b374-7f451b6af311,401103523,199330,2026,first_quarter,2026-04-20T21:55:39-04:00,relief,0.8,opus,established,1
797944,f7f79a77-db03-4b3a-83a5-1ddc4ee0f764,401107157,53729,2026,first_quarter,2026-04-20T22:00:32-04:00,unclear,0.95,agreed,established,1
798029,96dd7cf2-a17d-4582-a738-320e214b7ed7,18466,69512,2026,first_quarter,2026-04-20T22:15:52-04:00,unclear,0.5,agreed,new2025_incumbent,1
798137,4bcb3254-bfe1-4759-8753-8957c10b6a7f,18466,68900,2026,first_quarter,2026-04-20T22:28:48-04:00,unclear,0.4,agreed,new2025_incumbent,1
798169,1d8b89da-7679-49ec-8ebc-b7e48ede90a9,21632,72108,2026,first_quarter,2026-04-20T22:31:43-04:00,unclear,0.5,agreed,established,1
798208,fc28b70c-b734-4e09-b930-8cb0013aec7f,18466,52206,2026,first_quarter,2026-04-20T22:36:37-04:00,unclear,0.5,agreed,new2025_incumbent,1
798318,20e5bea6-3a48-43af-90dc-cfd31459945e,401103897,200355,2026,first_quarter,2026-04-20T22:52:05-04:00,relief,0.85,agreed,established,1
798466,2350d00e-4de5-41a6-98da-03cbff5ec6d0,401105417,203687,2026,first_quarter,2026-04-20T23:09:15-04:00,unclear,0.4,opus,established,1
798474,8c78b2f9-4ef8-4243-b5b3-a0d1a25a8d4f,401105417,59644,2026,first_quarter,2026-04-20T23:09:40-04:00,unclear,0.8,agreed,established,1
798484,d35354cc-db0a-4eea-a970-a913f853fd20,401105417,213730,2026,first_quarter,2026-04-20T23:10:15-04:00,unclear,0.95,agreed,established,1
798522,4f513a3f-e1e2-4c28-b601-254477763836,401105417,203681,2026,first_quarter,2026-04-20T23:14:56-04:00,unclear,0.95,agreed,established,1
798529,31740a4f-9d7d-43c3-9a37-139617bf99a5,401105417,65566,2026,first_quarter,2026-04-20T23:15:36-04:00,unclear,0.95,agreed,established,1
798670,d256c3b6-f9c0-4a04-8da5-85662a362152,401105417,55335,2026,first_quarter,2026-04-20T23:32:10-04:00,unclear,0.95,agreed,established,1
798731,2e5111ae-9657-48c1-934e-2bef60b1bf26,401105417,203674,2026,first_quarter,2026-04-20T23:38:56-04:00,unclear,0.95,agreed,established,1
798803,ba67066d-7870-4490-95ba-ec39f38538d8,401105417,66694,2026,first_quarter,2026-04-20T23:47:12-04:00,unclear,0.85,agreed,established,1
798913,69daba32-2a2c-4146-afcf-7019d4eefe51,401105417,205637,2026,first_quarter,2026-04-21T00:12:40-04:00,unclear,0.8,agreed,established,1
798950,abe6bc97-895e-474f-8d29-6fdfc71e5ab0,401105417,203654,2026,first_quarter,2026-04-21T00:22:53-04:00,unclear,0.9,agreed,established,1
